+Articles 	 shAnkara-darshanam/tattvam/vishvAsaH/errors_fraud/forgery/articles/
+Errors & fraud 	 shAnkara-darshanam/tattvam/vishvAsaH/errors_fraud/
+Forgery 	 shAnkara-darshanam/tattvam/vishvAsaH/errors_fraud/forgery/
+तत्त्वम् 	 shAnkara-darshanam/tattvam/
+ब्राह्मः 	 
+विश्वासः 	 shAnkara-darshanam/tattvam/vishvAsaH/
+शाङ्कर-दर्शनम् 	 shAnkara-darshanam/
Vaṇśaṭhakōpadayā 	 shAnkara-darshanam/tattvam/vishvAsaH/errors_fraud/forgery/articles/2026-07-04_upaniShads-how-many-what-are-they/
dAra-shikoH list 	 shAnkara-darshanam/tattvam/vishvAsaH/errors_fraud/forgery/articles/dAra-shikoH-list/
 	 nAnaka-mArgaH/kAvyam/
'A Guideline for a Spiritual Life 	 shAnkara-darshanam/tattvam/en/sundararajan-mohan/a-guideline-for-a-spiritual-life/
'A tiny drop of water' 	 shAnkara-darshanam/tattvam/en/dhanya/a-tiny-drop-of-water/
'Atma Vichara' 	 shAnkara-darshanam/tattvam/en/matthew-west/atma-vichara/
'Levels' of Mind and Consciousness 	 shAnkara-darshanam/tattvam/en/david-spero/levels-of-mind-and-consciousness/
'Pointers from the Stars' 	 shAnkara-darshanam/tattvam/en/maren-springsteen/pointers-from-the-stars/
'Sailor' Bob Adamson 	 shAnkara-darshanam/tattvam/en/sailor-bob-adamson/
'The Transparency of Things' - Rupert Spira - Book Review 	 shAnkara-darshanam/tattvam/en/dennis-waite/the-transparency-of-things-rupert-spira-book-review/
+0 	 shAnkara-darshanam/tattvam/articles/satyanArAyaNa-shAstrI/let_go/0/
+0 	 shAnkara-darshanam/tattvam/sachchidAnandendraH/mUlAvidyA-nirAsaH/0/
+0 	 shAnkara-darshanam/tattvam/shankaraH/brahma-sUtrANi/sachchidAnandendraH/v1/0/
+० 	 shAnkara-darshanam/tattvam/shankaraH/brahma-sUtrANi/thibaut/0/
+०१ 	 shAnkara-darshanam/tattvam/appayyaH/nyAya-raxA-maNiH/01/
+०१ 	 shAnkara-darshanam/tattvam/shankaraH/brahma-sUtrANi/sarva-prastutiH/01/01/
+०१ 	 shAnkara-darshanam/tattvam/shankaraH/brahma-sUtrANi/sarva-prastutiH/01/
+०१ 	 shAnkara-darshanam/tattvam/shankaraH/brahma-sUtrANi/sarva-prastutiH/02/01/
+०१ 	 shAnkara-darshanam/tattvam/shankaraH/brahma-sUtrANi/sarva-prastutiH/03/01/
+०१ 	 shAnkara-darshanam/tattvam/shankaraH/brahma-sUtrANi/sarva-prastutiH/04/01/
+०१ 	 shAnkara-darshanam/tattvam/shankaraH/brahma-sUtrANi/vAchaspati-mishra-bhAmatI/01/
+०१ Pre-rAga 	 nAnaka-mArgaH/guru-granthaH/sarva-prastutiH/01_pre-rAga/
+01 SIDDHĀNTA - THEORY 	 shAnkara-darshanam/tattvam/articles/satyanArAyaNa-shAstrI/let_go/01_siddhAnta_-_THEORY/
+०१ अद्वैत वेदान्त 	 articles/saMskRta-vANmaya-bRhad-itihAsa_10_vedAnta/01_advaita_vedAnta/
+०१ भगवद्गीता 	 articles/saMskRta-vANmaya-bRhad-itihAsa_10_vedAnta/04_gItA_aura_yogavAsiShTha/01_bhagavadgItA/
+०१ वैष्णव मत 	 articles/saMskRta-vANmaya-bRhad-itihAsa_10_vedAnta/02_vishiShTAdvaitavAda/01_vaiShNava_mata/
+०१ श्रीमच्छङ्कर ब्रह्मसूत्रभाष्यम् 	 shAnkara-darshanam/tattvam/shankaraH/brahma-sUtrANi/dvaita-xetra-prastutiH/
+०२ 	 shAnkara-darshanam/tattvam/shankaraH/brahma-sUtrANi/sarva-prastutiH/01/02/
+०२ 	 shAnkara-darshanam/tattvam/shankaraH/brahma-sUtrANi/sarva-prastutiH/02/02/
+०२ 	 shAnkara-darshanam/tattvam/shankaraH/brahma-sUtrANi/sarva-prastutiH/02/
+०२ 	 shAnkara-darshanam/tattvam/shankaraH/brahma-sUtrANi/sarva-prastutiH/03/02/
+०२ 	 shAnkara-darshanam/tattvam/shankaraH/brahma-sUtrANi/sarva-prastutiH/04/02/
+०२ 	 shAnkara-darshanam/tattvam/shankaraH/brahma-sUtrANi/vAchaspati-mishra-bhAmatI/02/
+02 METHODS OF SĀDHANA 	 shAnkara-darshanam/tattvam/articles/satyanArAyaNa-shAstrI/let_go/02_sAdhana_-_PRACTICE/02_METHODS_OF_sAdhana/
+02 SĀDHANA - PRACTICE 	 shAnkara-darshanam/tattvam/articles/satyanArAyaNa-shAstrI/let_go/02_sAdhana_-_PRACTICE/
+०२ प्रथमोऽध्यायः 	 shAnkara-darshanam/tattvam/shankaraH/brahma-sUtrANi/dvaita-xetra-prastutiH/02_prathamo-dhyAyaH/
+०२ माझ 	 nAnaka-mArgaH/guru-granthaH/sarva-prastutiH/02_rAga/02_mAjha/
+०२ राग 	 nAnaka-mArgaH/guru-granthaH/sarva-prastutiH/02_rAga/
+०२ विशिष्टाद्वैतवाद 	 articles/saMskRta-vANmaya-bRhad-itihAsa_10_vedAnta/02_vishiShTAdvaitavAda/
+०२ शैव मत 	 articles/saMskRta-vANmaya-bRhad-itihAsa_10_vedAnta/02_vishiShTAdvaitavAda/02_shaiva_mata/
+०३ 	 shAnkara-darshanam/tattvam/shankaraH/brahma-sUtrANi/sarva-prastutiH/01/03/
+०३ 	 shAnkara-darshanam/tattvam/shankaraH/brahma-sUtrANi/sarva-prastutiH/02/03/
+०३ 	 shAnkara-darshanam/tattvam/shankaraH/brahma-sUtrANi/sarva-prastutiH/03/03/
+०३ 	 shAnkara-darshanam/tattvam/shankaraH/brahma-sUtrANi/sarva-prastutiH/03/
+०३ 	 shAnkara-darshanam/tattvam/shankaraH/brahma-sUtrANi/sarva-prastutiH/04/03/
+०३ 	 shAnkara-darshanam/tattvam/shankaraH/brahma-sUtrANi/vAchaspati-mishra-bhAmatI/03/
+03 A FEW GEMS FROM GAUḌAPĀDA 	 shAnkara-darshanam/tattvam/articles/satyanArAyaNa-shAstrI/let_go/03_LECTURES_ON_mAnDUkya_upaniShad/03_A_FEW_GEMS_FROM_gauDapAda/
+03 LECTURES ON MĀNḌŪKYA UPANIṣAD 	 shAnkara-darshanam/tattvam/articles/satyanArAyaNa-shAstrI/let_go/03_LECTURES_ON_mAnDUkya_upaniShad/
+03 SUKHA-DUḤKHA PARĪKṣA 	 shAnkara-darshanam/tattvam/articles/satyanArAyaNa-shAstrI/let_go/01_siddhAnta_-_THEORY/03_sukha-dukha_parIxa/
+०३ गउड़ी 	 nAnaka-mArgaH/guru-granthaH/sarva-prastutiH/02_rAga/03_gau.DI/
+०३ सेश्वर वेदान्त 	 articles/saMskRta-vANmaya-bRhad-itihAsa_10_vedAnta/03_seshvara_vedAnta/
+०४ 	 shAnkara-darshanam/tattvam/shankaraH/brahma-sUtrANi/sarva-prastutiH/01/04/
+०४ 	 shAnkara-darshanam/tattvam/shankaraH/brahma-sUtrANi/sarva-prastutiH/02/04/
+०४ 	 shAnkara-darshanam/tattvam/shankaraH/brahma-sUtrANi/sarva-prastutiH/03/04/
+०४ 	 shAnkara-darshanam/tattvam/shankaraH/brahma-sUtrANi/sarva-prastutiH/04/04/
+०४ 	 shAnkara-darshanam/tattvam/shankaraH/brahma-sUtrANi/sarva-prastutiH/04/
+०४ 	 shAnkara-darshanam/tattvam/shankaraH/brahma-sUtrANi/vAchaspati-mishra-bhAmatI/04/
+०४ आसा 	 nAnaka-mArgaH/guru-granthaH/sarva-prastutiH/02_rAga/04_AsA/
+०४ गीता और योगवासिष्ठ 	 articles/saMskRta-vANmaya-bRhad-itihAsa_10_vedAnta/04_gItA_aura_yogavAsiShTha/
+१ 	 shAnkara-darshanam/tattvam/shankaraH/brahma-sUtrANi/mUlam/1/1/
+१ 	 shAnkara-darshanam/tattvam/shankaraH/brahma-sUtrANi/mUlam/1/
+१ 	 shAnkara-darshanam/tattvam/shankaraH/brahma-sUtrANi/mUlam/2/1/
+१ 	 shAnkara-darshanam/tattvam/shankaraH/brahma-sUtrANi/mUlam/3/1/
+१ 	 shAnkara-darshanam/tattvam/shankaraH/brahma-sUtrANi/mUlam/4/1/
+१ 	 shAnkara-darshanam/tattvam/shankaraH/brahma-sUtrANi/thibaut/1/1/
+१ 	 shAnkara-darshanam/tattvam/shankaraH/brahma-sUtrANi/thibaut/1/
+१ 	 shAnkara-darshanam/tattvam/shankaraH/brahma-sUtrANi/thibaut/2/1/
+१ 	 shAnkara-darshanam/tattvam/shankaraH/brahma-sUtrANi/thibaut/3/1/
+१ 	 shAnkara-darshanam/tattvam/shankaraH/brahma-sUtrANi/thibaut/4/1/
+१ 	 yoga-vAsiShTha-shAstram/Ananda-bodhendra-TIkA/6_nirvANa-prakaraNam/1/
+೧ 	 shAnkara-darshanam/tattvam/shankaraH/brahma-sUtrANi/sachchidAnandendraH/v1/1/
+१ वैराग्य-प्रकरणम् 	 yoga-vAsiShTha-shAstram/Ananda-bodhendra-TIkA/1_vairAgya-prakaraNam/
+१२०-सङ्ग्रहः 	 upaniShat/120-sangrahaH/
+२ 	 shAnkara-darshanam/tattvam/madhu-sUdana-sarasvatI/advaita-siddhiH/2/
+२ 	 shAnkara-darshanam/tattvam/shankaraH/brahma-sUtrANi/mUlam/1/2/
+२ 	 shAnkara-darshanam/tattvam/shankaraH/brahma-sUtrANi/mUlam/2/2/
+२ 	 shAnkara-darshanam/tattvam/shankaraH/brahma-sUtrANi/mUlam/2/
+२ 	 shAnkara-darshanam/tattvam/shankaraH/brahma-sUtrANi/mUlam/3/2/
+२ 	 shAnkara-darshanam/tattvam/shankaraH/brahma-sUtrANi/mUlam/4/2/
+२ 	 shAnkara-darshanam/tattvam/shankaraH/brahma-sUtrANi/thibaut/1/2/
+२ 	 shAnkara-darshanam/tattvam/shankaraH/brahma-sUtrANi/thibaut/2/2/
+२ 	 shAnkara-darshanam/tattvam/shankaraH/brahma-sUtrANi/thibaut/2/
+२ 	 shAnkara-darshanam/tattvam/shankaraH/brahma-sUtrANi/thibaut/3/2/
+२ 	 shAnkara-darshanam/tattvam/shankaraH/brahma-sUtrANi/thibaut/4/2/
+२ 	 yoga-vAsiShTha-shAstram/Ananda-bodhendra-TIkA/6_nirvANa-prakaraNam/2/
+೨ 	 shAnkara-darshanam/tattvam/shankaraH/brahma-sUtrANi/sachchidAnandendraH/v1/2/
+२ मुमुक्षु-व्यवहार-प्रकरणम् 	 yoga-vAsiShTha-shAstram/Ananda-bodhendra-TIkA/2_mumuxu-vyavahAra-prakaraNam/
+३ 	 shAnkara-darshanam/tattvam/shankaraH/brahma-sUtrANi/mUlam/1/3/
+३ 	 shAnkara-darshanam/tattvam/shankaraH/brahma-sUtrANi/mUlam/2/3/
+३ 	 shAnkara-darshanam/tattvam/shankaraH/brahma-sUtrANi/mUlam/3/3/
+३ 	 shAnkara-darshanam/tattvam/shankaraH/brahma-sUtrANi/mUlam/3/
+३ 	 shAnkara-darshanam/tattvam/shankaraH/brahma-sUtrANi/mUlam/4/3/
+३ 	 shAnkara-darshanam/tattvam/shankaraH/brahma-sUtrANi/thibaut/1/3/
+३ 	 shAnkara-darshanam/tattvam/shankaraH/brahma-sUtrANi/thibaut/2/3/
+३ 	 shAnkara-darshanam/tattvam/shankaraH/brahma-sUtrANi/thibaut/3/3/
+३ 	 shAnkara-darshanam/tattvam/shankaraH/brahma-sUtrANi/thibaut/3/
+३ 	 shAnkara-darshanam/tattvam/shankaraH/brahma-sUtrANi/thibaut/4/3/
+३ उत्पत्तिप्रकरणम् 	 yoga-vAsiShTha-shAstram/Ananda-bodhendra-TIkA/3_utpattiprakaraNam/
+४ 	 shAnkara-darshanam/tattvam/shankaraH/brahma-sUtrANi/mUlam/1/4/
+४ 	 shAnkara-darshanam/tattvam/shankaraH/brahma-sUtrANi/mUlam/2/4/
+४ 	 shAnkara-darshanam/tattvam/shankaraH/brahma-sUtrANi/mUlam/3/4/
+४ 	 shAnkara-darshanam/tattvam/shankaraH/brahma-sUtrANi/mUlam/4/4/
+४ 	 shAnkara-darshanam/tattvam/shankaraH/brahma-sUtrANi/mUlam/4/
+४ 	 shAnkara-darshanam/tattvam/shankaraH/brahma-sUtrANi/thibaut/1/4/
+४ 	 shAnkara-darshanam/tattvam/shankaraH/brahma-sUtrANi/thibaut/2/4/
+४ 	 shAnkara-darshanam/tattvam/shankaraH/brahma-sUtrANi/thibaut/3/4/
+४ 	 shAnkara-darshanam/tattvam/shankaraH/brahma-sUtrANi/thibaut/4/4/
+४ 	 shAnkara-darshanam/tattvam/shankaraH/brahma-sUtrANi/thibaut/4/
+४ स्थिति-प्रकरणम् 	 yoga-vAsiShTha-shAstram/Ananda-bodhendra-TIkA/4_sthiti-prakaraNam/
+५ उपशम-प्रकरणम् 	 yoga-vAsiShTha-shAstram/Ananda-bodhendra-TIkA/5_upashama-prakaraNam/
+६ निर्वाण-प्रकरणम् 	 yoga-vAsiShTha-shAstram/Ananda-bodhendra-TIkA/6_nirvANa-prakaraNam/
+Anti-hindu patterns 	 nAnaka-mArgaH/paramparA/sikhism/Anti-hindu_patterns/
+Articles 	 articles/
+Articles 	 nAnaka-mArgaH/articles/
+Articles 	 nAnaka-mArgaH/paramparA/sikhism/Anti-hindu_patterns/articles/
+Articles 	 nAnaka-mArgaH/paramparA/sikhism/articles/
+Articles 	 shAnkara-darshanam/paramparA/articles/
+Articles 	 shAnkara-darshanam/paramparA/maThaH/articles/
+Articles 	 shAnkara-darshanam/tattvam/articles/
+Articles 	 shAnkara-darshanam/tattvam/shankaraH/brahma-sUtrANi/articles/
+Articles 	 yoga-vAsiShTha-shAstram/articles/
+Ashtavakra Samhita 	 shAnkara-darshanam/tattvam/articles/satyanArAyaNa-shAstrI/garaNi-rAdhAkRShNaH/english-articles/Ashtavakra_Samhita/
+Colwell 	 shAnkara-darshanam/tattvam/mAdhava-sarva-darshana-sangrahaH/en/colwell/
+En 	 shAnkara-darshanam/tattvam/en/
+En - Tapasyananda 	 shAnkara-darshanam/kAvaym/padyam/shankara-digvijayaH/mAdhavIyaH/en_tapasyAnanda/
+English articles 	 shAnkara-darshanam/tattvam/articles/satyanArAyaNa-shAstrI/garaNi-rAdhAkRShNaH/english-articles/
+GA 	 shAnkara-darshanam/paramparA/maThaH/articles/GA/
+Hi 	 shAnkara-darshanam/tattvam/mAdhava-sarva-darshana-sangrahaH/hi/
+kriyA 	 nAnaka-mArgaH/kriyA/
+Let go 	 shAnkara-darshanam/tattvam/articles/satyanArAyaNa-shAstrI/let_go/
+Meta 	 shAnkara-darshanam/tattvam/mAdhava-sarva-darshana-sangrahaH/en/colwell/meta/
+Misadvertisement 	 shAnkara-darshanam/tattvam/vishvAsaH/misadvertisement/
+Motivation 	 shAnkara-darshanam/tattvam/vishvAsaH/errors_fraud/motivation/
+Not acking errors 	 shAnkara-darshanam/tattvam/vishvAsaH/errors_fraud/not-acking-errors/
+ravilochana 	 shAnkara-darshanam/tattvam/ravilochanaH/
+Sikhism 	 nAnaka-mArgaH/paramparA/sikhism/
+Talks 	 yoga-vAsiShTha-shAstram/articles/satyanArAyaNa-shAstrI/talks/
+v1 	 shAnkara-darshanam/tattvam/shankaraH/brahma-sUtrANi/sachchidAnandendraH/v1/
+अड्यार्-सङ्कलनम् 	 upaniShat/aDyAr-sankalanam/
+अद्वैत-सिद्धिः 	 shAnkara-darshanam/tattvam/madhu-sUdana-sarasvatI/advaita-siddhiH/
+अधि-ग्रन्थम् 	 shAnkara-darshanam/kAvaym/padyam/shankara-digvijayaH/mAdhavIyaH/meta/
+अधिशङ्करम् 	 shAnkara-darshanam/tattvam/shankaraH/meta/
+अप्पय्यः 	 shAnkara-darshanam/tattvam/appayyaH/
+अभिनन्द आत्मसुख 	 mukta-bodha-mUlam/abhinanda_Atmasukha/
+अष्टावक्रगीता 	 aShTAvakra-gItA/
+आनन्द-ज्ञाण-न्याय-निर्णयः 	 shAnkara-darshanam/tattvam/shankaraH/brahma-sUtrANi/Ananda-jnANa-nyAya-nirNayaH/
+आनन्दगिरिः 	 shAnkara-darshanam/kAvaym/padyam/shankara-digvijayaH/AnandagiriH/
+आनन्दबोधेन्द्र-टीका 	 yoga-vAsiShTha-shAstram/Ananda-bodhendra-TIkA/
+आर्य-समाजः 	 Arya-samAjaH/
+ईश्वरदत्त-विद्यालङ्कारः 	 Arya-samAjaH/Ishvaradatta-vidyAlankAraH/
+उङ्क्नोव्न् 	 mukta-bodha-mUlam/unknown/
+उङ्क्नोव्न् आनन्दबोधेन्द्र 	 mukta-bodha-mUlam/unknown_Anandabodhendra/
+उपनिषत् 	 upaniShat/
+एन् 	 shAnkara-darshanam/tattvam/mAdhava-sarva-darshana-sangrahaH/en/
+काव्यम् 	 shAnkara-darshanam/kAvaym/
+कुलकरणि-देवरावः 	 shAnkara-darshanam/tattvam/sachchidAnandendraH/kulakaraNi-devarAvaH/
+कृष्णमिश्रः 	 shAnkara-darshanam/kAvaym/rUpakam/kRShNamishraH/
+कृष्णानन्दतीर्थः - शास्त्र-सिद्धान्त-लेश-सङ्ग्रहः 	 shAnkara-darshanam/tattvam/prakIrNam/kRShNAnanda-tIrtha-shAstra-siddhAnta-lesha-sangrahaH/
+क्रिया 	 shAnkara-darshanam/kriyA/
+गणपतिमुनिः 	 shAnkara-darshanam/tattvam/ramaNaH/gaNapatimuniH/
+गुरुग्रन्थः 	 nAnaka-mArgaH/guru-granthaH/
+चक्किल-वेङ्कटेशः 	 shAnkara-darshanam/tattvam/vishvAsaH/errors_fraud/chakkilam-venkaTesh/
+चप्तेर् इन्त्रो 	 shAnkara-darshanam/tattvam/shankaraH/brahma-sUtrANi/thibaut/0/chapter_intro/
+चित्राणि 	 Arya-samAjaH/images/
+चित्राणि 	 shAnkara-darshanam/tattvam/shankaraH/meta/images/
+चित्राणि 	 shAnkara-darshanam/tattvam/vishvAsaH/errors_fraud/images/
+तोटकः 	 shAnkara-darshanam/tattvam/prakIrNam/toTakaH/
+थिबौत् 	 shAnkara-darshanam/tattvam/shankaraH/brahma-sUtrANi/thibaut/
+नानकमार्गः 	 nAnaka-mArgaH/
+नारायणास्त्र-वृन्दम् 	 shAnkara-darshanam/tattvam/nArAyaNAstra-vRndam/
+न्यायरक्षामणिः 	 shAnkara-darshanam/tattvam/appayyaH/nyAya-raxA-maNiH/
+पञ्च-पादिका 	 shAnkara-darshanam/tattvam/shankaraH/brahma-sUtrANi/pancha-pAdikA/
+पद्यम् 	 shAnkara-darshanam/kAvaym/padyam/
+परम्परा 	 nAnaka-mArgaH/paramparA/
+परम्परा 	 shAnkara-darshanam/paramparA/
+प्रकरण-ग्रन्थः 	 shAnkara-darshanam/tattvam/shankaraH/prakaraNa-granthaH/
+प्रकीर्णम् 	 shAnkara-darshanam/tattvam/prakIrNam/
+प्रतोषः 	 shAnkara-darshanam/tattvam/pratoShaH/
+प्रस्थान-भेदः 	 shAnkara-darshanam/tattvam/madhu-sUdana-sarasvatI/
+बॆल्लंकॊण्ड-राम-रायः 	 shAnkara-darshanam/tattvam/bellamkoNDa-rAma-rAyaH/
+ब्रह्म-सूत्राणि 	 shAnkara-darshanam/tattvam/shankaraH/brahma-sUtrANi/
+भगवानहमसायोगिः 	 hamsa-yogI/
+भट्टोजी-तत्त्व-कौस्तुभः 	 shAnkara-darshanam/tattvam/prakIrNam/bhaTTojI-tattva-kaustubhaH/
+भामती 	 shAnkara-darshanam/tattvam/shankaraH/brahma-sUtrANi/vAchaspati-mishra-bhAmatI/
+मठः 	 shAnkara-darshanam/paramparA/maThaH/
+मठद-हृषीकेशः 	 shAnkara-darshanam/kriyA/maThada-hRShIkeshaH/
+मधु-सूदन-सरस्वती 	 shAnkara-darshanam/tattvam/madhu-sUdana-sarasvatI/prasthAna-bhedaH/
+महता रामचन्द्र जी शास्त्री 	 Arya-samAjaH/mahatA_rAmachandra_jI_shAstrI/
+माधवः - विद्यारण्यः 	 shAnkara-darshanam/tattvam/mAdhava-vidyAraNyaH/
+माधव-सर्व-दर्शन-सङ्ग्रहः 	 shAnkara-darshanam/tattvam/mAdhava-sarva-darshana-sangrahaH/
+माधवीयः 	 shAnkara-darshanam/kAvaym/padyam/shankara-digvijayaH/mAdhavIyaH/
+मानेशिण्डे-नटराजः 	 shAnkara-darshanam/paramparA/articles/mAneshiNDe-naTarAjaH/
+मुक्त-बोध-मूलम् 	 mukta-bodha-mUlam/
+मूलम् 	 shAnkara-darshanam/tattvam/appayyaH/siddhAnta-lesha-sangrahaH/mUlam/
+मूलम् 	 shAnkara-darshanam/tattvam/shankaraH/brahma-sUtrANi/mUlam/
+मूलाविद्यानिरासः 	 shAnkara-darshanam/tattvam/sachchidAnandendraH/mUlAvidyA-nirAsaH/
+योग-वासिष्ठ-शास्त्रम् 	 yoga-vAsiShTha-shAstram/
+रमणः 	 shAnkara-darshanam/tattvam/ramaNaH/
+राम-सुब्ब-शास्त्री 	 shAnkara-darshanam/tattvam/rAma-subba-shAstrI/
+रामानन्द-भाष्य-रत्न-प्रभा 	 shAnkara-darshanam/tattvam/shankaraH/brahma-sUtrANi/rAmAnanda-bhAShya-ratna-prabhA/
+रूपकम् 	 shAnkara-darshanam/kAvaym/rUpakam/
+वल्मिकि 	 mukta-bodha-mUlam/valmiki/
+विद्याशङ्करः 	 shAnkara-darshanam/paramparA/maThaH/articles/vidyAshankaraH/
+शङ्करः 	 shAnkara-darshanam/tattvam/shankaraH/
+शङ्कर-दिग्विजयः 	 shAnkara-darshanam/kAvaym/padyam/shankara-digvijayaH/
+श्रीपादशास्त्री हसूरकर 	 nAnaka-mArgaH/paramparA/shrIpAdashAstrI_hasUrakara/
+सच्चिदानन्देन्द्रः 	 shAnkara-darshanam/tattvam/sachchidAnandendraH/
+सच्चिदानन्देन्द्रः 	 shAnkara-darshanam/tattvam/shankaraH/brahma-sUtrANi/sachchidAnandendraH/
+सत्यनारायण-शास्त्री 	 shAnkara-darshanam/tattvam/articles/satyanArAyaNa-shAstrI/
+सत्यनारायण-शास्त्री 	 yoga-vAsiShTha-shAstram/articles/satyanArAyaNa-shAstrI/
+सर्व-प्रस्तुतिः 	 aShTAvakra-gItA/sarva-prastutiH/
+सर्व-प्रस्तुतिः 	 nAnaka-mArgaH/guru-granthaH/sarva-prastutiH/
+सर्व-प्रस्तुतिः 	 shAnkara-darshanam/kAvaym/padyam/shankara-digvijayaH/mAdhavIyaH/sarva-prastutiH/
+सर्व-प्रस्तुतिः 	 shAnkara-darshanam/tattvam/shankaraH/brahma-sUtrANi/sarva-prastutiH/
+सर्व-प्रस्तुतिह् 	 shAnkara-darshanam/tattvam/prakIrNam/kRShNAnanda-tIrtha-shAstra-siddhAnta-lesha-sangrahaH/sarva-prastutiH/
+संस्कृत-वाङ्मय का बृहद इतिहास १० वेदान्त 	 articles/saMskRta-vANmaya-bRhad-itihAsa_10_vedAnta/
+हरि-हराभेदः 	 shAnkara-darshanam/tattvam/vishvAsaH/misadvertisement/hari-harAbhedaH/
+हरिहरैक्यम् 	 shAnkara-darshanam/tattvam/nArAyaNAstra-vRndam/hari-haraikyam/
+ಗೀತಾ ಮಣಿ ಮಾಲೆ 	 shAnkara-darshanam/tattvam/articles/satyanArAyaNa-shAstrI/garaNi-rAdhAkRShNaH/ramaNa/gItA_maNi_mAle/
+ರಮಣ 	 shAnkara-darshanam/tattvam/articles/satyanArAyaNa-shAstrI/garaNi-rAdhAkRShNaH/ramaNa/
+ರಮಣ ಗೀತಾ 	 shAnkara-darshanam/tattvam/articles/satyanArAyaNa-shAstrI/garaNi-rAdhAkRShNaH/ramaNa/ramaNa_gItA/
+ರಮಣ ಮಹರ್ಷಿಗಳೊಡನೆ ಸಂವಾದ 	 shAnkara-darshanam/tattvam/articles/satyanArAyaNa-shAstrI/garaNi-rAdhAkRShNaH/ramaNa/ramaNa_maharShigaLoDane_saMvAda/
० 	 shAnkara-darshanam/tattvam/prakIrNam/bhaTTojI-tattva-kaustubhaH/0/
0 Meta 	 shAnkara-darshanam/tattvam/articles/satyanArAyaNa-shAstrI/garaNi-rAdhAkRShNaH/english-articles/Ashtavakra_Samhita/0_Meta/
० अध्यास-भाष्यम् 	 shAnkara-darshanam/tattvam/shankaraH/brahma-sUtrANi/sarva-prastutiH/0_adhyAsa-bhAShyam/
00 	 shAnkara-darshanam/kAvaym/padyam/shankara-digvijayaH/mAdhavIyaH/en_tapasyAnanda/00/
०० 	 shAnkara-darshanam/tattvam/mAdhava-sarva-darshana-sangrahaH/00/
00 Preface 	 shAnkara-darshanam/tattvam/mAdhava-sarva-darshana-sangrahaH/en/colwell/meta/00/
00 Prologue 	 shAnkara-darshanam/tattvam/mAdhava-sarva-darshana-sangrahaH/en/colwell/00/
०० मूलमन्त्र 	 nAnaka-mArgaH/guru-granthaH/sarva-prastutiH/01_pre-rAga/00_mUlamantra/
००१ 	 yoga-vAsiShTha-shAstram/Ananda-bodhendra-TIkA/3_utpattiprakaraNam/001/
००१ 	 yoga-vAsiShTha-shAstram/Ananda-bodhendra-TIkA/6_nirvANa-prakaraNam/1/001/
००१ 	 yoga-vAsiShTha-shAstram/Ananda-bodhendra-TIkA/6_nirvANa-prakaraNam/2/001/
००२ 	 yoga-vAsiShTha-shAstram/Ananda-bodhendra-TIkA/3_utpattiprakaraNam/002/
००२ 	 yoga-vAsiShTha-shAstram/Ananda-bodhendra-TIkA/6_nirvANa-prakaraNam/1/002/
००२ 	 yoga-vAsiShTha-shAstram/Ananda-bodhendra-TIkA/6_nirvANa-prakaraNam/2/002/
००३ 	 yoga-vAsiShTha-shAstram/Ananda-bodhendra-TIkA/3_utpattiprakaraNam/003/
००३ 	 yoga-vAsiShTha-shAstram/Ananda-bodhendra-TIkA/6_nirvANa-prakaraNam/1/003/
००३ 	 yoga-vAsiShTha-shAstram/Ananda-bodhendra-TIkA/6_nirvANa-prakaraNam/2/003/
००४ 	 yoga-vAsiShTha-shAstram/Ananda-bodhendra-TIkA/3_utpattiprakaraNam/004/
००४ 	 yoga-vAsiShTha-shAstram/Ananda-bodhendra-TIkA/6_nirvANa-prakaraNam/1/004/
००४ 	 yoga-vAsiShTha-shAstram/Ananda-bodhendra-TIkA/6_nirvANa-prakaraNam/2/004/
००५ 	 yoga-vAsiShTha-shAstram/Ananda-bodhendra-TIkA/3_utpattiprakaraNam/005/
००५ 	 yoga-vAsiShTha-shAstram/Ananda-bodhendra-TIkA/6_nirvANa-prakaraNam/1/005/
००५ 	 yoga-vAsiShTha-shAstram/Ananda-bodhendra-TIkA/6_nirvANa-prakaraNam/2/005/
००६ 	 yoga-vAsiShTha-shAstram/Ananda-bodhendra-TIkA/3_utpattiprakaraNam/006/
००६ 	 yoga-vAsiShTha-shAstram/Ananda-bodhendra-TIkA/6_nirvANa-prakaraNam/1/006/
००६ 	 yoga-vAsiShTha-shAstram/Ananda-bodhendra-TIkA/6_nirvANa-prakaraNam/2/006/
००७ 	 yoga-vAsiShTha-shAstram/Ananda-bodhendra-TIkA/3_utpattiprakaraNam/007/
००७ 	 yoga-vAsiShTha-shAstram/Ananda-bodhendra-TIkA/6_nirvANa-prakaraNam/1/007/
००८ 	 yoga-vAsiShTha-shAstram/Ananda-bodhendra-TIkA/3_utpattiprakaraNam/008/
००८ 	 yoga-vAsiShTha-shAstram/Ananda-bodhendra-TIkA/6_nirvANa-prakaraNam/1/008/
००८ 	 yoga-vAsiShTha-shAstram/Ananda-bodhendra-TIkA/6_nirvANa-prakaraNam/2/008/
००९ 	 yoga-vAsiShTha-shAstram/Ananda-bodhendra-TIkA/3_utpattiprakaraNam/009/
००९ 	 yoga-vAsiShTha-shAstram/Ananda-bodhendra-TIkA/6_nirvANa-prakaraNam/1/009/
००९ 	 yoga-vAsiShTha-shAstram/Ananda-bodhendra-TIkA/6_nirvANa-prakaraNam/2/009/
०१ 	 shAnkara-darshanam/kAvaym/padyam/shankara-digvijayaH/mAdhavIyaH/sarva-prastutiH/01/
०१ 	 shAnkara-darshanam/tattvam/appayyaH/nyAya-raxA-maNiH/01/01/
०१ 	 shAnkara-darshanam/tattvam/appayyaH/siddhAnta-lesha-sangrahaH/mUlam/01/
०१ 	 shAnkara-darshanam/tattvam/prakIrNam/kRShNAnanda-tIrtha-shAstra-siddhAnta-lesha-sangrahaH/sarva-prastutiH/01/
०१ 	 shAnkara-darshanam/tattvam/shankaraH/brahma-sUtrANi/vAchaspati-mishra-bhAmatI/01/01/
०१ 	 shAnkara-darshanam/tattvam/shankaraH/brahma-sUtrANi/vAchaspati-mishra-bhAmatI/02/01/
०१ 	 shAnkara-darshanam/tattvam/shankaraH/brahma-sUtrANi/vAchaspati-mishra-bhAmatI/03/01/
०१ 	 shAnkara-darshanam/tattvam/shankaraH/brahma-sUtrANi/vAchaspati-mishra-bhAmatI/04/01/
०१ 	 yoga-vAsiShTha-shAstram/Ananda-bodhendra-TIkA/1_vairAgya-prakaraNam/01/
०१ 	 yoga-vAsiShTha-shAstram/Ananda-bodhendra-TIkA/2_mumuxu-vyavahAra-prakaraNam/01/
०१ 	 yoga-vAsiShTha-shAstram/Ananda-bodhendra-TIkA/4_sthiti-prakaraNam/01/
०१ 	 yoga-vAsiShTha-shAstram/Ananda-bodhendra-TIkA/5_upashama-prakaraNam/01/
01 - 'A Guideline for a Spiritual Life Part I' 	 shAnkara-darshanam/tattvam/en/sundararajan-mohan/a-guideline-for-a-spiritual-life/01_a-guideline-for-a-spiritual-life-part-i/
01 - A Trip to Ramanasramam Part I 	 shAnkara-darshanam/tattvam/en/paula-marvelly/a-trip-to-ramanasramam/01_a-trip-to-ramanasramam-part-i/
01 - An Interview with Rupert Spira Part I 	 shAnkara-darshanam/tattvam/en/paula-marvelly/an-interview-with-rupert-spira/01_an-interview-with-rupert-spira-part-i/
01 - Diving into the Heart Part I 	 shAnkara-darshanam/tattvam/en/alan-jacobs/diving-into-the-heart/01_diving-into-the-heart-part-i/
01 - How perfect is the 'Perfect' Prayer? Part I 	 shAnkara-darshanam/tattvam/en/peter-bonnici/how-perfect-is-the-perfect-prayer/01_how-perfect-is-the-perfect-prayer-part-i/
01 - Introduction 	 shAnkara-darshanam/tattvam/prakIrNam/dharmarAjAdhvarI_vedAnta-paribhAShA/sadAnandaH/02_anumAna/01_intro/
01 - Introduction Part 1 	 shAnkara-darshanam/tattvam/prakIrNam/dharmarAjAdhvarI_vedAnta-paribhAShA/sadAnandaH/01_perception/01_intro-part1/
01 - Mundane Distortions in the Divine Discourse Part I 	 shAnkara-darshanam/tattvam/en/b-s-murthy/mundane-distortions-in-the-divine-discourse/01_mundane-distortions-in-the-divine-discourse-part-i/
01 - Qualifications Part I 	 shAnkara-darshanam/tattvam/en/james-swartz/qualifications/01_qualifications-part-i/
01 - Self Revealed, Part 1 	 shAnkara-darshanam/tattvam/en/nome/self-revealed/01_self-revealed-part-1/
01 - The Assimilation of Experience Part I 	 shAnkara-darshanam/tattvam/en/james-swartz/the-assimilation-of-experience/01_the-assimilation-of-experience-part-i/
01 - The Experience and The Meaning Part I 	 shAnkara-darshanam/tattvam/en/d-e-harding/the-experience-and-the-meaning/01_the-experience-and-the-meaning-part-i/
01 - The Fundamentals of the Bhakti Tradition in Hinduism Part I 	 shAnkara-darshanam/tattvam/en/v-krishnamurthy/the-fundamentals-of-the-bhakti-tradition-in-hinduism/01_the-fundamentals-of-the-bhakti-tradition-in-hinduism-part-i/
01 - The Revelation of Oneness (Part 1) 	 shAnkara-darshanam/tattvam/en/jeff-foster/the-revelation-of-oneness/01_the-revelation-of-oneness-part-1/
01 Acknowledgements 	 shAnkara-darshanam/tattvam/articles/satyanArAyaNa-shAstrI/let_go/0/01_Acknowledgements/
01 Chapter I - The Cārvāka System 	 shAnkara-darshanam/tattvam/mAdhava-sarva-darshana-sangrahaH/en/colwell/01/
01 DUḤKHA PARĪKṣA (EXAMINATION OF SUFFERING) 	 shAnkara-darshanam/tattvam/articles/satyanArAyaNa-shAstrI/let_go/01_siddhAnta_-_THEORY/03_sukha-dukha_parIxa/01_dukha_parIxa_EXAMINATION_OF_SUFFERING/
01 first pāda 	 shAnkara-darshanam/tattvam/shankaraH/brahma-sUtrANi/thibaut/2/1/01/
01 first pāda 	 shAnkara-darshanam/tattvam/shankaraH/brahma-sUtrANi/thibaut/3/1/01/
01 first pāda 	 shAnkara-darshanam/tattvam/shankaraH/brahma-sUtrANi/thibaut/4/1/01/
01 fourth pāda 	 shAnkara-darshanam/tattvam/shankaraH/brahma-sUtrANi/thibaut/1/4/01/
01 fourth pāda 	 shAnkara-darshanam/tattvam/shankaraH/brahma-sUtrANi/thibaut/3/4/01/
01 fourth pāda 	 shAnkara-darshanam/tattvam/shankaraH/brahma-sUtrANi/thibaut/4/4/01/
01 INTRODUCTION 	 shAnkara-darshanam/tattvam/articles/satyanArAyaNa-shAstrI/let_go/01_siddhAnta_-_THEORY/01_INTRODUCTION/
01 INTRODUCTION 	 yoga-vAsiShTha-shAstram/articles/satyanArAyaNa-shAstrI/talks/01_INTRODUCTION/
01 JÑĀNA-MĀRGA (PATH OF KNOWLEDGE) 	 shAnkara-darshanam/tattvam/articles/satyanArAyaNa-shAstrI/let_go/02_sAdhana_-_PRACTICE/02_METHODS_OF_sAdhana/01_jnAna-mArga_PATH_OF_KNOWLEDGE/
01 KĀRIKĀ-S 	 shAnkara-darshanam/tattvam/articles/satyanArAyaNa-shAstrI/let_go/03_LECTURES_ON_mAnDUkya_upaniShad/03_A_FEW_GEMS_FROM_gauDapAda/01_kArikA-s/
01 NECESSITY FOR SĀDHANA 	 shAnkara-darshanam/tattvam/articles/satyanArAyaNa-shAstrI/let_go/02_sAdhana_-_PRACTICE/01_NECESSITY_FOR_sAdhana/
01 None 	 shAnkara-darshanam/tattvam/shankaraH/brahma-sUtrANi/thibaut/2/4/01/
01 OMKĀRA UPĀSANA 	 shAnkara-darshanam/tattvam/articles/satyanArAyaNa-shAstrI/let_go/03_LECTURES_ON_mAnDUkya_upaniShad/01_omkAra_upAsana/
01 PROLOGUE 	 shAnkara-darshanam/kAvaym/padyam/shankara-digvijayaH/mAdhavIyaH/en_tapasyAnanda/01_PROLOGUE/
01 second pāda 	 shAnkara-darshanam/tattvam/shankaraH/brahma-sUtrANi/thibaut/1/2/01/
01 second pāda 	 shAnkara-darshanam/tattvam/shankaraH/brahma-sUtrANi/thibaut/2/2/01/
01 second pāda 	 shAnkara-darshanam/tattvam/shankaraH/brahma-sUtrANi/thibaut/3/2/01/
01 second pāda 	 shAnkara-darshanam/tattvam/shankaraH/brahma-sUtrANi/thibaut/4/2/01/
01 third pāda 	 shAnkara-darshanam/tattvam/shankaraH/brahma-sUtrANi/thibaut/1/3/01/
01 third pāda 	 shAnkara-darshanam/tattvam/shankaraH/brahma-sUtrANi/thibaut/3/3/01/
01 third pāda 	 shAnkara-darshanam/tattvam/shankaraH/brahma-sUtrANi/thibaut/4/3/01/
०१ अद्वैतोपनिषत् 	 upaniShat/aDyAr-sankalanam/01_advaitopaniShat/
०१ अर्चिराद्यधिकरणम् 	 shAnkara-darshanam/tattvam/shankaraH/brahma-sUtrANi/mUlam/4/3/01_archirAdyadhikaraNam/
०१ अर्चिराद्यधिकरणम् 	 shAnkara-darshanam/tattvam/shankaraH/brahma-sUtrANi/sarva-prastutiH/04/03/01_archirAdyadhikaraNam/
०१ आखण्डार्थलक्षणोपपत्तिः 	 shAnkara-darshanam/tattvam/madhu-sUdana-sarasvatI/advaita-siddhiH/2/01_AkhaNDArthalaxaNopapattiH/
०१ आत्मानुभवोपदेशवर्णनम् 	 aShTAvakra-gItA/sarva-prastutiH/01_AtmAnubhavopadeshavarNanam/
०१ आनुमानिकाधिकरणम् 	 shAnkara-darshanam/tattvam/shankaraH/brahma-sUtrANi/mUlam/1/4/01_AnumAnikAdhikaraNam/
०१ आनुमानिकाधिकरणम् 	 shAnkara-darshanam/tattvam/shankaraH/brahma-sUtrANi/sarva-prastutiH/01/04/01_AnumAnikAdhikaraNam/
०१ आवृत्त्यधिकरणम् 	 shAnkara-darshanam/tattvam/shankaraH/brahma-sUtrANi/mUlam/4/1/01_AvRttyadhikaraNam/
०१ आवृत्त्यधिकरणम् 	 shAnkara-darshanam/tattvam/shankaraH/brahma-sUtrANi/sarva-prastutiH/04/01/01_AvRttyadhikaraNam/
०१ उपोद्घातः 	 shAnkara-darshanam/tattvam/shankaraH/brahma-sUtrANi/dvaita-xetra-prastutiH/01_upodghAtaH/
०१ गुरु नानक 	 nAnaka-mArgaH/guru-granthaH/sarva-prastutiH/02_rAga/03_gau.DI/01_guru_nAnaka/
०१ गुरु राम-दास चउपदे 	 nAnaka-mArgaH/guru-granthaH/sarva-prastutiH/02_rAga/02_mAjha/01_guru_rAma-dAsa_chaupade/
०१ गुरु-नानक 	 nAnaka-mArgaH/guru-granthaH/sarva-prastutiH/02_rAga/04_AsA/01_guru-nAnaka/
०१ जपजी 	 nAnaka-mArgaH/guru-granthaH/sarva-prastutiH/01_pre-rAga/01_japu/
०१ जिज्ञासाधिकरणम् 	 shAnkara-darshanam/tattvam/shankaraH/brahma-sUtrANi/mUlam/1/1/01_jijnAsAdhikaraNam/
०१ जिज्ञासाधिकरणम् 	 shAnkara-darshanam/tattvam/shankaraH/brahma-sUtrANi/sarva-prastutiH/01/01/01_jijnAsAdhikaraNam/
०१ तदन्तरप्रतिपत्त्यधिकरणम् 	 shAnkara-darshanam/tattvam/shankaraH/brahma-sUtrANi/mUlam/3/1/01_tadantarapratipattyadhikaraNam/
०१ तदन्तरप्रतिपत्त्यधिकरणम् 	 shAnkara-darshanam/tattvam/shankaraH/brahma-sUtrANi/sarva-prastutiH/03/01/01_tadantarapratipattyadhikaraNam/
०१ द्युभ्वाद्यधिकरणम् 	 shAnkara-darshanam/tattvam/shankaraH/brahma-sUtrANi/mUlam/1/3/01_dyubhvAdyadhikaraNam/
०१ द्युभ्वाद्यधिकरणम् 	 shAnkara-darshanam/tattvam/shankaraH/brahma-sUtrANi/sarva-prastutiH/01/03/01_dyubhvAdyadhikaraNam/
०१ पुरुषार्थाधिकरणम् 	 shAnkara-darshanam/tattvam/shankaraH/brahma-sUtrANi/mUlam/3/4/01_puruShArthAdhikaraNam/
०१ पुरुषार्थाधिकरणम् 	 shAnkara-darshanam/tattvam/shankaraH/brahma-sUtrANi/sarva-prastutiH/03/04/01_puruShArthAdhikaraNam/
०१ प्रथमः पादः 	 shAnkara-darshanam/tattvam/shankaraH/brahma-sUtrANi/dvaita-xetra-prastutiH/02_prathamo-dhyAyaH/01_prathamaH_pAdaH/
०१ प्रवेशः 	 shAnkara-darshanam/tattvam/mAdhava-sarva-darshana-sangrahaH/01_praveshaH/
०१ प्राणोत्पत्त्यधिकरणम् 	 shAnkara-darshanam/tattvam/shankaraH/brahma-sUtrANi/mUlam/2/4/01_prANotpattyadhikaraNam/
०१ प्राणोत्पत्त्यधिकरणम् 	 shAnkara-darshanam/tattvam/shankaraH/brahma-sUtrANi/sarva-prastutiH/02/04/01_prANotpattyadhikaraNam/
०१ भगवद्गीता की पौराणिक व्याख्याएं 	 articles/saMskRta-vANmaya-bRhad-itihAsa_10_vedAnta/04_gItA_aura_yogavAsiShTha/01_bhagavadgItA/01_bhagavadgItA_kI_paurANika_vyAkhyAeM/
०१ भेदाभेद-वेदान्त 	 articles/saMskRta-vANmaya-bRhad-itihAsa_10_vedAnta/03_seshvara_vedAnta/01_bhedAbheda-vedAnta/
०१ रचनानुपपत्त्यधिकरणम् 	 shAnkara-darshanam/tattvam/shankaraH/brahma-sUtrANi/mUlam/2/2/01_rachanAnupapattyadhikaraNam/
०१ रचनानुपपत्त्यधिकरणम् 	 shAnkara-darshanam/tattvam/shankaraH/brahma-sUtrANi/sarva-prastutiH/02/02/01_rachanAnupapattyadhikaraNam/
०१ रामानुजपूर्व विशिष्टाद्वैत-वेदान्त 	 articles/saMskRta-vANmaya-bRhad-itihAsa_10_vedAnta/02_vishiShTAdvaitavAda/01_vaiShNava_mata/01_rAmAnujapUrva_vishiShTAdvaita-vedAnta/
०१ वागधिकरणम् 	 shAnkara-darshanam/tattvam/shankaraH/brahma-sUtrANi/mUlam/4/2/01_vAgadhikaraNam/
०१ वागधिकरणम् 	 shAnkara-darshanam/tattvam/shankaraH/brahma-sUtrANi/sarva-prastutiH/04/02/01_vAgadhikaraNam/
०१ वियदधिकरणम् 	 shAnkara-darshanam/tattvam/shankaraH/brahma-sUtrANi/mUlam/2/3/01_viyadadhikaraNam/
०१ वियदधिकरणम् 	 shAnkara-darshanam/tattvam/shankaraH/brahma-sUtrANi/sarva-prastutiH/02/03/01_viyadadhikaraNam/
०१ शङ्करपूर्व वेदान्त 	 articles/saMskRta-vANmaya-bRhad-itihAsa_10_vedAnta/01_advaita_vedAnta/01_shankarapUrva_vedAnta/
०१ श्रीकण्ठ प्रणीत ब्रह्मसूत्रशैवभाष्य का दर्शन 	 articles/saMskRta-vANmaya-bRhad-itihAsa_10_vedAnta/02_vishiShTAdvaitavAda/02_shaiva_mata/01_shrIkaNTha_praNIta_brahmasUtrashaivabhAShya_kA/
०१ सन्ध्याधिकरणम् 	 shAnkara-darshanam/tattvam/shankaraH/brahma-sUtrANi/mUlam/3/2/01_sandhyAdhikaraNam/
०१ सन्ध्याधिकरणम् 	 shAnkara-darshanam/tattvam/shankaraH/brahma-sUtrANi/sarva-prastutiH/03/02/01_sandhyAdhikaraNam/
०१ सम्पद्याविर्भावाधिकरणम् 	 shAnkara-darshanam/tattvam/shankaraH/brahma-sUtrANi/mUlam/4/4/01_sampadyAvirbhAvAdhikaraNam/
०१ सम्पद्याविर्भावाधिकरणम् 	 shAnkara-darshanam/tattvam/shankaraH/brahma-sUtrANi/sarva-prastutiH/04/04/01_sampadyAvirbhAvAdhikaraNam/
०१ सर्वत्रप्रसिद्ध्यधिकरणम् 	 shAnkara-darshanam/tattvam/shankaraH/brahma-sUtrANi/mUlam/1/2/01_sarvatraprasiddhyadhikaraNam/
०१ सर्वत्रप्रसिद्ध्यधिकरणम् 	 shAnkara-darshanam/tattvam/shankaraH/brahma-sUtrANi/sarva-prastutiH/01/02/01_sarvatraprasiddhyadhikaraNam/
०१ सर्ववेदान्तप्रत्ययाधिकरणम् 	 shAnkara-darshanam/tattvam/shankaraH/brahma-sUtrANi/mUlam/3/3/01_sarvavedAntapratyayAdhikaraNam/
०१ सर्ववेदान्तप्रत्ययाधिकरणम् 	 shAnkara-darshanam/tattvam/shankaraH/brahma-sUtrANi/sarva-prastutiH/03/03/01_sarvavedAntapratyayAdhikaraNam/
०१ सिरीरागु 	 nAnaka-mArgaH/guru-granthaH/sarva-prastutiH/02_rAga/01_sirIrAgu/
०१ स्मृत्यधिकरणम् 	 shAnkara-darshanam/tattvam/shankaraH/brahma-sUtrANi/mUlam/2/1/01_smRtyadhikaraNam/
०१ स्मृत्यधिकरणम् 	 shAnkara-darshanam/tattvam/shankaraH/brahma-sUtrANi/sarva-prastutiH/02/01/01_smRtyadhikaraNam/
೦೧ ಉಪಾಸನೆಯ ಮಹತ್ವ 	 shAnkara-darshanam/tattvam/articles/satyanArAyaNa-shAstrI/garaNi-rAdhAkRShNaH/ramaNa/ramaNa_gItA/01_upAsaneya_mahatva/
೦೧ ಪ್ರಸ್ತಾವನೆ 	 shAnkara-darshanam/tattvam/articles/satyanArAyaNa-shAstrI/garaNi-rAdhAkRShNaH/ramaNa/gItA_maNi_mAle/01_prastAvane/
೦೧ ಪ್ರಾರಂಭದ ಶಂಕೆಗಳು 	 shAnkara-darshanam/tattvam/articles/satyanArAyaNa-shAstrI/garaNi-rAdhAkRShNaH/ramaNa/ramaNa_maharShigaLoDane_saMvAda/01_prAraMbhada_shaMkegaLu/
०१० 	 yoga-vAsiShTha-shAstram/Ananda-bodhendra-TIkA/3_utpattiprakaraNam/010/
०१० 	 yoga-vAsiShTha-shAstram/Ananda-bodhendra-TIkA/6_nirvANa-prakaraNam/1/010/
०१० 	 yoga-vAsiShTha-shAstram/Ananda-bodhendra-TIkA/6_nirvANa-prakaraNam/2/010/
०११ 	 yoga-vAsiShTha-shAstram/Ananda-bodhendra-TIkA/3_utpattiprakaraNam/011/
०११ 	 yoga-vAsiShTha-shAstram/Ananda-bodhendra-TIkA/6_nirvANa-prakaraNam/1/011/
०११ 	 yoga-vAsiShTha-shAstram/Ananda-bodhendra-TIkA/6_nirvANa-prakaraNam/2/011/
०१२ 	 yoga-vAsiShTha-shAstram/Ananda-bodhendra-TIkA/3_utpattiprakaraNam/012/
०१२ 	 yoga-vAsiShTha-shAstram/Ananda-bodhendra-TIkA/6_nirvANa-prakaraNam/1/012/
०१२ 	 yoga-vAsiShTha-shAstram/Ananda-bodhendra-TIkA/6_nirvANa-prakaraNam/2/012/
०१३ 	 yoga-vAsiShTha-shAstram/Ananda-bodhendra-TIkA/3_utpattiprakaraNam/013/
०१३ 	 yoga-vAsiShTha-shAstram/Ananda-bodhendra-TIkA/6_nirvANa-prakaraNam/1/013/
०१३ 	 yoga-vAsiShTha-shAstram/Ananda-bodhendra-TIkA/6_nirvANa-prakaraNam/2/013/
०१४ 	 yoga-vAsiShTha-shAstram/Ananda-bodhendra-TIkA/3_utpattiprakaraNam/014/
०१४ 	 yoga-vAsiShTha-shAstram/Ananda-bodhendra-TIkA/6_nirvANa-prakaraNam/1/014/
०१४ 	 yoga-vAsiShTha-shAstram/Ananda-bodhendra-TIkA/6_nirvANa-prakaraNam/2/014/
०१५ 	 yoga-vAsiShTha-shAstram/Ananda-bodhendra-TIkA/3_utpattiprakaraNam/015/
०१५ 	 yoga-vAsiShTha-shAstram/Ananda-bodhendra-TIkA/6_nirvANa-prakaraNam/1/015/
०१५ 	 yoga-vAsiShTha-shAstram/Ananda-bodhendra-TIkA/6_nirvANa-prakaraNam/2/015/
०१६ 	 yoga-vAsiShTha-shAstram/Ananda-bodhendra-TIkA/3_utpattiprakaraNam/016/
०१६ 	 yoga-vAsiShTha-shAstram/Ananda-bodhendra-TIkA/6_nirvANa-prakaraNam/1/016/
०१६ 	 yoga-vAsiShTha-shAstram/Ananda-bodhendra-TIkA/6_nirvANa-prakaraNam/2/016/
०१७ 	 yoga-vAsiShTha-shAstram/Ananda-bodhendra-TIkA/3_utpattiprakaraNam/017/
०१७ 	 yoga-vAsiShTha-shAstram/Ananda-bodhendra-TIkA/6_nirvANa-prakaraNam/1/017/
०१७ 	 yoga-vAsiShTha-shAstram/Ananda-bodhendra-TIkA/6_nirvANa-prakaraNam/2/017/
०१८ 	 yoga-vAsiShTha-shAstram/Ananda-bodhendra-TIkA/3_utpattiprakaraNam/018/
०१८ 	 yoga-vAsiShTha-shAstram/Ananda-bodhendra-TIkA/6_nirvANa-prakaraNam/1/018/
०१८ 	 yoga-vAsiShTha-shAstram/Ananda-bodhendra-TIkA/6_nirvANa-prakaraNam/2/018/
०१९ 	 yoga-vAsiShTha-shAstram/Ananda-bodhendra-TIkA/3_utpattiprakaraNam/019/
०१९ 	 yoga-vAsiShTha-shAstram/Ananda-bodhendra-TIkA/6_nirvANa-prakaraNam/1/019/
०१९ 	 yoga-vAsiShTha-shAstram/Ananda-bodhendra-TIkA/6_nirvANa-prakaraNam/2/019/
०२ 	 shAnkara-darshanam/kAvaym/padyam/shankara-digvijayaH/mAdhavIyaH/sarva-prastutiH/02/
०२ 	 shAnkara-darshanam/tattvam/appayyaH/nyAya-raxA-maNiH/01/02/
०२ 	 shAnkara-darshanam/tattvam/appayyaH/siddhAnta-lesha-sangrahaH/mUlam/02/
०२ 	 shAnkara-darshanam/tattvam/prakIrNam/kRShNAnanda-tIrtha-shAstra-siddhAnta-lesha-sangrahaH/sarva-prastutiH/02/
०२ 	 shAnkara-darshanam/tattvam/shankaraH/brahma-sUtrANi/vAchaspati-mishra-bhAmatI/01/02/
०२ 	 shAnkara-darshanam/tattvam/shankaraH/brahma-sUtrANi/vAchaspati-mishra-bhAmatI/02/02/
०२ 	 shAnkara-darshanam/tattvam/shankaraH/brahma-sUtrANi/vAchaspati-mishra-bhAmatI/03/02/
०२ 	 shAnkara-darshanam/tattvam/shankaraH/brahma-sUtrANi/vAchaspati-mishra-bhAmatI/04/02/
०२ 	 yoga-vAsiShTha-shAstram/Ananda-bodhendra-TIkA/1_vairAgya-prakaraNam/02/
०२ 	 yoga-vAsiShTha-shAstram/Ananda-bodhendra-TIkA/2_mumuxu-vyavahAra-prakaraNam/02/
०२ 	 yoga-vAsiShTha-shAstram/Ananda-bodhendra-TIkA/4_sthiti-prakaraNam/02/
०२ 	 yoga-vAsiShTha-shAstram/Ananda-bodhendra-TIkA/5_upashama-prakaraNam/02/
02 - 'A Guideline for a Spiritual Life Part II' 	 shAnkara-darshanam/tattvam/en/sundararajan-mohan/a-guideline-for-a-spiritual-life/02_a-guideline-for-a-spiritual-life-part-ii/
02 - A Trip to Ramanasramam Part II 	 shAnkara-darshanam/tattvam/en/paula-marvelly/a-trip-to-ramanasramam/02_a-trip-to-ramanasramam-part-ii/
02 - An Interview with Rupert Spira Part II 	 shAnkara-darshanam/tattvam/en/paula-marvelly/an-interview-with-rupert-spira/02_an-interview-with-rupert-spira-part-ii/
02 - anumAna terms 	 shAnkara-darshanam/tattvam/prakIrNam/dharmarAjAdhvarI_vedAnta-paribhAShA/sadAnandaH/02_anumAna/02_anumana-terms/
02 - Diving into the Heart Part II 	 shAnkara-darshanam/tattvam/en/alan-jacobs/diving-into-the-heart/02_diving-into-the-heart-part-ii/
02 - How perfect is the 'Perfect' Prayer? Part II 	 shAnkara-darshanam/tattvam/en/peter-bonnici/how-perfect-is-the-perfect-prayer/02_how-perfect-is-the-perfect-prayer-part-ii/
02 - Introduction Part 2 	 shAnkara-darshanam/tattvam/prakIrNam/dharmarAjAdhvarI_vedAnta-paribhAShA/sadAnandaH/01_perception/02_intro-part2/
02 - Mundane Distortions in the Divine Discourse Part II 	 shAnkara-darshanam/tattvam/en/b-s-murthy/mundane-distortions-in-the-divine-discourse/02_mundane-distortions-in-the-divine-discourse-part-ii/
02 - Qualifications Part II 	 shAnkara-darshanam/tattvam/en/james-swartz/qualifications/02_qualifications-part-ii/
02 - Self Revealed, Part 2 	 shAnkara-darshanam/tattvam/en/nome/self-revealed/02_self-revealed-part-2/
02 - The Assimilation of Experience Part II 	 shAnkara-darshanam/tattvam/en/james-swartz/the-assimilation-of-experience/02_the-assimilation-of-experience-part-ii/
02 - The Experience and The Meaning Part II 	 shAnkara-darshanam/tattvam/en/d-e-harding/the-experience-and-the-meaning/02_the-experience-and-the-meaning-part-ii/
02 - The Fundamentals of the Bhakti Tradition in Hinduism Part II 	 shAnkara-darshanam/tattvam/en/v-krishnamurthy/the-fundamentals-of-the-bhakti-tradition-in-hinduism/02_the-fundamentals-of-the-bhakti-tradition-in-hinduism-part-ii/
02 - The Revelation of Oneness (Part 2) 	 shAnkara-darshanam/tattvam/en/jeff-foster/the-revelation-of-oneness/02_the-revelation-of-oneness-part-2/
02 Chapter II - The Bauddha System 	 shAnkara-darshanam/tattvam/mAdhava-sarva-darshana-sangrahaH/en/colwell/02/
02 IN SEARCH OF OUR TRUE NATURE - AN OVERVIEW 	 shAnkara-darshanam/tattvam/articles/satyanArAyaNa-shAstrI/let_go/01_siddhAnta_-_THEORY/02_IN_SEARCH_OF_OUR_TRUE_NATURE_-_AN_OVERVIEW/
02 None 	 shAnkara-darshanam/tattvam/shankaraH/brahma-sUtrANi/thibaut/1/2/02/
02 None 	 shAnkara-darshanam/tattvam/shankaraH/brahma-sUtrANi/thibaut/1/3/02/
02 None 	 shAnkara-darshanam/tattvam/shankaraH/brahma-sUtrANi/thibaut/1/4/02/
02 None 	 shAnkara-darshanam/tattvam/shankaraH/brahma-sUtrANi/thibaut/2/1/02/
02 None 	 shAnkara-darshanam/tattvam/shankaraH/brahma-sUtrANi/thibaut/2/2/02/
02 None 	 shAnkara-darshanam/tattvam/shankaraH/brahma-sUtrANi/thibaut/2/3/02/
02 None 	 shAnkara-darshanam/tattvam/shankaraH/brahma-sUtrANi/thibaut/2/4/02/
02 None 	 shAnkara-darshanam/tattvam/shankaraH/brahma-sUtrANi/thibaut/3/1/02/
02 None 	 shAnkara-darshanam/tattvam/shankaraH/brahma-sUtrANi/thibaut/3/2/02/
02 None 	 shAnkara-darshanam/tattvam/shankaraH/brahma-sUtrANi/thibaut/3/3/02/
02 None 	 shAnkara-darshanam/tattvam/shankaraH/brahma-sUtrANi/thibaut/3/4/02/
02 None 	 shAnkara-darshanam/tattvam/shankaraH/brahma-sUtrANi/thibaut/4/1/02/
02 None 	 shAnkara-darshanam/tattvam/shankaraH/brahma-sUtrANi/thibaut/4/2/02/
02 None 	 shAnkara-darshanam/tattvam/shankaraH/brahma-sUtrANi/thibaut/4/3/02/
02 None 	 shAnkara-darshanam/tattvam/shankaraH/brahma-sUtrANi/thibaut/4/4/02/
02 Preface to the second edition 	 shAnkara-darshanam/tattvam/articles/satyanArAyaNa-shAstrI/let_go/0/02_Preface_to_the_second_edition/
02 STATES OF EXISTANCE 	 shAnkara-darshanam/tattvam/articles/satyanArAyaNa-shAstrI/let_go/03_LECTURES_ON_mAnDUkya_upaniShad/02_STATES_OF_EXISTANCE/
02 SUKHA PARĪKṣA (HAPPINESS ANALYSED) 	 shAnkara-darshanam/tattvam/articles/satyanArAyaNa-shAstrI/let_go/01_siddhAnta_-_THEORY/03_sukha-dukha_parIxa/02_SUKHA_parIxa_HAPPINESS_ANALYSED/
02 THE BIRTH OF SANKARA 	 shAnkara-darshanam/kAvaym/padyam/shankara-digvijayaH/mAdhavIyaH/en_tapasyAnanda/02_THE_BIRTH_OF_SANKARA/
02 THE INWARD JOURNEY 	 yoga-vAsiShTha-shAstram/articles/satyanArAyaNa-shAstrI/talks/02_THE_INWARD_JOURNEY/
02 YOGA MĀRGA (PATH OF YOGA) 	 shAnkara-darshanam/tattvam/articles/satyanArAyaNa-shAstrI/let_go/02_sAdhana_-_PRACTICE/02_METHODS_OF_sAdhana/02_YOGA_mArga_PATH_OF_YOGA/
०२ अत्त्रधिकरणम् 	 shAnkara-darshanam/tattvam/shankaraH/brahma-sUtrANi/mUlam/1/2/02_attradhikaraNam/
०२ अत्त्रधिकरणम् 	 shAnkara-darshanam/tattvam/shankaraH/brahma-sUtrANi/sarva-prastutiH/01/02/02_attradhikaraNam/
०२ अविभागेन दृष्टत्वाधिकरणम् 	 shAnkara-darshanam/tattvam/shankaraH/brahma-sUtrANi/mUlam/4/4/02_avibhAgena_dRShTatvAdhikaraNam/
०२ अविभागेन दृष्टत्वाधिकरणम् 	 shAnkara-darshanam/tattvam/shankaraH/brahma-sUtrANi/sarva-prastutiH/04/04/02_avibhAgena_dRShTatvAdhikaraNam/
०२ आचमनोपनिषत् 	 upaniShat/aDyAr-sankalanam/02_AchamanopaniShat/
०२ आत्मत्वोपासनाधिकरणम् 	 shAnkara-darshanam/tattvam/shankaraH/brahma-sUtrANi/mUlam/4/1/02_AtmatvopAsanAdhikaraNam/
०२ आत्मत्वोपासनाधिकरणम् 	 shAnkara-darshanam/tattvam/shankaraH/brahma-sUtrANi/sarva-prastutiH/04/01/02_AtmatvopAsanAdhikaraNam/
०२ उपसंहाराधिकरणम् 	 shAnkara-darshanam/tattvam/shankaraH/brahma-sUtrANi/mUlam/3/3/02_upasaMhArAdhikaraNam/
०२ उपसंहाराधिकरणम् 	 shAnkara-darshanam/tattvam/shankaraH/brahma-sUtrANi/sarva-prastutiH/03/03/02_upasaMhArAdhikaraNam/
०२ कृतात्ययाधिकरणम् 	 shAnkara-darshanam/tattvam/shankaraH/brahma-sUtrANi/mUlam/3/1/02_kRtAtyayAdhikaraNam/
०२ कृतात्ययाधिकरणम् 	 shAnkara-darshanam/tattvam/shankaraH/brahma-sUtrANi/sarva-prastutiH/03/01/02_kRtAtyayAdhikaraNam/
०२ गुरु अमर-दास 	 nAnaka-mArgaH/guru-granthaH/sarva-prastutiH/02_rAga/03_gau.DI/02_guru_amara-dAsa/
०२ गुरु अर्जन-देव चउपदे 	 nAnaka-mArgaH/guru-granthaH/sarva-prastutiH/02_rAga/02_mAjha/02_guru_arjana-deva_chaupade/
०२ गुरु राम-दास 	 nAnaka-mArgaH/guru-granthaH/sarva-prastutiH/02_rAga/04_AsA/02_guru_rAma-dAsa/
०२ चमसाधिकरणम् 	 shAnkara-darshanam/tattvam/shankaraH/brahma-sUtrANi/mUlam/1/4/02_chamasAdhikaraNam/
०२ चमसाधिकरणम् 	 shAnkara-darshanam/tattvam/shankaraH/brahma-sUtrANi/sarva-prastutiH/01/04/02_chamasAdhikaraNam/
०२ चार्व्वाकदर्शनम् 	 shAnkara-darshanam/tattvam/mAdhava-sarva-darshana-sangrahaH/02_chArvvAkadarshanam/
०२ जन्माद्यधिकरणम् 	 shAnkara-darshanam/tattvam/shankaraH/brahma-sUtrANi/mUlam/1/1/02_janmAdyadhikaraNam/
०२ जन्माद्यधिकरणम् 	 shAnkara-darshanam/tattvam/shankaraH/brahma-sUtrANi/sarva-prastutiH/01/01/02_janmAdyadhikaraNam/
०२ तदभावाधिकरणम् 	 shAnkara-darshanam/tattvam/shankaraH/brahma-sUtrANi/mUlam/3/2/02_tadabhAvAdhikaraNam/
०२ तदभावाधिकरणम् 	 shAnkara-darshanam/tattvam/shankaraH/brahma-sUtrANi/sarva-prastutiH/03/02/02_tadabhAvAdhikaraNam/
०२ निम्बार्क-वेदान्त का इतिहास 	 articles/saMskRta-vANmaya-bRhad-itihAsa_10_vedAnta/03_seshvara_vedAnta/02_nimbArka-vedAnta_kA_itihAsa/
०२ परामर्शाधिकरणम् 	 shAnkara-darshanam/tattvam/shankaraH/brahma-sUtrANi/mUlam/3/4/02_parAmarshAdhikaraNam/
०२ परामर्शाधिकरणम् 	 shAnkara-darshanam/tattvam/shankaraH/brahma-sUtrANi/sarva-prastutiH/03/04/02_parAmarshAdhikaraNam/
०२ भगवद्गीता की अद्वैतवेदान्ती व्याख्याएँ 	 articles/saMskRta-vANmaya-bRhad-itihAsa_10_vedAnta/04_gItA_aura_yogavAsiShTha/01_bhagavadgItA/02_bhagavadgItA_kI_advaitavedAntI_vyAkhyAe.N/
०२ भूमाधिकरणम् 	 shAnkara-darshanam/tattvam/shankaraH/brahma-sUtrANi/mUlam/1/3/02_bhUmAdhikaraNam/
०२ भूमाधिकरणम् 	 shAnkara-darshanam/tattvam/shankaraH/brahma-sUtrANi/sarva-prastutiH/01/03/02_bhUmAdhikaraNam/
०२ मनोऽधिकरणम् 	 shAnkara-darshanam/tattvam/shankaraH/brahma-sUtrANi/mUlam/4/2/02_mano-dhikaraNam/
०२ मनोऽधिकरणम् 	 shAnkara-darshanam/tattvam/shankaraH/brahma-sUtrANi/sarva-prastutiH/04/02/02_mano-dhikaraNam/
०२ महद्दीर्घाधिकरणम् 	 shAnkara-darshanam/tattvam/shankaraH/brahma-sUtrANi/mUlam/2/2/02_mahaddIrghAdhikaraNam/
०२ महद्दीर्घाधिकरणम् 	 shAnkara-darshanam/tattvam/shankaraH/brahma-sUtrANi/sarva-prastutiH/02/02/02_mahaddIrghAdhikaraNam/
०२ मातरिश्वाधिकरणम् 	 shAnkara-darshanam/tattvam/shankaraH/brahma-sUtrANi/mUlam/2/3/02_mAtarishvAdhikaraNam/
०२ मातरिश्वाधिकरणम् 	 shAnkara-darshanam/tattvam/shankaraH/brahma-sUtrANi/sarva-prastutiH/02/03/02_mAtarishvAdhikaraNam/
०२ योगप्रत्युक्त्यधिकरणम् 	 shAnkara-darshanam/tattvam/shankaraH/brahma-sUtrANi/mUlam/2/1/02_yogapratyuktyadhikaraNam/
०२ योगप्रत्युक्त्यधिकरणम् 	 shAnkara-darshanam/tattvam/shankaraH/brahma-sUtrANi/sarva-prastutiH/02/01/02_yogapratyuktyadhikaraNam/
०२ योगवासिष्ठ वेदान्त 	 articles/saMskRta-vANmaya-bRhad-itihAsa_10_vedAnta/04_gItA_aura_yogavAsiShTha/02_yogavAsiShTha_vedAnta/
०२ रहिरास 	 nAnaka-mArgaH/guru-granthaH/sarva-prastutiH/01_pre-rAga/02_rahirAsa/
०२ रामानुज का विशिष्टाद्वैत-वेदान्त 	 articles/saMskRta-vANmaya-bRhad-itihAsa_10_vedAnta/02_vishiShTAdvaitavAda/01_vaiShNava_mata/02_rAmAnuja_kA_vishiShTAdvaita-vedAnta/
०२ वाय्वधिकरणम् 	 shAnkara-darshanam/tattvam/shankaraH/brahma-sUtrANi/mUlam/4/3/02_vAyvadhikaraNam/
०२ वाय्वधिकरणम् 	 shAnkara-darshanam/tattvam/shankaraH/brahma-sUtrANi/sarva-prastutiH/04/03/02_vAyvadhikaraNam/
०२ शङ्कराचार्य का अद्वैतवेदान्त 	 articles/saMskRta-vANmaya-bRhad-itihAsa_10_vedAnta/01_advaita_vedAnta/02_shankarAchArya_kA_advaitavedAnta/
०२ शिष्येणोक्तम् आत्मानुभवोल्लास-पञ्च-पञ्च-विशतिकम् 	 aShTAvakra-gItA/sarva-prastutiH/02_shiShyeNoktam_AtmAnubhavollAsa-pancha-pancha-vi/
०२ श्रीकरभाष्य का दर्शन 	 articles/saMskRta-vANmaya-bRhad-itihAsa_10_vedAnta/02_vishiShTAdvaitavAda/02_shaiva_mata/02_shrIkarabhAShya_kA_darshana/
०२ सत्यादिवाक्याखण्डार्थत्वोपपत्तिः 	 shAnkara-darshanam/tattvam/madhu-sUdana-sarasvatI/advaita-siddhiH/2/02_satyAdivAkyAkhaNDArthatvopapattiH/
०२ सप्तगत्यधिकरणम् 	 shAnkara-darshanam/tattvam/shankaraH/brahma-sUtrANi/mUlam/2/4/02_saptagatyadhikaraNam/
०२ सप्तगत्यधिकरणम् 	 shAnkara-darshanam/tattvam/shankaraH/brahma-sUtrANi/sarva-prastutiH/02/04/02_saptagatyadhikaraNam/
೦೨ ನಲವತ್ತೆರಡು ಶ್ಲೋಕಗಳು 	 shAnkara-darshanam/tattvam/articles/satyanArAyaNa-shAstrI/garaNi-rAdhAkRShNaH/ramaNa/gItA_maNi_mAle/02_nalavatteraDu_shlOkagaLu/
೦೨ ಮೂರು ಪಥಗಳು 	 shAnkara-darshanam/tattvam/articles/satyanArAyaNa-shAstrI/garaNi-rAdhAkRShNaH/ramaNa/ramaNa_gItA/02_mUru_pathagaLu/
೦೨ ಸದ್ಗುರು 	 shAnkara-darshanam/tattvam/articles/satyanArAyaNa-shAstrI/garaNi-rAdhAkRShNaH/ramaNa/ramaNa_maharShigaLoDane_saMvAda/02_sadguru/
०२० 	 yoga-vAsiShTha-shAstram/Ananda-bodhendra-TIkA/3_utpattiprakaraNam/020/
०२० 	 yoga-vAsiShTha-shAstram/Ananda-bodhendra-TIkA/6_nirvANa-prakaraNam/1/020/
०२० 	 yoga-vAsiShTha-shAstram/Ananda-bodhendra-TIkA/6_nirvANa-prakaraNam/2/020/
०२१ 	 yoga-vAsiShTha-shAstram/Ananda-bodhendra-TIkA/3_utpattiprakaraNam/021/
०२१ 	 yoga-vAsiShTha-shAstram/Ananda-bodhendra-TIkA/6_nirvANa-prakaraNam/1/021/
०२१ 	 yoga-vAsiShTha-shAstram/Ananda-bodhendra-TIkA/6_nirvANa-prakaraNam/2/021/
०२२ 	 yoga-vAsiShTha-shAstram/Ananda-bodhendra-TIkA/3_utpattiprakaraNam/022/
०२२ 	 yoga-vAsiShTha-shAstram/Ananda-bodhendra-TIkA/6_nirvANa-prakaraNam/1/022/
०२२ 	 yoga-vAsiShTha-shAstram/Ananda-bodhendra-TIkA/6_nirvANa-prakaraNam/2/022/
०२३ 	 yoga-vAsiShTha-shAstram/Ananda-bodhendra-TIkA/3_utpattiprakaraNam/023/
०२३ 	 yoga-vAsiShTha-shAstram/Ananda-bodhendra-TIkA/6_nirvANa-prakaraNam/1/023/
०२३ 	 yoga-vAsiShTha-shAstram/Ananda-bodhendra-TIkA/6_nirvANa-prakaraNam/2/023/
०२४ 	 yoga-vAsiShTha-shAstram/Ananda-bodhendra-TIkA/3_utpattiprakaraNam/024/
०२४ 	 yoga-vAsiShTha-shAstram/Ananda-bodhendra-TIkA/6_nirvANa-prakaraNam/1/024/
०२४ 	 yoga-vAsiShTha-shAstram/Ananda-bodhendra-TIkA/6_nirvANa-prakaraNam/2/024/
०२५ 	 yoga-vAsiShTha-shAstram/Ananda-bodhendra-TIkA/3_utpattiprakaraNam/025/
०२५ 	 yoga-vAsiShTha-shAstram/Ananda-bodhendra-TIkA/6_nirvANa-prakaraNam/1/025/
०२५ 	 yoga-vAsiShTha-shAstram/Ananda-bodhendra-TIkA/6_nirvANa-prakaraNam/2/025/
०२६ 	 yoga-vAsiShTha-shAstram/Ananda-bodhendra-TIkA/3_utpattiprakaraNam/026/
०२६ 	 yoga-vAsiShTha-shAstram/Ananda-bodhendra-TIkA/6_nirvANa-prakaraNam/1/026/
०२६ 	 yoga-vAsiShTha-shAstram/Ananda-bodhendra-TIkA/6_nirvANa-prakaraNam/2/026/
०२७ 	 yoga-vAsiShTha-shAstram/Ananda-bodhendra-TIkA/3_utpattiprakaraNam/027/
०२७ 	 yoga-vAsiShTha-shAstram/Ananda-bodhendra-TIkA/6_nirvANa-prakaraNam/1/027/
०२७ 	 yoga-vAsiShTha-shAstram/Ananda-bodhendra-TIkA/6_nirvANa-prakaraNam/2/027/
०२८ 	 yoga-vAsiShTha-shAstram/Ananda-bodhendra-TIkA/3_utpattiprakaraNam/028/
०२८ 	 yoga-vAsiShTha-shAstram/Ananda-bodhendra-TIkA/6_nirvANa-prakaraNam/1/028/
०२८ 	 yoga-vAsiShTha-shAstram/Ananda-bodhendra-TIkA/6_nirvANa-prakaraNam/2/028/
०२९ 	 yoga-vAsiShTha-shAstram/Ananda-bodhendra-TIkA/3_utpattiprakaraNam/029/
०२९ 	 yoga-vAsiShTha-shAstram/Ananda-bodhendra-TIkA/6_nirvANa-prakaraNam/1/029/
०२९ 	 yoga-vAsiShTha-shAstram/Ananda-bodhendra-TIkA/6_nirvANa-prakaraNam/2/029/
०३ 	 shAnkara-darshanam/kAvaym/padyam/shankara-digvijayaH/mAdhavIyaH/sarva-prastutiH/03/
०३ 	 shAnkara-darshanam/tattvam/appayyaH/nyAya-raxA-maNiH/01/03/
०३ 	 shAnkara-darshanam/tattvam/appayyaH/siddhAnta-lesha-sangrahaH/mUlam/03/
०३ 	 shAnkara-darshanam/tattvam/prakIrNam/kRShNAnanda-tIrtha-shAstra-siddhAnta-lesha-sangrahaH/sarva-prastutiH/03/
०३ 	 shAnkara-darshanam/tattvam/shankaraH/brahma-sUtrANi/vAchaspati-mishra-bhAmatI/01/03/
०३ 	 shAnkara-darshanam/tattvam/shankaraH/brahma-sUtrANi/vAchaspati-mishra-bhAmatI/02/03/
०३ 	 shAnkara-darshanam/tattvam/shankaraH/brahma-sUtrANi/vAchaspati-mishra-bhAmatI/03/03/
०३ 	 shAnkara-darshanam/tattvam/shankaraH/brahma-sUtrANi/vAchaspati-mishra-bhAmatI/04/03/
०३ 	 yoga-vAsiShTha-shAstram/Ananda-bodhendra-TIkA/1_vairAgya-prakaraNam/03/
०३ 	 yoga-vAsiShTha-shAstram/Ananda-bodhendra-TIkA/2_mumuxu-vyavahAra-prakaraNam/03/
०३ 	 yoga-vAsiShTha-shAstram/Ananda-bodhendra-TIkA/4_sthiti-prakaraNam/03/
०३ 	 yoga-vAsiShTha-shAstram/Ananda-bodhendra-TIkA/5_upashama-prakaraNam/03/
03 - 'A Guideline for a Spiritual Life Part III' 	 shAnkara-darshanam/tattvam/en/sundararajan-mohan/a-guideline-for-a-spiritual-life/03_a-guideline-for-a-spiritual-life-part-iii/
03 - A Trip to Ramanasramam Part III 	 shAnkara-darshanam/tattvam/en/paula-marvelly/a-trip-to-ramanasramam/03_a-trip-to-ramanasramam-part-iii/
03 - Analysis of Time and Space 	 shAnkara-darshanam/tattvam/prakIrNam/dharmarAjAdhvarI_vedAnta-paribhAShA/sadAnandaH/01_perception/03_time-space/
03 - anumAna definition 	 shAnkara-darshanam/tattvam/prakIrNam/dharmarAjAdhvarI_vedAnta-paribhAShA/sadAnandaH/02_anumAna/03_anumana-definition/
03 - How perfect is the 'Perfect' Prayer? Part III 	 shAnkara-darshanam/tattvam/en/peter-bonnici/how-perfect-is-the-perfect-prayer/03_how-perfect-is-the-perfect-prayer-part-iii/
03 - Qualifications Part III 	 shAnkara-darshanam/tattvam/en/james-swartz/qualifications/03_qualifications-part-iii/
03 - Self Revealed, Part 3 	 shAnkara-darshanam/tattvam/en/nome/self-revealed/03_self-revealed-part-3/
03 - The Assimilation of Experience Part III 	 shAnkara-darshanam/tattvam/en/james-swartz/the-assimilation-of-experience/03_the-assimilation-of-experience-part-iii/
03 - The Fundamentals of the Bhakti Tradition in Hinduism Part III 	 shAnkara-darshanam/tattvam/en/v-krishnamurthy/the-fundamentals-of-the-bhakti-tradition-in-hinduism/03_the-fundamentals-of-the-bhakti-tradition-in-hinduism-part-iii/
03 Chapter III - The Ārhata or Jaina System 	 shAnkara-darshanam/tattvam/mAdhava-sarva-darshana-sangrahaH/en/colwell/03/
03 Editors Note 	 shAnkara-darshanam/tattvam/articles/satyanArAyaNa-shAstrI/let_go/0/03_Editors_Note/
03 LAVAṆŌPĀKHYĀNAM 	 yoga-vAsiShTha-shAstram/articles/satyanArAyaNa-shAstrI/talks/03_lavaNopAkhyAnam/
03 None 	 shAnkara-darshanam/tattvam/shankaraH/brahma-sUtrANi/thibaut/1/2/03/
03 None 	 shAnkara-darshanam/tattvam/shankaraH/brahma-sUtrANi/thibaut/1/3/03/
03 None 	 shAnkara-darshanam/tattvam/shankaraH/brahma-sUtrANi/thibaut/1/4/03/
03 None 	 shAnkara-darshanam/tattvam/shankaraH/brahma-sUtrANi/thibaut/2/1/03/
03 None 	 shAnkara-darshanam/tattvam/shankaraH/brahma-sUtrANi/thibaut/2/2/03/
03 None 	 shAnkara-darshanam/tattvam/shankaraH/brahma-sUtrANi/thibaut/2/3/03/
03 None 	 shAnkara-darshanam/tattvam/shankaraH/brahma-sUtrANi/thibaut/2/4/03/
03 None 	 shAnkara-darshanam/tattvam/shankaraH/brahma-sUtrANi/thibaut/3/1/03/
03 None 	 shAnkara-darshanam/tattvam/shankaraH/brahma-sUtrANi/thibaut/3/2/03/
03 None 	 shAnkara-darshanam/tattvam/shankaraH/brahma-sUtrANi/thibaut/3/3/03/
03 None 	 shAnkara-darshanam/tattvam/shankaraH/brahma-sUtrANi/thibaut/3/4/03/
03 None 	 shAnkara-darshanam/tattvam/shankaraH/brahma-sUtrANi/thibaut/4/1/03/
03 None 	 shAnkara-darshanam/tattvam/shankaraH/brahma-sUtrANi/thibaut/4/2/03/
03 None 	 shAnkara-darshanam/tattvam/shankaraH/brahma-sUtrANi/thibaut/4/3/03/
03 None 	 shAnkara-darshanam/tattvam/shankaraH/brahma-sUtrANi/thibaut/4/4/03/
०३ post-rAga 	 nAnaka-mArgaH/guru-granthaH/sarva-prastutiH/03_post-rAga/
03 ŚUBHAKARMA (PIOUS NEUTRAL ACTIVITIES) 	 shAnkara-darshanam/tattvam/articles/satyanArAyaNa-shAstrI/let_go/02_sAdhana_-_PRACTICE/02_METHODS_OF_sAdhana/03_shubhakarma_PIOUS_NEUTRAL_ACTIVITIES/
03 THE EARTHLY MANIFESTATION OF DEVAS 	 shAnkara-darshanam/kAvaym/padyam/shankara-digvijayaH/mAdhavIyaH/en_tapasyAnanda/03_THE_EARTHLY_MANIFESTATION_OF_DEVAS/
०३ अक्षराधिकरणम् 	 shAnkara-darshanam/tattvam/shankaraH/brahma-sUtrANi/mUlam/1/3/03_axarAdhikaraNam/
०३ अक्षराधिकरणम् 	 shAnkara-darshanam/tattvam/shankaraH/brahma-sUtrANi/sarva-prastutiH/01/03/03_axarAdhikaraNam/
०३ अध्यक्षाधिकरणम् 	 shAnkara-darshanam/tattvam/shankaraH/brahma-sUtrANi/mUlam/4/2/03_adhyaxAdhikaraNam/
०३ अध्यक्षाधिकरणम् 	 shAnkara-darshanam/tattvam/shankaraH/brahma-sUtrANi/sarva-prastutiH/04/02/03_adhyaxAdhikaraNam/
०३ अनिष्टादिकार्यधिकरणम् 	 shAnkara-darshanam/tattvam/shankaraH/brahma-sUtrANi/mUlam/3/1/03_aniShTAdikAryadhikaraNam/
०३ अनिष्टादिकार्यधिकरणम् 	 shAnkara-darshanam/tattvam/shankaraH/brahma-sUtrANi/sarva-prastutiH/03/01/03_aniShTAdikAryadhikaraNam/
०३ अन्यथात्वाधिकरणम् 	 shAnkara-darshanam/tattvam/shankaraH/brahma-sUtrANi/mUlam/3/3/03_anyathAtvAdhikaraNam/
०३ अन्यथात्वाधिकरणम् 	 shAnkara-darshanam/tattvam/shankaraH/brahma-sUtrANi/sarva-prastutiH/03/03/03_anyathAtvAdhikaraNam/
०३ असम्भवाधिकरणम् 	 shAnkara-darshanam/tattvam/shankaraH/brahma-sUtrANi/mUlam/2/3/03_asambhavAdhikaraNam/
०३ असम्भवाधिकरणम् 	 shAnkara-darshanam/tattvam/shankaraH/brahma-sUtrANi/sarva-prastutiH/02/03/03_asambhavAdhikaraNam/
०३ आक्षेप-द्वारोपदेशकम् 	 aShTAvakra-gItA/sarva-prastutiH/03_Axepa-dvAropadeshakam/
०३ आत्मपूजोपनिषत् 	 upaniShat/aDyAr-sankalanam/03_AtmapUjopaniShat/
०३ कर्मानुस्मृतिशब्दविध्यधिकरणम् 	 shAnkara-darshanam/tattvam/shankaraH/brahma-sUtrANi/mUlam/3/2/03_karmAnusmRtishabdavidhyadhikaraNam/
०३ कर्मानुस्मृतिशब्दविध्यधिकरणम् 	 shAnkara-darshanam/tattvam/shankaraH/brahma-sUtrANi/sarva-prastutiH/03/02/03_karmAnusmRtishabdavidhyadhikaraNam/
०३ गुरु नानक असटपदीआ 	 nAnaka-mArgaH/guru-granthaH/sarva-prastutiH/02_rAga/02_mAjha/03_guru_nAnaka_asaTapadIA/
०३ गुरु नानक चौपद 	 nAnaka-mArgaH/guru-granthaH/sarva-prastutiH/02_rAga/04_AsA/03_guru_nAnaka_chaupada/
०३ गुरु राम-दास 	 nAnaka-mArgaH/guru-granthaH/sarva-prastutiH/02_rAga/03_gau.DI/03_guru_rAma-dAsa/
०३ गुहाप्रविष्टाधिकरणम् 	 shAnkara-darshanam/tattvam/shankaraH/brahma-sUtrANi/mUlam/1/2/03_guhApraviShTAdhikaraNam/
०३ गुहाप्रविष्टाधिकरणम् 	 shAnkara-darshanam/tattvam/shankaraH/brahma-sUtrANi/sarva-prastutiH/01/02/03_guhApraviShTAdhikaraNam/
०३ तडिदधिकरणम् 	 shAnkara-darshanam/tattvam/shankaraH/brahma-sUtrANi/mUlam/4/3/03_taDidadhikaraNam/
०३ तडिदधिकरणम् 	 shAnkara-darshanam/tattvam/shankaraH/brahma-sUtrANi/sarva-prastutiH/04/03/03_taDidadhikaraNam/
०३ तत्त्वमस्यादिवाक्याखण्डार्थत्वोपपत्तिः 	 shAnkara-darshanam/tattvam/madhu-sUdana-sarasvatI/advaita-siddhiH/2/03_tattvamasyAdivAkyAkhaNDArthatvopapatt/
०३ नविलक्षणत्वाधिकरणम् 	 shAnkara-darshanam/tattvam/shankaraH/brahma-sUtrANi/mUlam/2/1/03_navilaxaNatvAdhikaraNam/
०३ नविलक्षणत्वाधिकरणम् 	 shAnkara-darshanam/tattvam/shankaraH/brahma-sUtrANi/sarva-prastutiH/02/01/03_navilaxaNatvAdhikaraNam/
०३ परमाणुजगदकारणत्वाधिकरणम् 	 shAnkara-darshanam/tattvam/shankaraH/brahma-sUtrANi/mUlam/2/2/03_paramANujagadakAraNatvAdhikaraNam/
०३ परमाणुजगदकारणत्वाधिकरणम् 	 shAnkara-darshanam/tattvam/shankaraH/brahma-sUtrANi/sarva-prastutiH/02/02/03_paramANujagadakAraNatvAdhikaraNam/
०३ प्रतीकाधिकरणम् 	 shAnkara-darshanam/tattvam/shankaraH/brahma-sUtrANi/mUlam/4/1/03_pratIkAdhikaraNam/
०३ प्रतीकाधिकरणम् 	 shAnkara-darshanam/tattvam/shankaraH/brahma-sUtrANi/sarva-prastutiH/04/01/03_pratIkAdhikaraNam/
०३ प्राणाणुत्वाधिकरणम् 	 shAnkara-darshanam/tattvam/shankaraH/brahma-sUtrANi/mUlam/2/4/03_prANANutvAdhikaraNam/
०३ प्राणाणुत्वाधिकरणम् 	 shAnkara-darshanam/tattvam/shankaraH/brahma-sUtrANi/sarva-prastutiH/02/04/03_prANANutvAdhikaraNam/
०३ बौद्धदर्शनम् 	 shAnkara-darshanam/tattvam/mAdhava-sarva-darshana-sangrahaH/03_bauddhadarshanam/
०३ ब्रह्मसूत्र का शक्तिभाष्य 	 articles/saMskRta-vANmaya-bRhad-itihAsa_10_vedAnta/02_vishiShTAdvaitavAda/02_shaiva_mata/03_brahmasUtra_kA_shaktibhAShya/
०३ ब्राह्माधिकरणम् 	 shAnkara-darshanam/tattvam/shankaraH/brahma-sUtrANi/mUlam/4/4/03_brAhmAdhikaraNam/
०३ ब्राह्माधिकरणम् 	 shAnkara-darshanam/tattvam/shankaraH/brahma-sUtrANi/sarva-prastutiH/04/04/03_brAhmAdhikaraNam/
०३ भगवद्गीता की विशिष्टाद्वैतवादी व्याख्याएँ 	 articles/saMskRta-vANmaya-bRhad-itihAsa_10_vedAnta/04_gItA_aura_yogavAsiShTha/01_bhagavadgItA/03_bhagavadgItA_kI_vishiShTAdvaitavAdI_vyAkhyAe.N/
०३ मध्वाचार्य का द्वैतवेदान्त 	 articles/saMskRta-vANmaya-bRhad-itihAsa_10_vedAnta/03_seshvara_vedAnta/03_madhvAchArya_kA_dvaitavedAnta/
०३ रामानुजोत्तर-विशिष्टाद्वैत-वेदान्त 	 articles/saMskRta-vANmaya-bRhad-itihAsa_10_vedAnta/02_vishiShTAdvaitavAda/01_vaiShNava_mata/03_rAmAnujottara-vishiShTAdvaita-vedAnta/
०३ विवरण-प्रस्थान और उसका विकास 	 articles/saMskRta-vANmaya-bRhad-itihAsa_10_vedAnta/01_advaita_vedAnta/03_vivaraNa-prasthAna_aura_usakA_vikAsa/
०३ शास्त्रयोनित्वाधिकरणम् 	 shAnkara-darshanam/tattvam/shankaraH/brahma-sUtrANi/mUlam/1/1/03_shAstrayonitvAdhikaraNam/
०३ शास्त्रयोनित्वाधिकरणम् 	 shAnkara-darshanam/tattvam/shankaraH/brahma-sUtrANi/sarva-prastutiH/01/01/03_shAstrayonitvAdhikaraNam/
०३ संख्योपसङ्ग्रहाधिकरणम् 	 shAnkara-darshanam/tattvam/shankaraH/brahma-sUtrANi/mUlam/1/4/03_saMkhyopasangrahAdhikaraNam/
०३ संख्योपसङ्ग्रहाधिकरणम् 	 shAnkara-darshanam/tattvam/shankaraH/brahma-sUtrANi/sarva-prastutiH/01/04/03_saMkhyopasangrahAdhikaraNam/
०३ सोहिला 	 nAnaka-mArgaH/guru-granthaH/sarva-prastutiH/01_pre-rAga/03_sohilA/
०३ स्तुतिमात्राधिकरणम् 	 shAnkara-darshanam/tattvam/shankaraH/brahma-sUtrANi/mUlam/3/4/03_stutimAtrAdhikaraNam/
०३ स्तुतिमात्राधिकरणम् 	 shAnkara-darshanam/tattvam/shankaraH/brahma-sUtrANi/sarva-prastutiH/03/04/03_stutimAtrAdhikaraNam/
೦೩ ಅನುಬಂಧ ೧ ಸತ್ ಮತ್ತು ಅಸತ್ 	 shAnkara-darshanam/tattvam/articles/satyanArAyaNa-shAstrI/garaNi-rAdhAkRShNaH/ramaNa/gItA_maNi_mAle/03_anubaMdha_1_sat_mattu_asat/
೦೩ ನಿನ್ನಲ್ಲಿರುವ ಆತ್ಮ ನಿನಗೋಸ್ಕರ ಕಾಯುತ್ತದೆ 	 shAnkara-darshanam/tattvam/articles/satyanArAyaNa-shAstrI/garaNi-rAdhAkRShNaH/ramaNa/ramaNa_maharShigaLoDane_saMvAda/03_ninnalliruva_Atma_ninagOskara_kAyuttade/
೦೩ ಪ್ರಮುಖ ಕರ್ತವ್ಯಗಳು 	 shAnkara-darshanam/tattvam/articles/satyanArAyaNa-shAstrI/garaNi-rAdhAkRShNaH/ramaNa/ramaNa_gItA/03_pramukha_kartavyagaLu/
०३० 	 yoga-vAsiShTha-shAstram/Ananda-bodhendra-TIkA/3_utpattiprakaraNam/030/
०३० 	 yoga-vAsiShTha-shAstram/Ananda-bodhendra-TIkA/6_nirvANa-prakaraNam/1/030/
०३० 	 yoga-vAsiShTha-shAstram/Ananda-bodhendra-TIkA/6_nirvANa-prakaraNam/2/030/
०३१ 	 yoga-vAsiShTha-shAstram/Ananda-bodhendra-TIkA/3_utpattiprakaraNam/031/
०३१ 	 yoga-vAsiShTha-shAstram/Ananda-bodhendra-TIkA/6_nirvANa-prakaraNam/1/031/
०३१ 	 yoga-vAsiShTha-shAstram/Ananda-bodhendra-TIkA/6_nirvANa-prakaraNam/2/031/
०३२ 	 yoga-vAsiShTha-shAstram/Ananda-bodhendra-TIkA/3_utpattiprakaraNam/032/
०३२ 	 yoga-vAsiShTha-shAstram/Ananda-bodhendra-TIkA/6_nirvANa-prakaraNam/1/032/
०३२ 	 yoga-vAsiShTha-shAstram/Ananda-bodhendra-TIkA/6_nirvANa-prakaraNam/2/032/
०३३ 	 yoga-vAsiShTha-shAstram/Ananda-bodhendra-TIkA/3_utpattiprakaraNam/033/
०३३ 	 yoga-vAsiShTha-shAstram/Ananda-bodhendra-TIkA/6_nirvANa-prakaraNam/1/033/
०३३ 	 yoga-vAsiShTha-shAstram/Ananda-bodhendra-TIkA/6_nirvANa-prakaraNam/2/033/
०३४ 	 yoga-vAsiShTha-shAstram/Ananda-bodhendra-TIkA/3_utpattiprakaraNam/034/
०३४ 	 yoga-vAsiShTha-shAstram/Ananda-bodhendra-TIkA/6_nirvANa-prakaraNam/1/034/
०३४ 	 yoga-vAsiShTha-shAstram/Ananda-bodhendra-TIkA/6_nirvANa-prakaraNam/2/034/
०३५ 	 yoga-vAsiShTha-shAstram/Ananda-bodhendra-TIkA/3_utpattiprakaraNam/035/
०३५ 	 yoga-vAsiShTha-shAstram/Ananda-bodhendra-TIkA/6_nirvANa-prakaraNam/1/035/
०३५ 	 yoga-vAsiShTha-shAstram/Ananda-bodhendra-TIkA/6_nirvANa-prakaraNam/2/035/
०३६ 	 yoga-vAsiShTha-shAstram/Ananda-bodhendra-TIkA/3_utpattiprakaraNam/036/
०३६ 	 yoga-vAsiShTha-shAstram/Ananda-bodhendra-TIkA/6_nirvANa-prakaraNam/1/036/
०३६ 	 yoga-vAsiShTha-shAstram/Ananda-bodhendra-TIkA/6_nirvANa-prakaraNam/2/036/
०३७ 	 yoga-vAsiShTha-shAstram/Ananda-bodhendra-TIkA/3_utpattiprakaraNam/037/
०३७ 	 yoga-vAsiShTha-shAstram/Ananda-bodhendra-TIkA/6_nirvANa-prakaraNam/1/037/
०३७ 	 yoga-vAsiShTha-shAstram/Ananda-bodhendra-TIkA/6_nirvANa-prakaraNam/2/037/
०३८ 	 yoga-vAsiShTha-shAstram/Ananda-bodhendra-TIkA/3_utpattiprakaraNam/038/
०३८ 	 yoga-vAsiShTha-shAstram/Ananda-bodhendra-TIkA/6_nirvANa-prakaraNam/1/038/
०३८ 	 yoga-vAsiShTha-shAstram/Ananda-bodhendra-TIkA/6_nirvANa-prakaraNam/2/038/
०३९ 	 yoga-vAsiShTha-shAstram/Ananda-bodhendra-TIkA/3_utpattiprakaraNam/039/
०३९ 	 yoga-vAsiShTha-shAstram/Ananda-bodhendra-TIkA/6_nirvANa-prakaraNam/1/039/
०३९ 	 yoga-vAsiShTha-shAstram/Ananda-bodhendra-TIkA/6_nirvANa-prakaraNam/2/039/
०४ 	 shAnkara-darshanam/kAvaym/padyam/shankara-digvijayaH/mAdhavIyaH/sarva-prastutiH/04/
०४ 	 shAnkara-darshanam/tattvam/appayyaH/nyAya-raxA-maNiH/01/04/
०४ 	 shAnkara-darshanam/tattvam/appayyaH/siddhAnta-lesha-sangrahaH/mUlam/04/
०४ 	 shAnkara-darshanam/tattvam/prakIrNam/kRShNAnanda-tIrtha-shAstra-siddhAnta-lesha-sangrahaH/sarva-prastutiH/04/
०४ 	 shAnkara-darshanam/tattvam/shankaraH/brahma-sUtrANi/vAchaspati-mishra-bhAmatI/01/04/
०४ 	 shAnkara-darshanam/tattvam/shankaraH/brahma-sUtrANi/vAchaspati-mishra-bhAmatI/02/04/
०४ 	 shAnkara-darshanam/tattvam/shankaraH/brahma-sUtrANi/vAchaspati-mishra-bhAmatI/03/04/
०४ 	 shAnkara-darshanam/tattvam/shankaraH/brahma-sUtrANi/vAchaspati-mishra-bhAmatI/04/04/
०४ 	 yoga-vAsiShTha-shAstram/Ananda-bodhendra-TIkA/1_vairAgya-prakaraNam/04/
०४ 	 yoga-vAsiShTha-shAstram/Ananda-bodhendra-TIkA/2_mumuxu-vyavahAra-prakaraNam/04/
०४ 	 yoga-vAsiShTha-shAstram/Ananda-bodhendra-TIkA/4_sthiti-prakaraNam/04/
०४ 	 yoga-vAsiShTha-shAstram/Ananda-bodhendra-TIkA/5_upashama-prakaraNam/04/
04 - Knowledge is Continuous 	 shAnkara-darshanam/tattvam/prakIrNam/dharmarAjAdhvarI_vedAnta-paribhAShA/sadAnandaH/01_perception/04_knowledge-continuous/
04 - Mechanism of anumAna Pt. 1 	 shAnkara-darshanam/tattvam/prakIrNam/dharmarAjAdhvarI_vedAnta-paribhAShA/sadAnandaH/02_anumAna/04_mechanism-anumana1/
04 - Self Revealed, Part 4 	 shAnkara-darshanam/tattvam/en/nome/self-revealed/04_self-revealed-part-4/
04 - The Fundamentals of the Bhakti Tradition in Hinduism Part IV 	 shAnkara-darshanam/tattvam/en/v-krishnamurthy/the-fundamentals-of-the-bhakti-tradition-in-hinduism/04_the-fundamentals-of-the-bhakti-tradition-in-hinduism-part-iv/
04 AVASTHĀ-TRAYA-PARĪKṣĀ 	 shAnkara-darshanam/tattvam/articles/satyanArAyaNa-shAstrI/let_go/01_siddhAnta_-_THEORY/04_avasthA-traya-parIxA/
04 BOYHOOD DAYS UP TO THE AGE OF EIGHT 	 shAnkara-darshanam/kAvaym/padyam/shankara-digvijayaH/mAdhavIyaH/en_tapasyAnanda/04_BOYHOOD_DAYS_UP_TO_THE_AGE_OF_EIGHT/
04 Chapter IV - The Rāmānuja System 	 shAnkara-darshanam/tattvam/mAdhava-sarva-darshana-sangrahaH/en/colwell/04/
04 Foreword 	 shAnkara-darshanam/tattvam/articles/satyanArAyaNa-shAstrI/let_go/0/04_Foreword/
04 GLOSSARY 	 shAnkara-darshanam/tattvam/articles/satyanArAyaNa-shAstrI/let_go/04_GLOSSARY/
04 None 	 shAnkara-darshanam/tattvam/shankaraH/brahma-sUtrANi/thibaut/1/2/04/
04 None 	 shAnkara-darshanam/tattvam/shankaraH/brahma-sUtrANi/thibaut/1/3/04/
04 None 	 shAnkara-darshanam/tattvam/shankaraH/brahma-sUtrANi/thibaut/1/4/04/
04 None 	 shAnkara-darshanam/tattvam/shankaraH/brahma-sUtrANi/thibaut/2/1/04/
04 None 	 shAnkara-darshanam/tattvam/shankaraH/brahma-sUtrANi/thibaut/2/2/04/
04 None 	 shAnkara-darshanam/tattvam/shankaraH/brahma-sUtrANi/thibaut/2/3/04/
04 None 	 shAnkara-darshanam/tattvam/shankaraH/brahma-sUtrANi/thibaut/2/4/04/
04 None 	 shAnkara-darshanam/tattvam/shankaraH/brahma-sUtrANi/thibaut/3/1/04/
04 None 	 shAnkara-darshanam/tattvam/shankaraH/brahma-sUtrANi/thibaut/3/2/04/
04 None 	 shAnkara-darshanam/tattvam/shankaraH/brahma-sUtrANi/thibaut/3/3/04/
04 None 	 shAnkara-darshanam/tattvam/shankaraH/brahma-sUtrANi/thibaut/3/4/04/
04 None 	 shAnkara-darshanam/tattvam/shankaraH/brahma-sUtrANi/thibaut/4/1/04/
04 None 	 shAnkara-darshanam/tattvam/shankaraH/brahma-sUtrANi/thibaut/4/2/04/
04 None 	 shAnkara-darshanam/tattvam/shankaraH/brahma-sUtrANi/thibaut/4/3/04/
04 None 	 shAnkara-darshanam/tattvam/shankaraH/brahma-sUtrANi/thibaut/4/4/04/
04 SĀKĀRADHYĀNA (MEDITATION ON A FORM) 	 shAnkara-darshanam/tattvam/articles/satyanArAyaNa-shAstrI/let_go/02_sAdhana_-_PRACTICE/02_METHODS_OF_sAdhana/04_sAkAradhyAna_MEDITATION_ON_A_FORM/
04 SAPTA-PADAM 	 yoga-vAsiShTha-shAstram/articles/satyanArAyaNa-shAstrI/talks/04_SAPTA-PADAM/
०४ अन्तराधिकरणम् 	 shAnkara-darshanam/tattvam/shankaraH/brahma-sUtrANi/mUlam/1/2/04_antarAdhikaraNam/
०४ अन्तराधिकरणम् 	 shAnkara-darshanam/tattvam/shankaraH/brahma-sUtrANi/sarva-prastutiH/01/02/04_antarAdhikaraNam/
०४ आतिवाहिकाधिकरणम् 	 shAnkara-darshanam/tattvam/shankaraH/brahma-sUtrANi/mUlam/4/3/04_AtivAhikAdhikaraNam/
०४ आतिवाहिकाधिकरणम् 	 shAnkara-darshanam/tattvam/shankaraH/brahma-sUtrANi/sarva-prastutiH/04/03/04_AtivAhikAdhikaraNam/
०४ आर्षेयोपनिषत् 	 upaniShat/aDyAr-sankalanam/04_ArSheyopaniShat/
०४ आर्हतदर्शनम् 	 shAnkara-darshanam/tattvam/mAdhava-sarva-darshana-sangrahaH/04_Arhatadarshanam/
०४ आसृत्युपक्रमाधिकरणम् 	 shAnkara-darshanam/tattvam/shankaraH/brahma-sUtrANi/mUlam/4/2/04_AsRtyupakramAdhikaraNam/
०४ आसृत्युपक्रमाधिकरणम् 	 shAnkara-darshanam/tattvam/shankaraH/brahma-sUtrANi/sarva-prastutiH/04/02/04_AsRtyupakramAdhikaraNam/
०४ ईक्षतिकर्माधिकरणम् 	 shAnkara-darshanam/tattvam/shankaraH/brahma-sUtrANi/mUlam/1/3/04_IxatikarmAdhikaraNam/
०४ ईक्षतिकर्माधिकरणम् 	 shAnkara-darshanam/tattvam/shankaraH/brahma-sUtrANi/sarva-prastutiH/01/03/04_IxatikarmAdhikaraNam/
०४ कारणत्वाधिकरणम् 	 shAnkara-darshanam/tattvam/shankaraH/brahma-sUtrANi/mUlam/1/4/04_kAraNatvAdhikaraNam/
०४ कारणत्वाधिकरणम् 	 shAnkara-darshanam/tattvam/shankaraH/brahma-sUtrANi/sarva-prastutiH/01/04/04_kAraNatvAdhikaraNam/
०४ गुरु अमर-दास असटपदीआ 	 nAnaka-mArgaH/guru-granthaH/sarva-prastutiH/02_rAga/02_mAjha/04_guru_amara-dAsa_asaTapadIA/
०४ गुरु अमर-दास चौपद 	 nAnaka-mArgaH/guru-granthaH/sarva-prastutiH/02_rAga/04_AsA/04_guru_amara-dAsa_chaupada/
०४ गुरु अर्जन-देव 	 nAnaka-mArgaH/guru-granthaH/sarva-prastutiH/02_rAga/03_gau.DI/04_guru_arjana-deva/
०४ तेजोऽधिकरणम् 	 shAnkara-darshanam/tattvam/shankaraH/brahma-sUtrANi/mUlam/2/3/04_tejo-dhikaraNam/
०४ तेजोऽधिकरणम् 	 shAnkara-darshanam/tattvam/shankaraH/brahma-sUtrANi/sarva-prastutiH/02/03/04_tejo-dhikaraNam/
०४ पारिप्लवाधिकरणम् 	 shAnkara-darshanam/tattvam/shankaraH/brahma-sUtrANi/mUlam/3/4/04_pAriplavAdhikaraNam/
०४ पारिप्लवाधिकरणम् 	 shAnkara-darshanam/tattvam/shankaraH/brahma-sUtrANi/sarva-prastutiH/03/04/04_pAriplavAdhikaraNam/
०४ प्राणश्रैष्ठ्याधिकरणम् 	 shAnkara-darshanam/tattvam/shankaraH/brahma-sUtrANi/mUlam/2/4/04_prANashraiShThyAdhikaraNam/
०४ प्राणश्रैष्ठ्याधिकरणम् 	 shAnkara-darshanam/tattvam/shankaraH/brahma-sUtrANi/sarva-prastutiH/02/04/04_prANashraiShThyAdhikaraNam/
०४ ब्रह्मदृष्ट्यधिकरणम् 	 shAnkara-darshanam/tattvam/shankaraH/brahma-sUtrANi/mUlam/4/1/04_brahmadRShTyadhikaraNam/
०४ ब्रह्मदृष्ट्यधिकरणम् 	 shAnkara-darshanam/tattvam/shankaraH/brahma-sUtrANi/sarva-prastutiH/04/01/04_brahmadRShTyadhikaraNam/
०४ ब्रह्मनिर्गुणत्वोपपत्तिः 	 shAnkara-darshanam/tattvam/madhu-sUdana-sarasvatI/advaita-siddhiH/2/04_brahmanirguNatvopapattiH/
०४ भगवद्गीता की द्वैतवादी व्याख्याएं 	 articles/saMskRta-vANmaya-bRhad-itihAsa_10_vedAnta/04_gItA_aura_yogavAsiShTha/01_bhagavadgItA/04_bhagavadgItA_kI_dvaitavAdI_vyAkhyAeM/
०४ भामती-प्रस्थान और उसका विकास 	 articles/saMskRta-vANmaya-bRhad-itihAsa_10_vedAnta/01_advaita_vedAnta/04_bhAmatI-prasthAna_aura_usakA_vikAsa/
०४ मध्वोत्तर द्वैत-वेदान्त का विकास 	 articles/saMskRta-vANmaya-bRhad-itihAsa_10_vedAnta/03_seshvara_vedAnta/04_madhvottara_dvaita-vedAnta_kA_vikAsa/
०४ मुग्धाधिकरणम् 	 shAnkara-darshanam/tattvam/shankaraH/brahma-sUtrANi/mUlam/3/2/04_mugdhAdhikaraNam/
०४ मुग्धाधिकरणम् 	 shAnkara-darshanam/tattvam/shankaraH/brahma-sUtrANi/sarva-prastutiH/03/02/04_mugdhAdhikaraNam/
०४ रामानन्द-वेदान्त और उसका विकास 	 articles/saMskRta-vANmaya-bRhad-itihAsa_10_vedAnta/02_vishiShTAdvaitavAda/01_vaiShNava_mata/04_rAmAnanda-vedAnta_aura_usakA_vikAsa/
०४ व्याप्त्यधिकरणम् 	 shAnkara-darshanam/tattvam/shankaraH/brahma-sUtrANi/mUlam/3/3/04_vyAptyadhikaraNam/
०४ व्याप्त्यधिकरणम् 	 shAnkara-darshanam/tattvam/shankaraH/brahma-sUtrANi/sarva-prastutiH/03/03/04_vyAptyadhikaraNam/
०४ शिष्टापरिग्रहाधिकरणम् 	 shAnkara-darshanam/tattvam/shankaraH/brahma-sUtrANi/mUlam/2/1/04_shiShTAparigrahAdhikaraNam/
०४ शिष्टापरिग्रहाधिकरणम् 	 shAnkara-darshanam/tattvam/shankaraH/brahma-sUtrANi/sarva-prastutiH/02/01/04_shiShTAparigrahAdhikaraNam/
०४ शिष्यप्रोक्तानुभवोल्लासषट्कम् 	 aShTAvakra-gItA/sarva-prastutiH/04_shiShyaproktAnubhavollAsaShaTkam/
०४ सङ्कल्पाधिकरणम् 	 shAnkara-darshanam/tattvam/shankaraH/brahma-sUtrANi/mUlam/4/4/04_sankalpAdhikaraNam/
०४ सङ्कल्पाधिकरणम् 	 shAnkara-darshanam/tattvam/shankaraH/brahma-sUtrANi/sarva-prastutiH/04/04/04_sankalpAdhikaraNam/
०४ समन्वयाधिकरणम् 	 shAnkara-darshanam/tattvam/shankaraH/brahma-sUtrANi/mUlam/1/1/04_samanvayAdhikaraNam/
०४ समन्वयाधिकरणम् 	 shAnkara-darshanam/tattvam/shankaraH/brahma-sUtrANi/sarva-prastutiH/01/01/04_samanvayAdhikaraNam/
०४ समुदायाधिकरणम् 	 shAnkara-darshanam/tattvam/shankaraH/brahma-sUtrANi/mUlam/2/2/04_samudAyAdhikaraNam/
०४ समुदायाधिकरणम् 	 shAnkara-darshanam/tattvam/shankaraH/brahma-sUtrANi/sarva-prastutiH/02/02/04_samudAyAdhikaraNam/
०४ साभाव्यापत्त्यधिकरणम् 	 shAnkara-darshanam/tattvam/shankaraH/brahma-sUtrANi/mUlam/3/1/04_sAbhAvyApattyadhikaraNam/
०४ साभाव्यापत्त्यधिकरणम् 	 shAnkara-darshanam/tattvam/shankaraH/brahma-sUtrANi/sarva-prastutiH/03/01/04_sAbhAvyApattyadhikaraNam/
೦೪ ಅನುಬಂಧ ೨ ಆಕಾಶ 	 shAnkara-darshanam/tattvam/articles/satyanArAyaNa-shAstrI/garaNi-rAdhAkRShNaH/ramaNa/gItA_maNi_mAle/04_anubaMdha_2_AkAsha/
೦೪ ಜ್ಞಾನದ ಪ್ರಕೃತಿ ಮತ್ತು ಸ್ವಭಾವ 	 shAnkara-darshanam/tattvam/articles/satyanArAyaNa-shAstrI/garaNi-rAdhAkRShNaH/ramaNa/ramaNa_gItA/04_jnAnada_prakRti_mattu_svabhAva/
೦೪ ಜ್ಞಾನದ ಸ್ಥಿತಿಯು ನಿಷ್ಕ್ರಿಯತೆ ಅಲ್ಲ 	 shAnkara-darshanam/tattvam/articles/satyanArAyaNa-shAstrI/garaNi-rAdhAkRShNaH/ramaNa/ramaNa_maharShigaLoDane_saMvAda/04_jnAnada_sthitiyu_niShkriyate_alla/
०४० 	 yoga-vAsiShTha-shAstram/Ananda-bodhendra-TIkA/3_utpattiprakaraNam/040/
०४० 	 yoga-vAsiShTha-shAstram/Ananda-bodhendra-TIkA/6_nirvANa-prakaraNam/1/040/
०४० 	 yoga-vAsiShTha-shAstram/Ananda-bodhendra-TIkA/6_nirvANa-prakaraNam/2/040/
०४१ 	 yoga-vAsiShTha-shAstram/Ananda-bodhendra-TIkA/3_utpattiprakaraNam/041/
०४१ 	 yoga-vAsiShTha-shAstram/Ananda-bodhendra-TIkA/6_nirvANa-prakaraNam/1/041/
०४१ 	 yoga-vAsiShTha-shAstram/Ananda-bodhendra-TIkA/6_nirvANa-prakaraNam/2/041/
०४२ 	 yoga-vAsiShTha-shAstram/Ananda-bodhendra-TIkA/3_utpattiprakaraNam/042/
०४२ 	 yoga-vAsiShTha-shAstram/Ananda-bodhendra-TIkA/6_nirvANa-prakaraNam/1/042/
०४२ 	 yoga-vAsiShTha-shAstram/Ananda-bodhendra-TIkA/6_nirvANa-prakaraNam/2/042/
०४३ 	 yoga-vAsiShTha-shAstram/Ananda-bodhendra-TIkA/3_utpattiprakaraNam/043/
०४३ 	 yoga-vAsiShTha-shAstram/Ananda-bodhendra-TIkA/6_nirvANa-prakaraNam/1/043/
०४३ 	 yoga-vAsiShTha-shAstram/Ananda-bodhendra-TIkA/6_nirvANa-prakaraNam/2/043/
०४४ 	 yoga-vAsiShTha-shAstram/Ananda-bodhendra-TIkA/3_utpattiprakaraNam/044/
०४४ 	 yoga-vAsiShTha-shAstram/Ananda-bodhendra-TIkA/6_nirvANa-prakaraNam/1/044/
०४४ 	 yoga-vAsiShTha-shAstram/Ananda-bodhendra-TIkA/6_nirvANa-prakaraNam/2/044/
०४५ 	 yoga-vAsiShTha-shAstram/Ananda-bodhendra-TIkA/3_utpattiprakaraNam/045/
०४५ 	 yoga-vAsiShTha-shAstram/Ananda-bodhendra-TIkA/6_nirvANa-prakaraNam/1/045/
०४५ 	 yoga-vAsiShTha-shAstram/Ananda-bodhendra-TIkA/6_nirvANa-prakaraNam/2/045/
०४६ 	 yoga-vAsiShTha-shAstram/Ananda-bodhendra-TIkA/3_utpattiprakaraNam/046/
०४६ 	 yoga-vAsiShTha-shAstram/Ananda-bodhendra-TIkA/6_nirvANa-prakaraNam/1/046/
०४६ 	 yoga-vAsiShTha-shAstram/Ananda-bodhendra-TIkA/6_nirvANa-prakaraNam/2/046/
०४७ 	 yoga-vAsiShTha-shAstram/Ananda-bodhendra-TIkA/3_utpattiprakaraNam/047/
०४७ 	 yoga-vAsiShTha-shAstram/Ananda-bodhendra-TIkA/6_nirvANa-prakaraNam/1/047/
०४७ 	 yoga-vAsiShTha-shAstram/Ananda-bodhendra-TIkA/6_nirvANa-prakaraNam/2/047/
०४८ 	 yoga-vAsiShTha-shAstram/Ananda-bodhendra-TIkA/3_utpattiprakaraNam/048/
०४८ 	 yoga-vAsiShTha-shAstram/Ananda-bodhendra-TIkA/6_nirvANa-prakaraNam/1/048/
०४८ 	 yoga-vAsiShTha-shAstram/Ananda-bodhendra-TIkA/6_nirvANa-prakaraNam/2/048/
०४९ 	 yoga-vAsiShTha-shAstram/Ananda-bodhendra-TIkA/3_utpattiprakaraNam/049/
०४९ 	 yoga-vAsiShTha-shAstram/Ananda-bodhendra-TIkA/6_nirvANa-prakaraNam/1/049/
०४९ 	 yoga-vAsiShTha-shAstram/Ananda-bodhendra-TIkA/6_nirvANa-prakaraNam/2/049/
०५ 	 shAnkara-darshanam/kAvaym/padyam/shankara-digvijayaH/mAdhavIyaH/sarva-prastutiH/05/
०५ 	 yoga-vAsiShTha-shAstram/Ananda-bodhendra-TIkA/1_vairAgya-prakaraNam/05/
०५ 	 yoga-vAsiShTha-shAstram/Ananda-bodhendra-TIkA/2_mumuxu-vyavahAra-prakaraNam/05/
०५ 	 yoga-vAsiShTha-shAstram/Ananda-bodhendra-TIkA/4_sthiti-prakaraNam/05/
०५ 	 yoga-vAsiShTha-shAstram/Ananda-bodhendra-TIkA/5_upashama-prakaraNam/05/
05 - Mechanism of anumAna Pt. 2 	 shAnkara-darshanam/tattvam/prakIrNam/dharmarAjAdhvarI_vedAnta-paribhAShA/sadAnandaH/02_anumAna/05_mechanism-anumana2/
05 - Self Revealed, Part 5 	 shAnkara-darshanam/tattvam/en/nome/self-revealed/05_self-revealed-part-5/
05 - The Fundamentals of the Bhakti Tradition in Hinduism Part V 	 shAnkara-darshanam/tattvam/en/v-krishnamurthy/the-fundamentals-of-the-bhakti-tradition-in-hinduism/05_the-fundamentals-of-the-bhakti-tradition-in-hinduism-part-v/
05 - Whatever you perceive is Brahman! 	 shAnkara-darshanam/tattvam/prakIrNam/dharmarAjAdhvarI_vedAnta-paribhAShA/sadAnandaH/01_perception/05_perceive-brahman/
05 Chapter V - The Pūrṇa-prajña System 	 shAnkara-darshanam/tattvam/mAdhava-sarva-darshana-sangrahaH/en/colwell/05/
05 EMBRACING SANNYASA 	 shAnkara-darshanam/kAvaym/padyam/shankara-digvijayaH/mAdhavIyaH/en_tapasyAnanda/05_EMBRACING_SANNYASA/
05 JAPA (CHANTING OF HOLY NAME) 	 shAnkara-darshanam/tattvam/articles/satyanArAyaNa-shAstrI/let_go/02_sAdhana_-_PRACTICE/02_METHODS_OF_sAdhana/05_JAPA_CHANTING_OF_HOLY_NAME/
05 None 	 shAnkara-darshanam/tattvam/shankaraH/brahma-sUtrANi/thibaut/1/2/05/
05 None 	 shAnkara-darshanam/tattvam/shankaraH/brahma-sUtrANi/thibaut/1/3/05/
05 None 	 shAnkara-darshanam/tattvam/shankaraH/brahma-sUtrANi/thibaut/1/4/05/
05 None 	 shAnkara-darshanam/tattvam/shankaraH/brahma-sUtrANi/thibaut/2/1/05/
05 None 	 shAnkara-darshanam/tattvam/shankaraH/brahma-sUtrANi/thibaut/2/2/05/
05 None 	 shAnkara-darshanam/tattvam/shankaraH/brahma-sUtrANi/thibaut/2/3/05/
05 None 	 shAnkara-darshanam/tattvam/shankaraH/brahma-sUtrANi/thibaut/2/4/05/
05 None 	 shAnkara-darshanam/tattvam/shankaraH/brahma-sUtrANi/thibaut/3/1/05/
05 None 	 shAnkara-darshanam/tattvam/shankaraH/brahma-sUtrANi/thibaut/3/2/05/
05 None 	 shAnkara-darshanam/tattvam/shankaraH/brahma-sUtrANi/thibaut/3/3/05/
05 None 	 shAnkara-darshanam/tattvam/shankaraH/brahma-sUtrANi/thibaut/3/4/05/
05 None 	 shAnkara-darshanam/tattvam/shankaraH/brahma-sUtrANi/thibaut/4/1/05/
05 None 	 shAnkara-darshanam/tattvam/shankaraH/brahma-sUtrANi/thibaut/4/2/05/
05 None 	 shAnkara-darshanam/tattvam/shankaraH/brahma-sUtrANi/thibaut/4/3/05/
05 None 	 shAnkara-darshanam/tattvam/shankaraH/brahma-sUtrANi/thibaut/4/4/05/
05 PANCA KOŚA VIVĒKA 	 shAnkara-darshanam/tattvam/articles/satyanArAyaNa-shAstrI/let_go/01_siddhAnta_-_THEORY/05_PANCA_kosha_vivka/
05 SAPTA-BHŪMIKĀ 	 yoga-vAsiShTha-shAstram/articles/satyanArAyaNa-shAstrI/talks/05_sapta-bhUmikA/
05 Why read this book? 	 shAnkara-darshanam/tattvam/articles/satyanArAyaNa-shAstrI/let_go/0/05_Why_read_this_book/
०५ अग्नीन्धनाद्यधिकरणम् 	 shAnkara-darshanam/tattvam/shankaraH/brahma-sUtrANi/sarva-prastutiH/03/04/05_agnIndhanAdyadhikaraNam/
०५ अन्तर्याम्यधिकरणम् 	 shAnkara-darshanam/tattvam/shankaraH/brahma-sUtrANi/mUlam/1/2/05_antaryAmyadhikaraNam/
०५ अन्तर्याम्यधिकरणम् 	 shAnkara-darshanam/tattvam/shankaraH/brahma-sUtrANi/sarva-prastutiH/01/02/05_antaryAmyadhikaraNam/
०५ अबधिकरणम् 	 shAnkara-darshanam/tattvam/shankaraH/brahma-sUtrANi/mUlam/2/3/05_abadhikaraNam/
०५ अबधिकरणम् 	 shAnkara-darshanam/tattvam/shankaraH/brahma-sUtrANi/sarva-prastutiH/02/03/05_abadhikaraNam/
०५ अभावाधिकरणम् 	 shAnkara-darshanam/tattvam/shankaraH/brahma-sUtrANi/mUlam/2/2/05_abhAvAdhikaraNam/
०५ अभावाधिकरणम् 	 shAnkara-darshanam/tattvam/shankaraH/brahma-sUtrANi/mUlam/4/4/05_abhAvAdhikaraNam/
०५ अभावाधिकरणम् 	 shAnkara-darshanam/tattvam/shankaraH/brahma-sUtrANi/sarva-prastutiH/02/02/05_abhAvAdhikaraNam/
०५ अभावाधिकरणम् 	 shAnkara-darshanam/tattvam/shankaraH/brahma-sUtrANi/sarva-prastutiH/04/04/05_abhAvAdhikaraNam/
०५ आग्नीन्धनाद्यधिकरणम् 	 shAnkara-darshanam/tattvam/shankaraH/brahma-sUtrANi/mUlam/3/4/05_AgnIndhanAdyadhikaraNam/
०५ आदित्यादिमत्यधिकरणम् 	 shAnkara-darshanam/tattvam/shankaraH/brahma-sUtrANi/mUlam/4/1/05_AdityAdimatyadhikaraNam/
०५ आदित्यादिमत्यधिकरणम् 	 shAnkara-darshanam/tattvam/shankaraH/brahma-sUtrANi/sarva-prastutiH/04/01/05_AdityAdimatyadhikaraNam/
०५ इतिहासोपनिषत् 	 upaniShat/aDyAr-sankalanam/05_itihAsopaniShat/
०५ ईक्षत्यधिकरणम् 	 shAnkara-darshanam/tattvam/shankaraH/brahma-sUtrANi/mUlam/1/1/05_IxatyadhikaraNam/
०५ ईक्षत्यधिकरणम् 	 shAnkara-darshanam/tattvam/shankaraH/brahma-sUtrANi/sarva-prastutiH/01/01/05_IxatyadhikaraNam/
०५ उभयलिङ्गाधिकरणम् 	 shAnkara-darshanam/tattvam/shankaraH/brahma-sUtrANi/mUlam/3/2/05_ubhayalingAdhikaraNam/
०५ उभयलिङ्गाधिकरणम् 	 shAnkara-darshanam/tattvam/shankaraH/brahma-sUtrANi/sarva-prastutiH/03/02/05_ubhayalingAdhikaraNam/
०५ कार्याधिकरणम् 	 shAnkara-darshanam/tattvam/shankaraH/brahma-sUtrANi/mUlam/4/3/05_kAryAdhikaraNam/
०५ कार्याधिकरणम् 	 shAnkara-darshanam/tattvam/shankaraH/brahma-sUtrANi/sarva-prastutiH/04/03/05_kAryAdhikaraNam/
०५ गुरु अमर-दास काफी 	 nAnaka-mArgaH/guru-granthaH/sarva-prastutiH/02_rAga/04_AsA/05_guru_amara-dAsa_kAphI/
०५ गुरु अर्जन-देव चौपाई 	 nAnaka-mArgaH/guru-granthaH/sarva-prastutiH/02_rAga/03_gau.DI/05_guru_arjana-deva_chaupAI/
०५ गुरु राम-दास असटपदीआ 	 nAnaka-mArgaH/guru-granthaH/sarva-prastutiH/02_rAga/02_mAjha/05_guru_rAma-dAsa_asaTapadIA/
०५ गूजरी 	 nAnaka-mArgaH/guru-granthaH/sarva-prastutiH/02_rAga/05_gUjarI/
०५ दहराधिकरणम् 	 shAnkara-darshanam/tattvam/shankaraH/brahma-sUtrANi/mUlam/1/3/05_daharAdhikaraNam/
०५ दहराधिकरणम् 	 shAnkara-darshanam/tattvam/shankaraH/brahma-sUtrANi/sarva-prastutiH/01/03/05_daharAdhikaraNam/
०५ नातिचिराधिकरणम् 	 shAnkara-darshanam/tattvam/shankaraH/brahma-sUtrANi/mUlam/3/1/05_nAtichirAdhikaraNam/
०५ नातिचिराधिकरणम् 	 shAnkara-darshanam/tattvam/shankaraH/brahma-sUtrANi/sarva-prastutiH/03/01/05_nAtichirAdhikaraNam/
०५ बालाक्यधिकरणम् 	 shAnkara-darshanam/tattvam/shankaraH/brahma-sUtrANi/mUlam/1/4/05_bAlAkyadhikaraNam/
०५ बालाक्यधिकरणम् 	 shAnkara-darshanam/tattvam/shankaraH/brahma-sUtrANi/sarva-prastutiH/01/04/05_bAlAkyadhikaraNam/
०५ ब्रह्मनिर्गुणत्वे प्रमाणोपपत्तिः 	 shAnkara-darshanam/tattvam/madhu-sUdana-sarasvatI/advaita-siddhiH/2/05_brahmanirguNatve_pramANopapattiH/
०५ भगवद्गीता का द्वैताद्वैतवादी भाष्य 	 articles/saMskRta-vANmaya-bRhad-itihAsa_10_vedAnta/04_gItA_aura_yogavAsiShTha/01_bhagavadgItA/05_bhagavadgItA_kA_dvaitAdvaitavAdI_bhAShya/
०५ भोक्त्रापत्त्यधिकरणम् 	 shAnkara-darshanam/tattvam/shankaraH/brahma-sUtrANi/mUlam/2/1/05_bhoktrApattyadhikaraNam/
०५ भोक्त्रापत्त्यधिकरणम् 	 shAnkara-darshanam/tattvam/shankaraH/brahma-sUtrANi/sarva-prastutiH/02/01/05_bhoktrApattyadhikaraNam/
०५ रामानुजदर्शनम् 	 shAnkara-darshanam/tattvam/mAdhava-sarva-darshana-sangrahaH/05_rAmAnujadarshanam/
०५ लयचतुष्टयम् 	 aShTAvakra-gItA/sarva-prastutiH/05_layachatuShTayam/
०५ वायुक्रियाधिकरणम् 	 shAnkara-darshanam/tattvam/shankaraH/brahma-sUtrANi/mUlam/2/4/05_vAyukriyAdhikaraNam/
०५ वायुक्रियाधिकरणम् 	 shAnkara-darshanam/tattvam/shankaraH/brahma-sUtrANi/sarva-prastutiH/02/04/05_vAyukriyAdhikaraNam/
०५ वार्तिक-प्रस्थान और उसका विकास 	 articles/saMskRta-vANmaya-bRhad-itihAsa_10_vedAnta/01_advaita_vedAnta/05_vArtika-prasthAna_aura_usakA_vikAsa/
०५ विज्ञानभिक्षु का विज्ञानामृतभाष्य 	 articles/saMskRta-vANmaya-bRhad-itihAsa_10_vedAnta/03_seshvara_vedAnta/05_vijnAnabhixu_kA_vijnAnAmRtabhAShya/
०५ श्रीस्वामिनारायण-विशिष्टाद्वैतवाद 	 articles/saMskRta-vANmaya-bRhad-itihAsa_10_vedAnta/02_vishiShTAdvaitavAda/01_vaiShNava_mata/05_shrIsvAminArAyaNa-vishiShTAdvaitavAda/
०५ सर्वाभेदाधिकरणम् 	 shAnkara-darshanam/tattvam/shankaraH/brahma-sUtrANi/mUlam/3/3/05_sarvAbhedAdhikaraNam/
०५ सर्वाभेदाधिकरणम् 	 shAnkara-darshanam/tattvam/shankaraH/brahma-sUtrANi/sarva-prastutiH/03/03/05_sarvAbhedAdhikaraNam/
०५ संसारव्यपदेशाधिकरणम् 	 shAnkara-darshanam/tattvam/shankaraH/brahma-sUtrANi/mUlam/4/2/05_saMsAravyapadeshAdhikaraNam/
०५ संसारव्यपदेशाधिकरणम् 	 shAnkara-darshanam/tattvam/shankaraH/brahma-sUtrANi/sarva-prastutiH/04/02/05_saMsAravyapadeshAdhikaraNam/
೦೫ ಅನುಬಂಧ ೩ ವ್ಯಕ್ತ, ಅವ್ಯಕ್ತ, ಅಕ್ಷರ 	 shAnkara-darshanam/tattvam/articles/satyanArAyaNa-shAstrI/garaNi-rAdhAkRShNaH/ramaNa/gItA_maNi_mAle/05_anubaMdha_3_vyakta_avyakta_axara/
೦೫ ನಿರ್ವಿಕಲ್ಪ ಮತ್ತು ಸಹಜ ಸಮಾಧಿ ಸ್ಥಿತಿ 	 shAnkara-darshanam/tattvam/articles/satyanArAyaNa-shAstrI/garaNi-rAdhAkRShNaH/ramaNa/ramaNa_maharShigaLoDane_saMvAda/05_nirvikalpa_mattu_sahaja_samAdhi_sthiti/
೦೫ ಹೃದಯದ ವಿಜ್ಞಾನ 	 shAnkara-darshanam/tattvam/articles/satyanArAyaNa-shAstrI/garaNi-rAdhAkRShNaH/ramaNa/ramaNa_gItA/05_hRdayada_vijnAna/
०५० 	 yoga-vAsiShTha-shAstram/Ananda-bodhendra-TIkA/3_utpattiprakaraNam/050/
०५० 	 yoga-vAsiShTha-shAstram/Ananda-bodhendra-TIkA/6_nirvANa-prakaraNam/1/050/
०५० 	 yoga-vAsiShTha-shAstram/Ananda-bodhendra-TIkA/6_nirvANa-prakaraNam/2/050/
०५१ 	 yoga-vAsiShTha-shAstram/Ananda-bodhendra-TIkA/3_utpattiprakaraNam/051/
०५१ 	 yoga-vAsiShTha-shAstram/Ananda-bodhendra-TIkA/6_nirvANa-prakaraNam/1/051/
०५१ 	 yoga-vAsiShTha-shAstram/Ananda-bodhendra-TIkA/6_nirvANa-prakaraNam/2/051/
०५२ 	 yoga-vAsiShTha-shAstram/Ananda-bodhendra-TIkA/3_utpattiprakaraNam/052/
०५२ 	 yoga-vAsiShTha-shAstram/Ananda-bodhendra-TIkA/6_nirvANa-prakaraNam/1/052/
०५२ 	 yoga-vAsiShTha-shAstram/Ananda-bodhendra-TIkA/6_nirvANa-prakaraNam/2/052/
०५३ 	 yoga-vAsiShTha-shAstram/Ananda-bodhendra-TIkA/3_utpattiprakaraNam/053/
०५३ 	 yoga-vAsiShTha-shAstram/Ananda-bodhendra-TIkA/6_nirvANa-prakaraNam/1/053/
०५३ 	 yoga-vAsiShTha-shAstram/Ananda-bodhendra-TIkA/6_nirvANa-prakaraNam/2/053/
०५४ 	 yoga-vAsiShTha-shAstram/Ananda-bodhendra-TIkA/3_utpattiprakaraNam/054/
०५४ 	 yoga-vAsiShTha-shAstram/Ananda-bodhendra-TIkA/6_nirvANa-prakaraNam/1/054/
०५४ 	 yoga-vAsiShTha-shAstram/Ananda-bodhendra-TIkA/6_nirvANa-prakaraNam/2/054/
०५५ 	 yoga-vAsiShTha-shAstram/Ananda-bodhendra-TIkA/3_utpattiprakaraNam/055/
०५५ 	 yoga-vAsiShTha-shAstram/Ananda-bodhendra-TIkA/6_nirvANa-prakaraNam/1/055/
०५५ 	 yoga-vAsiShTha-shAstram/Ananda-bodhendra-TIkA/6_nirvANa-prakaraNam/2/055/
०५६ 	 yoga-vAsiShTha-shAstram/Ananda-bodhendra-TIkA/3_utpattiprakaraNam/056/
०५६ 	 yoga-vAsiShTha-shAstram/Ananda-bodhendra-TIkA/6_nirvANa-prakaraNam/1/056/
०५६ 	 yoga-vAsiShTha-shAstram/Ananda-bodhendra-TIkA/6_nirvANa-prakaraNam/2/056/
०५७ 	 yoga-vAsiShTha-shAstram/Ananda-bodhendra-TIkA/3_utpattiprakaraNam/057/
०५७ 	 yoga-vAsiShTha-shAstram/Ananda-bodhendra-TIkA/6_nirvANa-prakaraNam/1/057/
०५७ 	 yoga-vAsiShTha-shAstram/Ananda-bodhendra-TIkA/6_nirvANa-prakaraNam/2/057/
०५८ 	 yoga-vAsiShTha-shAstram/Ananda-bodhendra-TIkA/3_utpattiprakaraNam/058/
०५८ 	 yoga-vAsiShTha-shAstram/Ananda-bodhendra-TIkA/6_nirvANa-prakaraNam/1/058/
०५८ 	 yoga-vAsiShTha-shAstram/Ananda-bodhendra-TIkA/6_nirvANa-prakaraNam/2/058/
०५९ 	 yoga-vAsiShTha-shAstram/Ananda-bodhendra-TIkA/3_utpattiprakaraNam/059/
०५९ 	 yoga-vAsiShTha-shAstram/Ananda-bodhendra-TIkA/6_nirvANa-prakaraNam/1/059/
०५९ 	 yoga-vAsiShTha-shAstram/Ananda-bodhendra-TIkA/6_nirvANa-prakaraNam/2/059/
०६ 	 shAnkara-darshanam/kAvaym/padyam/shankara-digvijayaH/mAdhavIyaH/sarva-prastutiH/06/
०६ 	 yoga-vAsiShTha-shAstram/Ananda-bodhendra-TIkA/1_vairAgya-prakaraNam/06/
०६ 	 yoga-vAsiShTha-shAstram/Ananda-bodhendra-TIkA/2_mumuxu-vyavahAra-prakaraNam/06/
०६ 	 yoga-vAsiShTha-shAstram/Ananda-bodhendra-TIkA/4_sthiti-prakaraNam/06/
०६ 	 yoga-vAsiShTha-shAstram/Ananda-bodhendra-TIkA/5_upashama-prakaraNam/06/
06 - Attributes and Substantive 	 shAnkara-darshanam/tattvam/prakIrNam/dharmarAjAdhvarI_vedAnta-paribhAShA/sadAnandaH/01_perception/06_attributes-substantive/
06 - mithyAtva of the Universe Pt.1 	 shAnkara-darshanam/tattvam/prakIrNam/dharmarAjAdhvarI_vedAnta-paribhAShA/sadAnandaH/02_anumAna/06_mithyatva-universe1/
06 - Self Revealed, Part 6 	 shAnkara-darshanam/tattvam/en/nome/self-revealed/06_self-revealed-part-6/
06 - The Fundamentals of the Bhakti Tradition in Hinduism Part VI 	 shAnkara-darshanam/tattvam/en/v-krishnamurthy/the-fundamentals-of-the-bhakti-tradition-in-hinduism/06_the-fundamentals-of-the-bhakti-tradition-in-hinduism-part-vi/
06 Chapter VI - The Nakulīśa-Pāśupata System 	 shAnkara-darshanam/tattvam/mAdhava-sarva-darshana-sangrahaH/en/colwell/06/
06 ESTABLISHMENT OF THE PRISTINE PHILOSOPHY OF THE SELF 	 shAnkara-darshanam/kAvaym/padyam/shankara-digvijayaH/mAdhavIyaH/en_tapasyAnanda/06_ESTABLISHMENT_OF_THE_PRISTINE_PHILOSOPHY_OF_THE_SELF/
06 None 	 shAnkara-darshanam/tattvam/shankaraH/brahma-sUtrANi/thibaut/1/2/06/
06 None 	 shAnkara-darshanam/tattvam/shankaraH/brahma-sUtrANi/thibaut/1/3/06/
06 None 	 shAnkara-darshanam/tattvam/shankaraH/brahma-sUtrANi/thibaut/1/4/06/
06 None 	 shAnkara-darshanam/tattvam/shankaraH/brahma-sUtrANi/thibaut/2/1/06/
06 None 	 shAnkara-darshanam/tattvam/shankaraH/brahma-sUtrANi/thibaut/2/2/06/
06 None 	 shAnkara-darshanam/tattvam/shankaraH/brahma-sUtrANi/thibaut/2/3/06/
06 None 	 shAnkara-darshanam/tattvam/shankaraH/brahma-sUtrANi/thibaut/2/4/06/
06 None 	 shAnkara-darshanam/tattvam/shankaraH/brahma-sUtrANi/thibaut/3/1/06/
06 None 	 shAnkara-darshanam/tattvam/shankaraH/brahma-sUtrANi/thibaut/3/2/06/
06 None 	 shAnkara-darshanam/tattvam/shankaraH/brahma-sUtrANi/thibaut/3/3/06/
06 None 	 shAnkara-darshanam/tattvam/shankaraH/brahma-sUtrANi/thibaut/3/4/06/
06 None 	 shAnkara-darshanam/tattvam/shankaraH/brahma-sUtrANi/thibaut/4/1/06/
06 None 	 shAnkara-darshanam/tattvam/shankaraH/brahma-sUtrANi/thibaut/4/2/06/
06 None 	 shAnkara-darshanam/tattvam/shankaraH/brahma-sUtrANi/thibaut/4/3/06/
06 None 	 shAnkara-darshanam/tattvam/shankaraH/brahma-sUtrANi/thibaut/4/4/06/
06 OTHER NEUTRAL ACTIVITIES 	 shAnkara-darshanam/tattvam/articles/satyanArAyaNa-shAstrI/let_go/02_sAdhana_-_PRACTICE/02_METHODS_OF_sAdhana/06_OTHER_NEUTRAL_ACTIVITIES/
06 PRAHLĀDŌPĀKHYĀNAM 	 yoga-vAsiShTha-shAstram/articles/satyanArAyaNa-shAstrI/talks/06_prahlAdopAkhyAnam/
०६ अदृश्यत्वाधिकरणम् 	 shAnkara-darshanam/tattvam/shankaraH/brahma-sUtrANi/mUlam/1/2/06_adRshyatvAdhikaraNam/
०६ अदृश्यत्वाधिकरणम् 	 shAnkara-darshanam/tattvam/shankaraH/brahma-sUtrANi/sarva-prastutiH/01/02/06_adRshyatvAdhikaraNam/
०६ अनुकृत्यधिकरणम् 	 shAnkara-darshanam/tattvam/shankaraH/brahma-sUtrANi/mUlam/1/3/06_anukRtyadhikaraNam/
०६ अनुकृत्यधिकरणम् 	 shAnkara-darshanam/tattvam/shankaraH/brahma-sUtrANi/sarva-prastutiH/01/03/06_anukRtyadhikaraNam/
०६ अन्याधिष्ठिताधिकरणम् 	 shAnkara-darshanam/tattvam/shankaraH/brahma-sUtrANi/mUlam/3/1/06_anyAdhiShThitAdhikaraNam/
०६ अन्याधिष्ठिताधिकरणम् 	 shAnkara-darshanam/tattvam/shankaraH/brahma-sUtrANi/sarva-prastutiH/03/01/06_anyAdhiShThitAdhikaraNam/
०६ अप्रतीकालम्बनाधिकरणम् 	 shAnkara-darshanam/tattvam/shankaraH/brahma-sUtrANi/mUlam/4/3/06_apratIkAlambanAdhikaraNam/
०६ अप्रतीकालम्बनाधिकरणम् 	 shAnkara-darshanam/tattvam/shankaraH/brahma-sUtrANi/sarva-prastutiH/04/03/06_apratIkAlambanAdhikaraNam/
०६ आनन्दमयाधिकरणम् 	 shAnkara-darshanam/tattvam/shankaraH/brahma-sUtrANi/mUlam/1/1/06_AnandamayAdhikaraNam/
०६ आनन्दमयाधिकरणम् 	 shAnkara-darshanam/tattvam/shankaraH/brahma-sUtrANi/sarva-prastutiH/01/01/06_AnandamayAdhikaraNam/
०६ आनन्दाद्यधिकरणम् 	 shAnkara-darshanam/tattvam/shankaraH/brahma-sUtrANi/mUlam/3/3/06_AnandAdyadhikaraNam/
०६ आनन्दाद्यधिकरणम् 	 shAnkara-darshanam/tattvam/shankaraH/brahma-sUtrANi/sarva-prastutiH/03/03/06_AnandAdyadhikaraNam/
०६ आरम्भणाधिकरणम् 	 shAnkara-darshanam/tattvam/shankaraH/brahma-sUtrANi/mUlam/2/1/06_ArambhaNAdhikaraNam/
०६ आरम्भणाधिकरणम् 	 shAnkara-darshanam/tattvam/shankaraH/brahma-sUtrANi/sarva-prastutiH/02/01/06_ArambhaNAdhikaraNam/
०६ आसीनाधिकरणम् 	 shAnkara-darshanam/tattvam/shankaraH/brahma-sUtrANi/mUlam/4/1/06_AsInAdhikaraNam/
०६ आसीनाधिकरणम् 	 shAnkara-darshanam/tattvam/shankaraH/brahma-sUtrANi/sarva-prastutiH/04/01/06_AsInAdhikaraNam/
०६ एकस्मिन्नसम्भवाधिकरणम् 	 shAnkara-darshanam/tattvam/shankaraH/brahma-sUtrANi/mUlam/2/2/06_ekasminnasambhavAdhikaraNam/
०६ एकस्मिन्नसम्भवाधिकरणम् 	 shAnkara-darshanam/tattvam/shankaraH/brahma-sUtrANi/sarva-prastutiH/02/02/06_ekasminnasambhavAdhikaraNam/
०६ गुरु अर्जन-देव असटपदीआ 	 nAnaka-mArgaH/guru-granthaH/sarva-prastutiH/02_rAga/02_mAjha/06_guru_arjana-deva_asaTapadIA/
०६ गुरु तेघ-बहादुर 	 nAnaka-mArgaH/guru-granthaH/sarva-prastutiH/02_rAga/03_gau.DI/06_guru_tegha-bahAdura/
०६ गुरु राम-दास 	 nAnaka-mArgaH/guru-granthaH/sarva-prastutiH/02_rAga/04_AsA/06_guru_rAma-dAsa/
०६ चतुर्वेदोपनिषत् 	 upaniShat/aDyAr-sankalanam/06_chaturvedopaniShat/
०६ देवगंधारी 	 nAnaka-mArgaH/guru-granthaH/sarva-prastutiH/02_rAga/06_devagandhArI/
०६ पूर्णप्रज्ञदर्शनम् 	 shAnkara-darshanam/tattvam/mAdhava-sarva-darshana-sangrahaH/06_pUrNaprajnadarshanam/
०६ पृथिव्यधिकाराधिकरणम् 	 shAnkara-darshanam/tattvam/shankaraH/brahma-sUtrANi/mUlam/2/3/06_pRthivyadhikArAdhikaraNam/
०६ पृथिव्यधिकाराधिकरणम् 	 shAnkara-darshanam/tattvam/shankaraH/brahma-sUtrANi/sarva-prastutiH/02/03/06_pRthivyadhikArAdhikaraNam/
०६ प्रकृतैतावत्त्वाधिकरणम् 	 shAnkara-darshanam/tattvam/shankaraH/brahma-sUtrANi/mUlam/3/2/06_prakRtaitAvattvAdhikaraNam/
०६ प्रकृतैतावत्त्वाधिकरणम् 	 shAnkara-darshanam/tattvam/shankaraH/brahma-sUtrANi/sarva-prastutiH/03/02/06_prakRtaitAvattvAdhikaraNam/
०६ प्रतिषेधाधिकरणम् 	 shAnkara-darshanam/tattvam/shankaraH/brahma-sUtrANi/mUlam/4/2/06_pratiShedhAdhikaraNam/
०६ प्रतिषेधाधिकरणम् 	 shAnkara-darshanam/tattvam/shankaraH/brahma-sUtrANi/sarva-prastutiH/04/02/06_pratiShedhAdhikaraNam/
०६ प्रदीपाधिकरणम् 	 shAnkara-darshanam/tattvam/shankaraH/brahma-sUtrANi/mUlam/4/4/06_pradIpAdhikaraNam/
०६ प्रदीपाधिकरणम् 	 shAnkara-darshanam/tattvam/shankaraH/brahma-sUtrANi/sarva-prastutiH/04/04/06_pradIpAdhikaraNam/
०६ ब्रह्मणो निराकारत्वोपपत्तिः 	 shAnkara-darshanam/tattvam/madhu-sUdana-sarasvatI/advaita-siddhiH/2/06_brahmaNo_nirAkAratvopapattiH/
०६ भगवद्गीता की शुद्धाद्वैतवादी टीकाएं 	 articles/saMskRta-vANmaya-bRhad-itihAsa_10_vedAnta/04_gItA_aura_yogavAsiShTha/01_bhagavadgItA/06_bhagavadgItA_kI_shuddhAdvaitavAdI_TIkAeM/
०६ वाक्यान्वयाधिकरणम् 	 shAnkara-darshanam/tattvam/shankaraH/brahma-sUtrANi/mUlam/1/4/06_vAkyAnvayAdhikaraNam/
०६ वाक्यान्वयाधिकरणम् 	 shAnkara-darshanam/tattvam/shankaraH/brahma-sUtrANi/sarva-prastutiH/01/04/06_vAkyAnvayAdhikaraNam/
०६ वाद-प्रस्थान और उसका विकास 	 articles/saMskRta-vANmaya-bRhad-itihAsa_10_vedAnta/01_advaita_vedAnta/06_vAda-prasthAna_aura_usakA_vikAsa/
०६ शिष्योक्तमुत्तरचतुष्कम् 	 aShTAvakra-gItA/sarva-prastutiH/06_shiShyoktamuttarachatuShkam/
०६ श्रेष्ठाणुत्वाधिकरणम् 	 shAnkara-darshanam/tattvam/shankaraH/brahma-sUtrANi/mUlam/2/4/06_shreShThANutvAdhikaraNam/
०६ श्रेष्ठाणुत्वाधिकरणम् 	 shAnkara-darshanam/tattvam/shankaraH/brahma-sUtrANi/sarva-prastutiH/02/04/06_shreShThANutvAdhikaraNam/
०६ सर्वापेक्षाधिकरणम् 	 shAnkara-darshanam/tattvam/shankaraH/brahma-sUtrANi/mUlam/3/4/06_sarvApexAdhikaraNam/
०६ सर्वापेक्षाधिकरणम् 	 shAnkara-darshanam/tattvam/shankaraH/brahma-sUtrANi/sarva-prastutiH/03/04/06_sarvApexAdhikaraNam/
೦೬ ಆನುಭಂದ ೪ ಮಾಯಾ 	 shAnkara-darshanam/tattvam/articles/satyanArAyaNa-shAstrI/garaNi-rAdhAkRShNaH/ramaNa/gItA_maNi_mAle/06_AnubhaMda_4_mAyA/
೦೬ ಬ್ರಹ್ಮನ್ ಎಂದರೆ ಮನಸ್ಸನ್ನು ದಾಟಿರುವ ನೆಲೆಯೇ? 	 shAnkara-darshanam/tattvam/articles/satyanArAyaNa-shAstrI/garaNi-rAdhAkRShNaH/ramaNa/ramaNa_maharShigaLoDane_saMvAda/06_brahman_eMdare_manassannu_dATiruva_neleyE/
೦೬ ಮನಸ್ಸಿನ ನಿಯಂತ್ರಣ 	 shAnkara-darshanam/tattvam/articles/satyanArAyaNa-shAstrI/garaNi-rAdhAkRShNaH/ramaNa/ramaNa_gItA/06_manassina_niyaMtraNa/
०६० 	 yoga-vAsiShTha-shAstram/Ananda-bodhendra-TIkA/3_utpattiprakaraNam/060/
०६० 	 yoga-vAsiShTha-shAstram/Ananda-bodhendra-TIkA/6_nirvANa-prakaraNam/1/060/
०६० 	 yoga-vAsiShTha-shAstram/Ananda-bodhendra-TIkA/6_nirvANa-prakaraNam/2/060/
०६१ 	 yoga-vAsiShTha-shAstram/Ananda-bodhendra-TIkA/3_utpattiprakaraNam/061/
०६१ 	 yoga-vAsiShTha-shAstram/Ananda-bodhendra-TIkA/6_nirvANa-prakaraNam/1/061/
०६१ 	 yoga-vAsiShTha-shAstram/Ananda-bodhendra-TIkA/6_nirvANa-prakaraNam/2/061/
०६२ 	 yoga-vAsiShTha-shAstram/Ananda-bodhendra-TIkA/3_utpattiprakaraNam/062/
०६२ 	 yoga-vAsiShTha-shAstram/Ananda-bodhendra-TIkA/6_nirvANa-prakaraNam/1/062/
०६२ 	 yoga-vAsiShTha-shAstram/Ananda-bodhendra-TIkA/6_nirvANa-prakaraNam/2/062/
०६३ 	 yoga-vAsiShTha-shAstram/Ananda-bodhendra-TIkA/3_utpattiprakaraNam/063/
०६३ 	 yoga-vAsiShTha-shAstram/Ananda-bodhendra-TIkA/6_nirvANa-prakaraNam/1/063/
०६३ 	 yoga-vAsiShTha-shAstram/Ananda-bodhendra-TIkA/6_nirvANa-prakaraNam/2/063/
०६४ 	 yoga-vAsiShTha-shAstram/Ananda-bodhendra-TIkA/3_utpattiprakaraNam/064/
०६४ 	 yoga-vAsiShTha-shAstram/Ananda-bodhendra-TIkA/6_nirvANa-prakaraNam/1/064/
०६४ 	 yoga-vAsiShTha-shAstram/Ananda-bodhendra-TIkA/6_nirvANa-prakaraNam/2/064/
०६५ 	 yoga-vAsiShTha-shAstram/Ananda-bodhendra-TIkA/3_utpattiprakaraNam/065/
०६५ 	 yoga-vAsiShTha-shAstram/Ananda-bodhendra-TIkA/6_nirvANa-prakaraNam/1/065/
०६५ 	 yoga-vAsiShTha-shAstram/Ananda-bodhendra-TIkA/6_nirvANa-prakaraNam/2/065/
०६६ 	 yoga-vAsiShTha-shAstram/Ananda-bodhendra-TIkA/3_utpattiprakaraNam/066/
०६६ 	 yoga-vAsiShTha-shAstram/Ananda-bodhendra-TIkA/6_nirvANa-prakaraNam/1/066/
०६६ 	 yoga-vAsiShTha-shAstram/Ananda-bodhendra-TIkA/6_nirvANa-prakaraNam/2/066/
०६७ 	 yoga-vAsiShTha-shAstram/Ananda-bodhendra-TIkA/3_utpattiprakaraNam/067/
०६७ 	 yoga-vAsiShTha-shAstram/Ananda-bodhendra-TIkA/6_nirvANa-prakaraNam/1/067/
०६७ 	 yoga-vAsiShTha-shAstram/Ananda-bodhendra-TIkA/6_nirvANa-prakaraNam/2/067/
०६८ 	 yoga-vAsiShTha-shAstram/Ananda-bodhendra-TIkA/3_utpattiprakaraNam/068/
०६८ 	 yoga-vAsiShTha-shAstram/Ananda-bodhendra-TIkA/6_nirvANa-prakaraNam/1/068/
०६८ 	 yoga-vAsiShTha-shAstram/Ananda-bodhendra-TIkA/6_nirvANa-prakaraNam/2/068/
०६९ 	 yoga-vAsiShTha-shAstram/Ananda-bodhendra-TIkA/3_utpattiprakaraNam/069/
०६९ 	 yoga-vAsiShTha-shAstram/Ananda-bodhendra-TIkA/6_nirvANa-prakaraNam/1/069/
०६९ 	 yoga-vAsiShTha-shAstram/Ananda-bodhendra-TIkA/6_nirvANa-prakaraNam/2/069/
०७ 	 shAnkara-darshanam/kAvaym/padyam/shankara-digvijayaH/mAdhavIyaH/sarva-prastutiH/07/
०७ 	 yoga-vAsiShTha-shAstram/Ananda-bodhendra-TIkA/1_vairAgya-prakaraNam/07/
०७ 	 yoga-vAsiShTha-shAstram/Ananda-bodhendra-TIkA/2_mumuxu-vyavahAra-prakaraNam/07/
०७ 	 yoga-vAsiShTha-shAstram/Ananda-bodhendra-TIkA/4_sthiti-prakaraNam/07/
०७ 	 yoga-vAsiShTha-shAstram/Ananda-bodhendra-TIkA/5_upashama-prakaraNam/07/
07 - Mechanics of Perception 	 shAnkara-darshanam/tattvam/prakIrNam/dharmarAjAdhvarI_vedAnta-paribhAShA/sadAnandaH/01_perception/07_mechanics-perception/
07 - mithyAtva of the Universe Pt.2 	 shAnkara-darshanam/tattvam/prakIrNam/dharmarAjAdhvarI_vedAnta-paribhAShA/sadAnandaH/02_anumAna/07_mithyatva-universe2/
07 - Self Revealed, Part 7 	 shAnkara-darshanam/tattvam/en/nome/self-revealed/07_self-revealed-part-7/
07 - The Fundamentals of the Bhakti Tradition in Hinduism Part VII 	 shAnkara-darshanam/tattvam/en/v-krishnamurthy/the-fundamentals-of-the-bhakti-tradition-in-hinduism/07_the-fundamentals-of-the-bhakti-tradition-in-hinduism-part-vii/
07 BHUŚUṆḌŌPĀKHYĀNAM 	 yoga-vAsiShTha-shAstram/articles/satyanArAyaNa-shAstrI/talks/07_bhushuNDopAkhyAnam/
07 Chapter VII - The Śaiva System 	 shAnkara-darshanam/tattvam/mAdhava-sarva-darshana-sangrahaH/en/colwell/07/
07 KARMAYOGA (PATH OF SELFLESS ACTION) 	 shAnkara-darshanam/tattvam/articles/satyanArAyaNa-shAstrI/let_go/02_sAdhana_-_PRACTICE/02_METHODS_OF_sAdhana/07_KARMAYOGA_PATH_OF_SELFLESS_ACTION/
07 None 	 shAnkara-darshanam/tattvam/shankaraH/brahma-sUtrANi/thibaut/1/2/07/
07 None 	 shAnkara-darshanam/tattvam/shankaraH/brahma-sUtrANi/thibaut/1/3/07/
07 None 	 shAnkara-darshanam/tattvam/shankaraH/brahma-sUtrANi/thibaut/1/4/07/
07 None 	 shAnkara-darshanam/tattvam/shankaraH/brahma-sUtrANi/thibaut/2/1/07/
07 None 	 shAnkara-darshanam/tattvam/shankaraH/brahma-sUtrANi/thibaut/2/2/07/
07 None 	 shAnkara-darshanam/tattvam/shankaraH/brahma-sUtrANi/thibaut/2/3/07/
07 None 	 shAnkara-darshanam/tattvam/shankaraH/brahma-sUtrANi/thibaut/2/4/07/
07 None 	 shAnkara-darshanam/tattvam/shankaraH/brahma-sUtrANi/thibaut/3/1/07/
07 None 	 shAnkara-darshanam/tattvam/shankaraH/brahma-sUtrANi/thibaut/3/2/07/
07 None 	 shAnkara-darshanam/tattvam/shankaraH/brahma-sUtrANi/thibaut/3/3/07/
07 None 	 shAnkara-darshanam/tattvam/shankaraH/brahma-sUtrANi/thibaut/3/4/07/
07 None 	 shAnkara-darshanam/tattvam/shankaraH/brahma-sUtrANi/thibaut/4/1/07/
07 None 	 shAnkara-darshanam/tattvam/shankaraH/brahma-sUtrANi/thibaut/4/2/07/
07 None 	 shAnkara-darshanam/tattvam/shankaraH/brahma-sUtrANi/thibaut/4/3/07/
07 None 	 shAnkara-darshanam/tattvam/shankaraH/brahma-sUtrANi/thibaut/4/4/07/
07 THE MEETING WITH VYASA 	 shAnkara-darshanam/kAvaym/padyam/shankara-digvijayaH/mAdhavIyaH/en_tapasyAnanda/07_THE_MEETING_WITH_VYASA/
०७ अनुभवपञ्चकविवरणम् 	 aShTAvakra-gItA/sarva-prastutiH/07_anubhavapanchakavivaraNam/
०७ अन्तरधिकरणम् 	 shAnkara-darshanam/tattvam/shankaraH/brahma-sUtrANi/mUlam/1/1/07_antaradhikaraNam/
०७ अन्तरधिकरणम् 	 shAnkara-darshanam/tattvam/shankaraH/brahma-sUtrANi/sarva-prastutiH/01/01/07_antaradhikaraNam/
०७ आध्यानाधिकरणम् 	 shAnkara-darshanam/tattvam/shankaraH/brahma-sUtrANi/mUlam/3/3/07_AdhyAnAdhikaraNam/
०७ आध्यानाधिकरणम् 	 shAnkara-darshanam/tattvam/shankaraH/brahma-sUtrANi/sarva-prastutiH/03/03/07_AdhyAnAdhikaraNam/
०७ इतरव्यपदेशाधिकरणम् 	 shAnkara-darshanam/tattvam/shankaraH/brahma-sUtrANi/mUlam/2/1/07_itaravyapadeshAdhikaraNam/
०७ इतरव्यपदेशाधिकरणम् 	 shAnkara-darshanam/tattvam/shankaraH/brahma-sUtrANi/sarva-prastutiH/02/01/07_itaravyapadeshAdhikaraNam/
०७ इष्टसिद्धि और वेदान्त-सिद्धान्तमुक्तावली 	 articles/saMskRta-vANmaya-bRhad-itihAsa_10_vedAnta/01_advaita_vedAnta/07_iShTasiddhi_aura_vedAnta-siddhAntamuktAvalI/
०७ एकाग्रताधिकरणम् 	 shAnkara-darshanam/tattvam/shankaraH/brahma-sUtrANi/mUlam/4/1/07_ekAgratAdhikaraNam/
०७ एकाग्रताधिकरणम् 	 shAnkara-darshanam/tattvam/shankaraH/brahma-sUtrANi/sarva-prastutiH/04/01/07_ekAgratAdhikaraNam/
०७ कृष्णचैतन्य-वेदान्त का उद्भव और विकास 	 articles/saMskRta-vANmaya-bRhad-itihAsa_10_vedAnta/03_seshvara_vedAnta/07_kRShNachaitanya-vedAnta_kA_udbhava_aura_vikAsa/
०७ गुरु अर्जन-देव बारह माहा 	 nAnaka-mArgaH/guru-granthaH/sarva-prastutiH/02_rAga/02_mAjha/07_guru_arjana-deva_bAraha_mAhA/
०७ गुरु नानक असटपदीआ 	 nAnaka-mArgaH/guru-granthaH/sarva-prastutiH/02_rAga/03_gau.DI/07_guru_nAnaka_asaTapadIA/
०७ गुरु राम-दास - काफी 	 nAnaka-mArgaH/guru-granthaH/sarva-prastutiH/02_rAga/04_AsA/07_guru_rAma-dAsa_-_kAphI/
०७ चाक्षुषोपनिषत् 	 upaniShat/aDyAr-sankalanam/07_chAxuShopaniShat/
०७ जगद्व्यापाराधिकरणम् 	 shAnkara-darshanam/tattvam/shankaraH/brahma-sUtrANi/mUlam/4/4/07_jagadvyApArAdhikaraNam/
०७ जगद्व्यापाराधिकरणम् 	 shAnkara-darshanam/tattvam/shankaraH/brahma-sUtrANi/sarva-prastutiH/04/04/07_jagadvyApArAdhikaraNam/
०७ ज्योतिराद्यधिकरणम् 	 shAnkara-darshanam/tattvam/shankaraH/brahma-sUtrANi/mUlam/2/4/07_jyotirAdyadhikaraNam/
०७ ज्योतिराद्यधिकरणम् 	 shAnkara-darshanam/tattvam/shankaraH/brahma-sUtrANi/sarva-prastutiH/02/04/07_jyotirAdyadhikaraNam/
०७ तदभिध्यानाधिकरणम् 	 shAnkara-darshanam/tattvam/shankaraH/brahma-sUtrANi/mUlam/2/3/07_tadabhidhyAnAdhikaraNam/
०७ तदभिध्यानाधिकरणम् 	 shAnkara-darshanam/tattvam/shankaraH/brahma-sUtrANi/sarva-prastutiH/02/03/07_tadabhidhyAnAdhikaraNam/
०७ पत्यधिकरणम् 	 shAnkara-darshanam/tattvam/shankaraH/brahma-sUtrANi/mUlam/2/2/07_patyadhikaraNam/
०७ पत्यधिकरणम् 	 shAnkara-darshanam/tattvam/shankaraH/brahma-sUtrANi/sarva-prastutiH/02/02/07_patyadhikaraNam/
०७ पराधिकरणम् 	 shAnkara-darshanam/tattvam/shankaraH/brahma-sUtrANi/mUlam/3/2/07_parAdhikaraNam/
०७ पराधिकरणम् 	 shAnkara-darshanam/tattvam/shankaraH/brahma-sUtrANi/sarva-prastutiH/03/02/07_parAdhikaraNam/
०७ प्रकृत्यधिकरणम् 	 shAnkara-darshanam/tattvam/shankaraH/brahma-sUtrANi/mUlam/1/4/07_prakRtyadhikaraNam/
०७ प्रकृत्यधिकरणम् 	 shAnkara-darshanam/tattvam/shankaraH/brahma-sUtrANi/sarva-prastutiH/01/04/07_prakRtyadhikaraNam/
०७ प्रमिताधिकरणम् 	 shAnkara-darshanam/tattvam/shankaraH/brahma-sUtrANi/mUlam/1/3/07_pramitAdhikaraNam/
०७ प्रमिताधिकरणम् 	 shAnkara-darshanam/tattvam/shankaraH/brahma-sUtrANi/sarva-prastutiH/01/03/07_pramitAdhikaraNam/
०७ बिहागड़ा 	 nAnaka-mArgaH/guru-granthaH/sarva-prastutiH/02_rAga/07_bihAga.DA/
०७ ब्रह्मणो ज्ञानत्वाद्युपपत्तिः 	 shAnkara-darshanam/tattvam/madhu-sUdana-sarasvatI/advaita-siddhiH/2/07_brahmaNo_jnAnatvAdyupapattiH/
०७ भगवद्गीता की अचिन्त्यभेदाभेदवादी टीकाएं 	 articles/saMskRta-vANmaya-bRhad-itihAsa_10_vedAnta/04_gItA_aura_yogavAsiShTha/01_bhagavadgItA/07_bhagavadgItA_kI_achintyabhedAbhedavAdI_TIkAeM/
०७ लकुलीशपाशुप्रतदर्शनम् 	 shAnkara-darshanam/tattvam/mAdhava-sarva-darshana-sangrahaH/07_lakulIshapAshupratadarshanam/
०७ वागादिलयाधिकरणम् 	 shAnkara-darshanam/tattvam/shankaraH/brahma-sUtrANi/mUlam/4/2/07_vAgAdilayAdhikaraNam/
०७ वागादिलयाधिकरणम् 	 shAnkara-darshanam/tattvam/shankaraH/brahma-sUtrANi/sarva-prastutiH/04/02/07_vAgAdilayAdhikaraNam/
०७ वैश्वानराधिकरणम् 	 shAnkara-darshanam/tattvam/shankaraH/brahma-sUtrANi/mUlam/1/2/07_vaishvAnarAdhikaraNam/
०७ वैश्वानराधिकरणम् 	 shAnkara-darshanam/tattvam/shankaraH/brahma-sUtrANi/sarva-prastutiH/01/02/07_vaishvAnarAdhikaraNam/
०७ सर्वान्नानुमत्यधिकरणम् 	 shAnkara-darshanam/tattvam/shankaraH/brahma-sUtrANi/mUlam/3/4/07_sarvAnnAnumatyadhikaraNam/
०७ सर्वान्नानुमत्यधिकरणम् 	 shAnkara-darshanam/tattvam/shankaraH/brahma-sUtrANi/sarva-prastutiH/03/04/07_sarvAnnAnumatyadhikaraNam/
೦೭ ಆತ್ಮ ತತ್ವದ ವಿಚಾರಣೆ ಅರ್ಹತೆ ಮತ್ತು ಘಟಕಗಳು 	 shAnkara-darshanam/tattvam/articles/satyanArAyaNa-shAstrI/garaNi-rAdhAkRShNaH/ramaNa/ramaNa_gItA/07_Atma_tatvada_vichAraNe_arhate_mattu_ghaTakagaLu/
೦೭ ದೇಹದಲ್ಲಿ ನನಗೆ ನಿವೃತ್ತಿ ನೆಲೆ 	 shAnkara-darshanam/tattvam/articles/satyanArAyaNa-shAstrI/garaNi-rAdhAkRShNaH/ramaNa/ramaNa_maharShigaLoDane_saMvAda/07_dEhadalli_nanage_nivRtti_nele/
०७० 	 yoga-vAsiShTha-shAstram/Ananda-bodhendra-TIkA/3_utpattiprakaraNam/070/
०७० 	 yoga-vAsiShTha-shAstram/Ananda-bodhendra-TIkA/6_nirvANa-prakaraNam/1/070/
०७० 	 yoga-vAsiShTha-shAstram/Ananda-bodhendra-TIkA/6_nirvANa-prakaraNam/2/070/
०७१ 	 yoga-vAsiShTha-shAstram/Ananda-bodhendra-TIkA/3_utpattiprakaraNam/071/
०७१ 	 yoga-vAsiShTha-shAstram/Ananda-bodhendra-TIkA/6_nirvANa-prakaraNam/1/071/
०७२ 	 yoga-vAsiShTha-shAstram/Ananda-bodhendra-TIkA/3_utpattiprakaraNam/072/
०७२ 	 yoga-vAsiShTha-shAstram/Ananda-bodhendra-TIkA/6_nirvANa-prakaraNam/1/072/
०७२ 	 yoga-vAsiShTha-shAstram/Ananda-bodhendra-TIkA/6_nirvANa-prakaraNam/2/072/
०७३ 	 yoga-vAsiShTha-shAstram/Ananda-bodhendra-TIkA/3_utpattiprakaraNam/073/
०७३ 	 yoga-vAsiShTha-shAstram/Ananda-bodhendra-TIkA/6_nirvANa-prakaraNam/1/073/
०७३ 	 yoga-vAsiShTha-shAstram/Ananda-bodhendra-TIkA/6_nirvANa-prakaraNam/2/073/
०७४ 	 yoga-vAsiShTha-shAstram/Ananda-bodhendra-TIkA/3_utpattiprakaraNam/074/
०७४ 	 yoga-vAsiShTha-shAstram/Ananda-bodhendra-TIkA/6_nirvANa-prakaraNam/1/074/
०७४ 	 yoga-vAsiShTha-shAstram/Ananda-bodhendra-TIkA/6_nirvANa-prakaraNam/2/074/
०७५ 	 yoga-vAsiShTha-shAstram/Ananda-bodhendra-TIkA/3_utpattiprakaraNam/075/
०७५ 	 yoga-vAsiShTha-shAstram/Ananda-bodhendra-TIkA/6_nirvANa-prakaraNam/1/075/
०७५ 	 yoga-vAsiShTha-shAstram/Ananda-bodhendra-TIkA/6_nirvANa-prakaraNam/2/075/
०७६ 	 yoga-vAsiShTha-shAstram/Ananda-bodhendra-TIkA/3_utpattiprakaraNam/076/
०७६ 	 yoga-vAsiShTha-shAstram/Ananda-bodhendra-TIkA/6_nirvANa-prakaraNam/1/076/
०७६ 	 yoga-vAsiShTha-shAstram/Ananda-bodhendra-TIkA/6_nirvANa-prakaraNam/2/076/
०७७ 	 yoga-vAsiShTha-shAstram/Ananda-bodhendra-TIkA/3_utpattiprakaraNam/077/
०७७ 	 yoga-vAsiShTha-shAstram/Ananda-bodhendra-TIkA/6_nirvANa-prakaraNam/1/077/
०७७ 	 yoga-vAsiShTha-shAstram/Ananda-bodhendra-TIkA/6_nirvANa-prakaraNam/2/077/
०७८ 	 yoga-vAsiShTha-shAstram/Ananda-bodhendra-TIkA/3_utpattiprakaraNam/078/
०७८ 	 yoga-vAsiShTha-shAstram/Ananda-bodhendra-TIkA/6_nirvANa-prakaraNam/1/078/
०७८ 	 yoga-vAsiShTha-shAstram/Ananda-bodhendra-TIkA/6_nirvANa-prakaraNam/2/078/
०७९ 	 yoga-vAsiShTha-shAstram/Ananda-bodhendra-TIkA/3_utpattiprakaraNam/079/
०७९ 	 yoga-vAsiShTha-shAstram/Ananda-bodhendra-TIkA/6_nirvANa-prakaraNam/1/079/
०७९ 	 yoga-vAsiShTha-shAstram/Ananda-bodhendra-TIkA/6_nirvANa-prakaraNam/2/079/
०८ 	 shAnkara-darshanam/kAvaym/padyam/shankara-digvijayaH/mAdhavIyaH/sarva-prastutiH/08/
०८ 	 yoga-vAsiShTha-shAstram/Ananda-bodhendra-TIkA/1_vairAgya-prakaraNam/08/
०८ 	 yoga-vAsiShTha-shAstram/Ananda-bodhendra-TIkA/2_mumuxu-vyavahAra-prakaraNam/08/
०८ 	 yoga-vAsiShTha-shAstram/Ananda-bodhendra-TIkA/4_sthiti-prakaraNam/08/
०८ 	 yoga-vAsiShTha-shAstram/Ananda-bodhendra-TIkA/5_upashama-prakaraNam/08/
08  	 shAnkara-darshanam/kAvaym/padyam/shankara-digvijayaH/mAdhavIyaH/en_tapasyAnanda/08_CONTROVERSY_WITH_MANDANA/
08 - Objections to inference that the universe is mithyA 	 shAnkara-darshanam/tattvam/prakIrNam/dharmarAjAdhvarI_vedAnta-paribhAShA/sadAnandaH/02_anumAna/08_mithya-objections/
08 - Some Objections 	 shAnkara-darshanam/tattvam/prakIrNam/dharmarAjAdhvarI_vedAnta-paribhAShA/sadAnandaH/01_perception/08_objections/
08 - The Fundamentals of the Bhakti Tradition in Hinduism Part VIII 	 shAnkara-darshanam/tattvam/en/v-krishnamurthy/the-fundamentals-of-the-bhakti-tradition-in-hinduism/08_the-fundamentals-of-the-bhakti-tradition-in-hinduism-part-viii/
08 Chapter VIII - The Pratyabhijñā or Recognitive System 	 shAnkara-darshanam/tattvam/mAdhava-sarva-darshana-sangrahaH/en/colwell/08/
08 CONCLUSION 	 yoga-vAsiShTha-shAstram/articles/satyanArAyaNa-shAstrI/talks/08_CONCLUSION/
08 None 	 shAnkara-darshanam/tattvam/shankaraH/brahma-sUtrANi/thibaut/1/2/08/
08 None 	 shAnkara-darshanam/tattvam/shankaraH/brahma-sUtrANi/thibaut/1/3/08/
08 None 	 shAnkara-darshanam/tattvam/shankaraH/brahma-sUtrANi/thibaut/1/4/08/
08 None 	 shAnkara-darshanam/tattvam/shankaraH/brahma-sUtrANi/thibaut/2/1/08/
08 None 	 shAnkara-darshanam/tattvam/shankaraH/brahma-sUtrANi/thibaut/2/2/08/
08 None 	 shAnkara-darshanam/tattvam/shankaraH/brahma-sUtrANi/thibaut/2/3/08/
08 None 	 shAnkara-darshanam/tattvam/shankaraH/brahma-sUtrANi/thibaut/2/4/08/
08 None 	 shAnkara-darshanam/tattvam/shankaraH/brahma-sUtrANi/thibaut/3/1/08/
08 None 	 shAnkara-darshanam/tattvam/shankaraH/brahma-sUtrANi/thibaut/3/2/08/
08 None 	 shAnkara-darshanam/tattvam/shankaraH/brahma-sUtrANi/thibaut/3/3/08/
08 None 	 shAnkara-darshanam/tattvam/shankaraH/brahma-sUtrANi/thibaut/3/4/08/
08 None 	 shAnkara-darshanam/tattvam/shankaraH/brahma-sUtrANi/thibaut/4/1/08/
08 None 	 shAnkara-darshanam/tattvam/shankaraH/brahma-sUtrANi/thibaut/4/2/08/
08 None 	 shAnkara-darshanam/tattvam/shankaraH/brahma-sUtrANi/thibaut/4/3/08/
08 PREMA AND BHAKTI (LOVE AND DEVOTION) 	 shAnkara-darshanam/tattvam/articles/satyanArAyaNa-shAstrI/let_go/02_sAdhana_-_PRACTICE/02_METHODS_OF_sAdhana/08_PREMA_AND_BHAKTI_LOVE_AND_DEVOTION/
०८ अविभागाधिकरणम् 	 shAnkara-darshanam/tattvam/shankaraH/brahma-sUtrANi/mUlam/4/2/08_avibhAgAdhikaraNam/
०८ अविभागाधिकरणम् 	 shAnkara-darshanam/tattvam/shankaraH/brahma-sUtrANi/sarva-prastutiH/04/02/08_avibhAgAdhikaraNam/
०८ आकाशाधिकरणम् 	 shAnkara-darshanam/tattvam/shankaraH/brahma-sUtrANi/mUlam/1/1/08_AkAshAdhikaraNam/
०८ आकाशाधिकरणम् 	 shAnkara-darshanam/tattvam/shankaraH/brahma-sUtrANi/sarva-prastutiH/01/01/08_AkAshAdhikaraNam/
०८ आत्मगृहीत्यधिकरणम् 	 shAnkara-darshanam/tattvam/shankaraH/brahma-sUtrANi/mUlam/3/3/08_AtmagRhItyadhikaraNam/
०८ आत्मगृहीत्यधिकरणम् 	 shAnkara-darshanam/tattvam/shankaraH/brahma-sUtrANi/sarva-prastutiH/03/03/08_AtmagRhItyadhikaraNam/
०८ आप्रायणाधिकरणम् 	 shAnkara-darshanam/tattvam/shankaraH/brahma-sUtrANi/mUlam/4/1/08_AprAyaNAdhikaraNam/
०८ आप्रायणाधिकरणम् 	 shAnkara-darshanam/tattvam/shankaraH/brahma-sUtrANi/sarva-prastutiH/04/01/08_AprAyaNAdhikaraNam/
०८ आश्रमकर्माधिकरणम् 	 shAnkara-darshanam/tattvam/shankaraH/brahma-sUtrANi/mUlam/3/4/08_AshramakarmAdhikaraNam/
०८ आश्रमकर्माधिकरणम् 	 shAnkara-darshanam/tattvam/shankaraH/brahma-sUtrANi/sarva-prastutiH/03/04/08_AshramakarmAdhikaraNam/
०८ इन्द्रियाधिकरणम् 	 shAnkara-darshanam/tattvam/shankaraH/brahma-sUtrANi/mUlam/2/4/08_indriyAdhikaraNam/
०८ इन्द्रियाधिकरणम् 	 shAnkara-darshanam/tattvam/shankaraH/brahma-sUtrANi/sarva-prastutiH/02/04/08_indriyAdhikaraNam/
०८ उत्पत्त्यसम्भवाधिकरणम् 	 shAnkara-darshanam/tattvam/shankaraH/brahma-sUtrANi/mUlam/2/2/08_utpattyasambhavAdhikaraNam/
०८ उत्पत्त्यसम्भवाधिकरणम् 	 shAnkara-darshanam/tattvam/shankaraH/brahma-sUtrANi/sarva-prastutiH/02/02/08_utpattyasambhavAdhikaraNam/
०८ उपसंहारदर्शनाधिकरणम् 	 shAnkara-darshanam/tattvam/shankaraH/brahma-sUtrANi/mUlam/2/1/08_upasaMhAradarshanAdhikaraNam/
०८ उपसंहारदर्शनाधिकरणम् 	 shAnkara-darshanam/tattvam/shankaraH/brahma-sUtrANi/sarva-prastutiH/02/01/08_upasaMhAradarshanAdhikaraNam/
०८ गुरु अमर-दास असटपदीआ 	 nAnaka-mArgaH/guru-granthaH/sarva-prastutiH/02_rAga/03_gau.DI/08_guru_amara-dAsa_asaTapadIA/
०८ गुरु अर्जन-देव - काफी 	 nAnaka-mArgaH/guru-granthaH/sarva-prastutiH/02_rAga/04_AsA/08_guru_arjana-deva_-_kAphI/
०८ गुरु अर्जन-देव - दिन रैणि 	 nAnaka-mArgaH/guru-granthaH/sarva-prastutiH/02_rAga/02_mAjha/08_guru_arjana-deva_-_dina_raiNi/
०८ छागलेयोपनिषत् 	 upaniShat/aDyAr-sankalanam/08_ChAgaleyopaniShat/
०८ देवताधिकरणम् 	 shAnkara-darshanam/tattvam/shankaraH/brahma-sUtrANi/mUlam/1/3/08_devatAdhikaraNam/
०८ देवताधिकरणम् 	 shAnkara-darshanam/tattvam/shankaraH/brahma-sUtrANi/sarva-prastutiH/01/03/08_devatAdhikaraNam/
०८ प्रारम्भिक प्रस्थान के ग्रन्थ 	 articles/saMskRta-vANmaya-bRhad-itihAsa_10_vedAnta/01_advaita_vedAnta/08_prArambhika_prasthAna_ke_grantha/
०८ फलाधिकरणम् 	 shAnkara-darshanam/tattvam/shankaraH/brahma-sUtrANi/mUlam/3/2/08_phalAdhikaraNam/
०८ फलाधिकरणम् 	 shAnkara-darshanam/tattvam/shankaraH/brahma-sUtrANi/sarva-prastutiH/03/02/08_phalAdhikaraNam/
०८ बन्धमोक्षव्यवस्था 	 aShTAvakra-gItA/sarva-prastutiH/08_bandhamoxavyavasthA/
०८ ब्रह्मणोऽभिन्ननिमित्तोपादानत्वोपपत्तिः 	 shAnkara-darshanam/tattvam/madhu-sUdana-sarasvatI/advaita-siddhiH/2/08_brahmaNo-bhinnanimittopAdAnatvopapatt/
०८ भगवद्गीता का आनन्दभाष्य 	 articles/saMskRta-vANmaya-bRhad-itihAsa_10_vedAnta/04_gItA_aura_yogavAsiShTha/01_bhagavadgItA/08_bhagavadgItA_kA_AnandabhAShya/
०८ वडहंसु 	 nAnaka-mArgaH/guru-granthaH/sarva-prastutiH/02_rAga/08_vaDahaMsu/
०८ विपर्ययाधिकरणम् 	 shAnkara-darshanam/tattvam/shankaraH/brahma-sUtrANi/mUlam/2/3/08_viparyayAdhikaraNam/
०८ विपर्ययाधिकरणम् 	 shAnkara-darshanam/tattvam/shankaraH/brahma-sUtrANi/sarva-prastutiH/02/03/08_viparyayAdhikaraNam/
०८ शैवदर्शनम् 	 shAnkara-darshanam/tattvam/mAdhava-sarva-darshana-sangrahaH/08_shaivadarshanam/
०८ सर्वव्याख्यानाधिकरणम् 	 shAnkara-darshanam/tattvam/shankaraH/brahma-sUtrANi/mUlam/1/4/08_sarvavyAkhyAnAdhikaraNam/
०८ सर्वव्याख्यानाधिकरणम् 	 shAnkara-darshanam/tattvam/shankaraH/brahma-sUtrANi/sarva-prastutiH/01/04/08_sarvavyAkhyAnAdhikaraNam/
೦೮ ಆತ್ಮನ ರಹಸ್ಯ ಸ್ಥಳ 	 shAnkara-darshanam/tattvam/articles/satyanArAyaNa-shAstrI/garaNi-rAdhAkRShNaH/ramaNa/ramaNa_maharShigaLoDane_saMvAda/08_Atmana_rahasya_sthaLa/
೦೮ ಜೀವನದ ವಿವಿಧ ಹಂತಗಳು 	 shAnkara-darshanam/tattvam/articles/satyanArAyaNa-shAstrI/garaNi-rAdhAkRShNaH/ramaNa/ramaNa_gItA/08_jIvanada_vividha_haMtagaLu/
०८० 	 yoga-vAsiShTha-shAstram/Ananda-bodhendra-TIkA/3_utpattiprakaraNam/080/
०८० 	 yoga-vAsiShTha-shAstram/Ananda-bodhendra-TIkA/6_nirvANa-prakaraNam/1/080/
०८० 	 yoga-vAsiShTha-shAstram/Ananda-bodhendra-TIkA/6_nirvANa-prakaraNam/2/080/
०८१ 	 yoga-vAsiShTha-shAstram/Ananda-bodhendra-TIkA/3_utpattiprakaraNam/081/
०८१ 	 yoga-vAsiShTha-shAstram/Ananda-bodhendra-TIkA/6_nirvANa-prakaraNam/1/081/
०८१ 	 yoga-vAsiShTha-shAstram/Ananda-bodhendra-TIkA/6_nirvANa-prakaraNam/2/081/
०८२ 	 yoga-vAsiShTha-shAstram/Ananda-bodhendra-TIkA/3_utpattiprakaraNam/082/
०८२ 	 yoga-vAsiShTha-shAstram/Ananda-bodhendra-TIkA/6_nirvANa-prakaraNam/1/082/
०८२ 	 yoga-vAsiShTha-shAstram/Ananda-bodhendra-TIkA/6_nirvANa-prakaraNam/2/082/
०८३ 	 yoga-vAsiShTha-shAstram/Ananda-bodhendra-TIkA/3_utpattiprakaraNam/083/
०८३ 	 yoga-vAsiShTha-shAstram/Ananda-bodhendra-TIkA/6_nirvANa-prakaraNam/1/083/
०८३ 	 yoga-vAsiShTha-shAstram/Ananda-bodhendra-TIkA/6_nirvANa-prakaraNam/2/083/
०८४ 	 yoga-vAsiShTha-shAstram/Ananda-bodhendra-TIkA/3_utpattiprakaraNam/084/
०८४ 	 yoga-vAsiShTha-shAstram/Ananda-bodhendra-TIkA/6_nirvANa-prakaraNam/1/084/
०८४ 	 yoga-vAsiShTha-shAstram/Ananda-bodhendra-TIkA/6_nirvANa-prakaraNam/2/084/
०८५ 	 yoga-vAsiShTha-shAstram/Ananda-bodhendra-TIkA/3_utpattiprakaraNam/085/
०८५ 	 yoga-vAsiShTha-shAstram/Ananda-bodhendra-TIkA/6_nirvANa-prakaraNam/1/085/
०८५ 	 yoga-vAsiShTha-shAstram/Ananda-bodhendra-TIkA/6_nirvANa-prakaraNam/2/085/
०८६ 	 yoga-vAsiShTha-shAstram/Ananda-bodhendra-TIkA/3_utpattiprakaraNam/086/
०८६ 	 yoga-vAsiShTha-shAstram/Ananda-bodhendra-TIkA/6_nirvANa-prakaraNam/1/086/
०८६ 	 yoga-vAsiShTha-shAstram/Ananda-bodhendra-TIkA/6_nirvANa-prakaraNam/2/086/
०८७ 	 yoga-vAsiShTha-shAstram/Ananda-bodhendra-TIkA/3_utpattiprakaraNam/087/
०८७ 	 yoga-vAsiShTha-shAstram/Ananda-bodhendra-TIkA/6_nirvANa-prakaraNam/1/087/
०८७ 	 yoga-vAsiShTha-shAstram/Ananda-bodhendra-TIkA/6_nirvANa-prakaraNam/2/087/
०८८ 	 yoga-vAsiShTha-shAstram/Ananda-bodhendra-TIkA/3_utpattiprakaraNam/088/
०८८ 	 yoga-vAsiShTha-shAstram/Ananda-bodhendra-TIkA/6_nirvANa-prakaraNam/1/088/
०८८ 	 yoga-vAsiShTha-shAstram/Ananda-bodhendra-TIkA/6_nirvANa-prakaraNam/2/088/
०८९ 	 yoga-vAsiShTha-shAstram/Ananda-bodhendra-TIkA/3_utpattiprakaraNam/089/
०८९ 	 yoga-vAsiShTha-shAstram/Ananda-bodhendra-TIkA/6_nirvANa-prakaraNam/1/089/
०८९ 	 yoga-vAsiShTha-shAstram/Ananda-bodhendra-TIkA/6_nirvANa-prakaraNam/2/089/
०९ 	 shAnkara-darshanam/kAvaym/padyam/shankara-digvijayaH/mAdhavIyaH/sarva-prastutiH/09/
०९ 	 yoga-vAsiShTha-shAstram/Ananda-bodhendra-TIkA/1_vairAgya-prakaraNam/09/
०९ 	 yoga-vAsiShTha-shAstram/Ananda-bodhendra-TIkA/2_mumuxu-vyavahAra-prakaraNam/09/
०९ 	 yoga-vAsiShTha-shAstram/Ananda-bodhendra-TIkA/4_sthiti-prakaraNam/09/
०९ 	 yoga-vAsiShTha-shAstram/Ananda-bodhendra-TIkA/5_upashama-prakaraNam/09/
09 - Internal Perceptions 	 shAnkara-darshanam/tattvam/prakIrNam/dharmarAjAdhvarI_vedAnta-paribhAShA/sadAnandaH/01_perception/09_internal-perceptions/
09 - navya nyAya analysis Part 1 	 shAnkara-darshanam/tattvam/prakIrNam/dharmarAjAdhvarI_vedAnta-paribhAShA/sadAnandaH/02_anumAna/09_navya-nyaya1/
09 - The Fundamentals of the Bhakti Tradition in Hinduism Part IX 	 shAnkara-darshanam/tattvam/en/v-krishnamurthy/the-fundamentals-of-the-bhakti-tradition-in-hinduism/09_the-fundamentals-of-the-bhakti-tradition-in-hinduism-part-ix/
09 Chapter IX - The Raseśvara or Mercurial System 	 shAnkara-darshanam/tattvam/mAdhava-sarva-darshana-sangrahaH/en/colwell/09/
09 DHARMA (RIGHTEOUNESS) – AS A TOOL OF SĀDHANA 	 shAnkara-darshanam/tattvam/articles/satyanArAyaNa-shAstrI/let_go/02_sAdhana_-_PRACTICE/02_METHODS_OF_sAdhana/09_DHARMA_RIGHTEOUNESS_AS_A_TOOL_OF_sAdhana/
09 ESTABLISHING THE CLAIM TO BE THE MASTER OF ALL LEARNING 	 shAnkara-darshanam/kAvaym/padyam/shankara-digvijayaH/mAdhavIyaH/en_tapasyAnanda/09_ESTABLISHING_THE_CLAIM_TO_BE_THE_MASTER_OF_ALL_LEARNING/
09 None 	 shAnkara-darshanam/tattvam/shankaraH/brahma-sUtrANi/thibaut/1/2/09/
09 None 	 shAnkara-darshanam/tattvam/shankaraH/brahma-sUtrANi/thibaut/1/3/09/
09 None 	 shAnkara-darshanam/tattvam/shankaraH/brahma-sUtrANi/thibaut/1/4/09/
09 None 	 shAnkara-darshanam/tattvam/shankaraH/brahma-sUtrANi/thibaut/2/1/09/
09 None 	 shAnkara-darshanam/tattvam/shankaraH/brahma-sUtrANi/thibaut/2/2/09/
09 None 	 shAnkara-darshanam/tattvam/shankaraH/brahma-sUtrANi/thibaut/2/3/09/
09 None 	 shAnkara-darshanam/tattvam/shankaraH/brahma-sUtrANi/thibaut/2/4/09/
09 None 	 shAnkara-darshanam/tattvam/shankaraH/brahma-sUtrANi/thibaut/3/1/09/
09 None 	 shAnkara-darshanam/tattvam/shankaraH/brahma-sUtrANi/thibaut/3/2/09/
09 None 	 shAnkara-darshanam/tattvam/shankaraH/brahma-sUtrANi/thibaut/3/3/09/
09 None 	 shAnkara-darshanam/tattvam/shankaraH/brahma-sUtrANi/thibaut/3/4/09/
09 None 	 shAnkara-darshanam/tattvam/shankaraH/brahma-sUtrANi/thibaut/4/1/09/
09 None 	 shAnkara-darshanam/tattvam/shankaraH/brahma-sUtrANi/thibaut/4/2/09/
09 None 	 shAnkara-darshanam/tattvam/shankaraH/brahma-sUtrANi/thibaut/4/3/09/
09 None 	 shAnkara-darshanam/tattvam/shankaraH/brahma-sUtrANi/thibaut/4/4/09/
०९ अन्तराविज्ञानाधिकरणम् 	 shAnkara-darshanam/tattvam/shankaraH/brahma-sUtrANi/mUlam/2/3/09_antarAvijnAnAdhikaraNam/
०९ अन्तराविज्ञानाधिकरणम् 	 shAnkara-darshanam/tattvam/shankaraH/brahma-sUtrANi/sarva-prastutiH/02/03/09_antarAvijnAnAdhikaraNam/
०९ अपशूद्राधिकरणम् 	 shAnkara-darshanam/tattvam/shankaraH/brahma-sUtrANi/mUlam/1/3/09_apashUdrAdhikaraNam/
०९ अपशूद्राधिकरणम् 	 shAnkara-darshanam/tattvam/shankaraH/brahma-sUtrANi/sarva-prastutiH/01/03/09_apashUdrAdhikaraNam/
०९ कार्याख्यानाधिकरणम् 	 shAnkara-darshanam/tattvam/shankaraH/brahma-sUtrANi/mUlam/3/3/09_kAryAkhyAnAdhikaraNam/
०९ कार्याख्यानाधिकरणम् 	 shAnkara-darshanam/tattvam/shankaraH/brahma-sUtrANi/sarva-prastutiH/03/03/09_kAryAkhyAnAdhikaraNam/
०९ कृत्स्नप्रसक्त्यधिकरणम् 	 shAnkara-darshanam/tattvam/shankaraH/brahma-sUtrANi/mUlam/2/1/09_kRtsnaprasaktyadhikaraNam/
०९ कृत्स्नप्रसक्त्यधिकरणम् 	 shAnkara-darshanam/tattvam/shankaraH/brahma-sUtrANi/sarva-prastutiH/02/01/09_kRtsnaprasaktyadhikaraNam/
०९ गुरु अर्जन-देव - काफी 	 nAnaka-mArgaH/guru-granthaH/sarva-prastutiH/02_rAga/04_AsA/09_guru_arjana-deva_-_kAphI/
०९ गुरु नानक 	 nAnaka-mArgaH/guru-granthaH/sarva-prastutiH/02_rAga/02_mAjha/09_guru_nAnaka/
०९ गुरु राम-दास 	 nAnaka-mArgaH/guru-granthaH/sarva-prastutiH/02_rAga/03_gau.DI/09_guru_rAma-dAsa/
०९ गुरुप्रोक्तं निर्वेदाष्टकम् 	 aShTAvakra-gItA/sarva-prastutiH/09_guruproktaM_nirvedAShTakam/
०९ तदधिगमाधिकरणम् 	 shAnkara-darshanam/tattvam/shankaraH/brahma-sUtrANi/mUlam/4/1/09_tadadhigamAdhikaraNam/
०९ तदधिगमाधिकरणम् 	 shAnkara-darshanam/tattvam/shankaraH/brahma-sUtrANi/sarva-prastutiH/04/01/09_tadadhigamAdhikaraNam/
०९ तदोकोऽधिकरणम् 	 shAnkara-darshanam/tattvam/shankaraH/brahma-sUtrANi/mUlam/4/2/09_tadoko-dhikaraNam/
०९ तदोकोऽधिकरणम् 	 shAnkara-darshanam/tattvam/shankaraH/brahma-sUtrANi/sarva-prastutiH/04/02/09_tadoko-dhikaraNam/
०९ तुरीयोपनिषत् 	 upaniShat/aDyAr-sankalanam/09_turIyopaniShat/
०९ प्रत्यभिज्ञादर्शनम् 	 shAnkara-darshanam/tattvam/mAdhava-sarva-darshana-sangrahaH/09_pratyabhijnAdarshanam/
०९ प्राणाधिकरणम् 	 shAnkara-darshanam/tattvam/shankaraH/brahma-sUtrANi/mUlam/1/1/09_prANAdhikaraNam/
०९ प्राणाधिकरणम् 	 shAnkara-darshanam/tattvam/shankaraH/brahma-sUtrANi/sarva-prastutiH/01/01/09_prANAdhikaraNam/
०९ बच्चा झा (नैयायिक) का गूढार्थतत्त्वालोक 	 articles/saMskRta-vANmaya-bRhad-itihAsa_10_vedAnta/04_gItA_aura_yogavAsiShTha/01_bhagavadgItA/09_bachchA_jhA_naiyAyika_kA_gUDhArthatattvAloka/
०९ ब्रह्मणो विश्वकर्तृत्वोपपत्तिः 	 shAnkara-darshanam/tattvam/madhu-sUdana-sarasvatI/advaita-siddhiH/2/09_brahmaNo_vishvakartRtvopapattiH/
०९ विधुराधिकरणम् 	 shAnkara-darshanam/tattvam/shankaraH/brahma-sUtrANi/mUlam/3/4/09_vidhurAdhikaraNam/
०९ विधुराधिकरणम् 	 shAnkara-darshanam/tattvam/shankaraH/brahma-sUtrANi/sarva-prastutiH/03/04/09_vidhurAdhikaraNam/
०९ संज्ञामूर्तिकॢप्त्यधिकरणम् 	 shAnkara-darshanam/tattvam/shankaraH/brahma-sUtrANi/mUlam/2/4/09_saMjnAmUrtikLLiptyadhikaraNam/
०९ संज्ञामूर्तिकॢप्त्यधिकरणम् 	 shAnkara-darshanam/tattvam/shankaraH/brahma-sUtrANi/sarva-prastutiH/02/04/09_saMjnAmUrtikLLiptyadhikaraNam/
०९ सोरठि 	 nAnaka-mArgaH/guru-granthaH/sarva-prastutiH/02_rAga/09_soraThi/
೦೯ ದೇಹಾಅನುಭವ ಮತ್ತು ಸಾಕ್ಷಾತ್ಕಾರ 	 shAnkara-darshanam/tattvam/articles/satyanArAyaNa-shAstrI/garaNi-rAdhAkRShNaH/ramaNa/ramaNa_maharShigaLoDane_saMvAda/09_dEhAanubhava_mattu_sAxAtkAra/
೦೯ ಹೃದಯ ಗ್ರಂಥಿಯ ಬೇಧನೆ 	 shAnkara-darshanam/tattvam/articles/satyanArAyaNa-shAstrI/garaNi-rAdhAkRShNaH/ramaNa/ramaNa_gItA/09_hRdaya_graMthiya_bEdhane/
०९० 	 yoga-vAsiShTha-shAstram/Ananda-bodhendra-TIkA/3_utpattiprakaraNam/090/
०९० 	 yoga-vAsiShTha-shAstram/Ananda-bodhendra-TIkA/6_nirvANa-prakaraNam/1/090/
०९० 	 yoga-vAsiShTha-shAstram/Ananda-bodhendra-TIkA/6_nirvANa-prakaraNam/2/090/
०९१ 	 yoga-vAsiShTha-shAstram/Ananda-bodhendra-TIkA/3_utpattiprakaraNam/091/
०९१ 	 yoga-vAsiShTha-shAstram/Ananda-bodhendra-TIkA/6_nirvANa-prakaraNam/1/091/
०९१ 	 yoga-vAsiShTha-shAstram/Ananda-bodhendra-TIkA/6_nirvANa-prakaraNam/2/091/
०९२ 	 yoga-vAsiShTha-shAstram/Ananda-bodhendra-TIkA/3_utpattiprakaraNam/092/
०९२ 	 yoga-vAsiShTha-shAstram/Ananda-bodhendra-TIkA/6_nirvANa-prakaraNam/1/092/
०९२ 	 yoga-vAsiShTha-shAstram/Ananda-bodhendra-TIkA/6_nirvANa-prakaraNam/2/092/
०९३ 	 yoga-vAsiShTha-shAstram/Ananda-bodhendra-TIkA/3_utpattiprakaraNam/093/
०९३ 	 yoga-vAsiShTha-shAstram/Ananda-bodhendra-TIkA/6_nirvANa-prakaraNam/1/093/
०९३ 	 yoga-vAsiShTha-shAstram/Ananda-bodhendra-TIkA/6_nirvANa-prakaraNam/2/093/
०९४ 	 yoga-vAsiShTha-shAstram/Ananda-bodhendra-TIkA/3_utpattiprakaraNam/094/
०९४ 	 yoga-vAsiShTha-shAstram/Ananda-bodhendra-TIkA/6_nirvANa-prakaraNam/1/094/
०९४ 	 yoga-vAsiShTha-shAstram/Ananda-bodhendra-TIkA/6_nirvANa-prakaraNam/2/094/
०९५ 	 yoga-vAsiShTha-shAstram/Ananda-bodhendra-TIkA/3_utpattiprakaraNam/095/
०९५ 	 yoga-vAsiShTha-shAstram/Ananda-bodhendra-TIkA/6_nirvANa-prakaraNam/1/095/
०९५ 	 yoga-vAsiShTha-shAstram/Ananda-bodhendra-TIkA/6_nirvANa-prakaraNam/2/095/
०९६ 	 yoga-vAsiShTha-shAstram/Ananda-bodhendra-TIkA/3_utpattiprakaraNam/096/
०९६ 	 yoga-vAsiShTha-shAstram/Ananda-bodhendra-TIkA/6_nirvANa-prakaraNam/1/096/
०९६ 	 yoga-vAsiShTha-shAstram/Ananda-bodhendra-TIkA/6_nirvANa-prakaraNam/2/096/
०९७ 	 yoga-vAsiShTha-shAstram/Ananda-bodhendra-TIkA/3_utpattiprakaraNam/097/
०९७ 	 yoga-vAsiShTha-shAstram/Ananda-bodhendra-TIkA/6_nirvANa-prakaraNam/1/097/
०९७ 	 yoga-vAsiShTha-shAstram/Ananda-bodhendra-TIkA/6_nirvANa-prakaraNam/2/097/
०९८ 	 yoga-vAsiShTha-shAstram/Ananda-bodhendra-TIkA/3_utpattiprakaraNam/098/
०९८ 	 yoga-vAsiShTha-shAstram/Ananda-bodhendra-TIkA/6_nirvANa-prakaraNam/1/098/
०९८ 	 yoga-vAsiShTha-shAstram/Ananda-bodhendra-TIkA/6_nirvANa-prakaraNam/2/098/
०९९ 	 yoga-vAsiShTha-shAstram/Ananda-bodhendra-TIkA/3_utpattiprakaraNam/099/
०९९ 	 yoga-vAsiShTha-shAstram/Ananda-bodhendra-TIkA/6_nirvANa-prakaraNam/1/099/
०९९ 	 yoga-vAsiShTha-shAstram/Ananda-bodhendra-TIkA/6_nirvANa-prakaraNam/2/099/
1 	 shAnkara-darshanam/tattvam/shankaraH/brahma-sUtrANi/thibaut/0/chapter_intro/1/
१ 	 shAnkara-darshanam/tattvam/madhu-sUdana-sarasvatI/advaita-siddhiH/1/
೧ 	 shAnkara-darshanam/tattvam/shankaraH/brahma-sUtrANi/sachchidAnandendraH/v1/1/1/
೧ 	 shAnkara-darshanam/tattvam/shankaraH/brahma-sUtrANi/sachchidAnandendraH/v1/2/1/
१ विषयावतरणम् 	 shAnkara-darshanam/tattvam/sachchidAnandendraH/mUlAvidyA-nirAsaH/1_viShayAvataraNam/
1: Instruction on Self-Realization 	 shAnkara-darshanam/tattvam/articles/satyanArAyaNa-shAstrI/garaNi-rAdhAkRShNaH/english-articles/Ashtavakra_Samhita/1_Instruction_on_Self-Realization/
१० 	 shAnkara-darshanam/kAvaym/padyam/shankara-digvijayaH/mAdhavIyaH/sarva-prastutiH/10/
१० 	 yoga-vAsiShTha-shAstram/Ananda-bodhendra-TIkA/1_vairAgya-prakaraNam/10/
१० 	 yoga-vAsiShTha-shAstram/Ananda-bodhendra-TIkA/2_mumuxu-vyavahAra-prakaraNam/10/
१० 	 yoga-vAsiShTha-shAstram/Ananda-bodhendra-TIkA/4_sthiti-prakaraNam/10/
१० 	 yoga-vAsiShTha-shAstram/Ananda-bodhendra-TIkA/5_upashama-prakaraNam/10/
10 - navya nyAya analysis Part 2 	 shAnkara-darshanam/tattvam/prakIrNam/dharmarAjAdhvarI_vedAnta-paribhAShA/sadAnandaH/02_anumAna/10_navya-nyaya2/
10 - The Criteria for Cognition 	 shAnkara-darshanam/tattvam/prakIrNam/dharmarAjAdhvarI_vedAnta-paribhAShA/sadAnandaH/01_perception/10_criteria-cognition/
10 - The Fundamentals of the Bhakti Tradition in Hinduism Part X 	 shAnkara-darshanam/tattvam/en/v-krishnamurthy/the-fundamentals-of-the-bhakti-tradition-in-hinduism/10_the-fundamentals-of-the-bhakti-tradition-in-hinduism-part-x/
10 ACQUIREMENT OF KNOWLEDGE OF SEX-LOVE 	 shAnkara-darshanam/kAvaym/padyam/shankara-digvijayaH/mAdhavIyaH/en_tapasyAnanda/10_ACQUIREMENT_OF_KNOWLEDGE_OF_SEX-LOVE/
10 Chapter X - The Vaiśeṣika or Aulūkya System 	 shAnkara-darshanam/tattvam/mAdhava-sarva-darshana-sangrahaH/en/colwell/10/
10 None 	 shAnkara-darshanam/tattvam/shankaraH/brahma-sUtrANi/thibaut/1/2/10/
10 None 	 shAnkara-darshanam/tattvam/shankaraH/brahma-sUtrANi/thibaut/1/3/10/
10 None 	 shAnkara-darshanam/tattvam/shankaraH/brahma-sUtrANi/thibaut/1/4/10/
10 None 	 shAnkara-darshanam/tattvam/shankaraH/brahma-sUtrANi/thibaut/2/1/10/
10 None 	 shAnkara-darshanam/tattvam/shankaraH/brahma-sUtrANi/thibaut/2/2/10/
10 None 	 shAnkara-darshanam/tattvam/shankaraH/brahma-sUtrANi/thibaut/2/3/10/
10 None 	 shAnkara-darshanam/tattvam/shankaraH/brahma-sUtrANi/thibaut/2/4/10/
10 None 	 shAnkara-darshanam/tattvam/shankaraH/brahma-sUtrANi/thibaut/3/1/10/
10 None 	 shAnkara-darshanam/tattvam/shankaraH/brahma-sUtrANi/thibaut/3/2/10/
10 None 	 shAnkara-darshanam/tattvam/shankaraH/brahma-sUtrANi/thibaut/3/3/10/
10 None 	 shAnkara-darshanam/tattvam/shankaraH/brahma-sUtrANi/thibaut/3/4/10/
10 None 	 shAnkara-darshanam/tattvam/shankaraH/brahma-sUtrANi/thibaut/4/1/10/
10 None 	 shAnkara-darshanam/tattvam/shankaraH/brahma-sUtrANi/thibaut/4/2/10/
10 None 	 shAnkara-darshanam/tattvam/shankaraH/brahma-sUtrANi/thibaut/4/3/10/
10 None 	 shAnkara-darshanam/tattvam/shankaraH/brahma-sUtrANi/thibaut/4/4/10/
१० इतरासंश्लेषाधिकरणम् 	 shAnkara-darshanam/tattvam/shankaraH/brahma-sUtrANi/mUlam/4/1/10_itarAsaMshleShAdhikaraNam/
१० इतरासंश्लेषाधिकरणम् 	 shAnkara-darshanam/tattvam/shankaraH/brahma-sUtrANi/sarva-prastutiH/04/01/10_itarAsaMshleShAdhikaraNam/
१० उपशमाष्टकम् 	 aShTAvakra-gItA/sarva-prastutiH/10_upashamAShTakam/
१० कम्पनाधिकरणम् 	 shAnkara-darshanam/tattvam/shankaraH/brahma-sUtrANi/mUlam/1/3/10_kampanAdhikaraNam/
१० कम्पनाधिकरणम् 	 shAnkara-darshanam/tattvam/shankaraH/brahma-sUtrANi/sarva-prastutiH/01/03/10_kampanAdhikaraNam/
१० गीता के काश्मीरीय भाष्य 	 articles/saMskRta-vANmaya-bRhad-itihAsa_10_vedAnta/04_gItA_aura_yogavAsiShTha/01_bhagavadgItA/10_gItA_ke_kAshmIrIya_bhAShya/
१० गुरु अर्जन देव असटपदीआ 	 nAnaka-mArgaH/guru-granthaH/sarva-prastutiH/02_rAga/03_gau.DI/10_guru_arjana_deva_asaTapadIA/
१० गुरु अर्जन-देव - आसावरी 	 nAnaka-mArgaH/guru-granthaH/sarva-prastutiH/02_rAga/04_AsA/10_guru_arjana-deva_-_AsAvarI/
१० चराचरव्यपाश्रयाधिकरणम् 	 shAnkara-darshanam/tattvam/shankaraH/brahma-sUtrANi/mUlam/2/3/10_charAcharavyapAshrayAdhikaraNam/
१० चराचरव्यपाश्रयाधिकरणम् 	 shAnkara-darshanam/tattvam/shankaraH/brahma-sUtrANi/sarva-prastutiH/02/03/10_charAcharavyapAshrayAdhikaraNam/
१० ज्योतिश्चरणाधिकरणम् 	 shAnkara-darshanam/tattvam/shankaraH/brahma-sUtrANi/mUlam/1/1/10_jyotishcharaNAdhikaraNam/
१० ज्योतिश्चरणाधिकरणम् 	 shAnkara-darshanam/tattvam/shankaraH/brahma-sUtrANi/sarva-prastutiH/01/01/10_jyotishcharaNAdhikaraNam/
१० तद्भूताधिकरणम् 	 shAnkara-darshanam/tattvam/shankaraH/brahma-sUtrANi/mUlam/3/4/10_tadbhUtAdhikaraNam/
१० तद्भूताधिकरणम् 	 shAnkara-darshanam/tattvam/shankaraH/brahma-sUtrANi/sarva-prastutiH/03/04/10_tadbhUtAdhikaraNam/
१० धनासिरी 	 nAnaka-mArgaH/guru-granthaH/sarva-prastutiH/02_rAga/10_dhanAsirI/
१० ब्रह्मणोऽभिन्ननिमित्तोपादानवे प्रमाणोपपत्तिः 	 shAnkara-darshanam/tattvam/madhu-sUdana-sarasvatI/advaita-siddhiH/2/10_brahmaNo-bhinnanimittopAdAnave_pramAN/
१० रश्म्यधिकरणम् 	 shAnkara-darshanam/tattvam/shankaraH/brahma-sUtrANi/mUlam/4/2/10_rashmyadhikaraNam/
१० रश्म्यधिकरणम् 	 shAnkara-darshanam/tattvam/shankaraH/brahma-sUtrANi/sarva-prastutiH/04/02/10_rashmyadhikaraNam/
१० रसेश्वरदर्शनम् 	 shAnkara-darshanam/tattvam/mAdhava-sarva-darshana-sangrahaH/10_raseshvaradarshanam/
१० समानाधिकरणम् 	 shAnkara-darshanam/tattvam/shankaraH/brahma-sUtrANi/mUlam/3/3/10_samAnAdhikaraNam/
१० समानाधिकरणम् 	 shAnkara-darshanam/tattvam/shankaraH/brahma-sUtrANi/sarva-prastutiH/03/03/10_samAnAdhikaraNam/
१० सर्वोपेताधिकरणम् 	 shAnkara-darshanam/tattvam/shankaraH/brahma-sUtrANi/mUlam/2/1/10_sarvopetAdhikaraNam/
१० सर्वोपेताधिकरणम् 	 shAnkara-darshanam/tattvam/shankaraH/brahma-sUtrANi/sarva-prastutiH/02/01/10_sarvopetAdhikaraNam/
೧೦ ಮುಕ್ತರು ಮತ್ತು ಸಿದ್ದಿಗಳು 	 shAnkara-darshanam/tattvam/articles/satyanArAyaNa-shAstrI/garaNi-rAdhAkRShNaH/ramaNa/ramaNa_maharShigaLoDane_saMvAda/10_muktaru_mattu_siddigaLu/
೧೦ ಸಮಾಜ 	 shAnkara-darshanam/tattvam/articles/satyanArAyaNa-shAstrI/garaNi-rAdhAkRShNaH/ramaNa/ramaNa_gItA/10_samAja/
10: Quietude 	 shAnkara-darshanam/tattvam/articles/satyanArAyaNa-shAstrI/garaNi-rAdhAkRShNaH/english-articles/Ashtavakra_Samhita/10_Quietude/
१०० 	 yoga-vAsiShTha-shAstram/Ananda-bodhendra-TIkA/3_utpattiprakaraNam/100/
१०० 	 yoga-vAsiShTha-shAstram/Ananda-bodhendra-TIkA/6_nirvANa-prakaraNam/1/100/
१०० 	 yoga-vAsiShTha-shAstram/Ananda-bodhendra-TIkA/6_nirvANa-prakaraNam/2/100/
१०१ 	 yoga-vAsiShTha-shAstram/Ananda-bodhendra-TIkA/3_utpattiprakaraNam/101/
१०१ 	 yoga-vAsiShTha-shAstram/Ananda-bodhendra-TIkA/6_nirvANa-prakaraNam/1/101/
१०१ 	 yoga-vAsiShTha-shAstram/Ananda-bodhendra-TIkA/6_nirvANa-prakaraNam/2/101/
१०२ 	 yoga-vAsiShTha-shAstram/Ananda-bodhendra-TIkA/3_utpattiprakaraNam/102/
१०२ 	 yoga-vAsiShTha-shAstram/Ananda-bodhendra-TIkA/6_nirvANa-prakaraNam/1/102/
१०२ 	 yoga-vAsiShTha-shAstram/Ananda-bodhendra-TIkA/6_nirvANa-prakaraNam/2/102/
१०३ 	 yoga-vAsiShTha-shAstram/Ananda-bodhendra-TIkA/3_utpattiprakaraNam/103/
१०३ 	 yoga-vAsiShTha-shAstram/Ananda-bodhendra-TIkA/6_nirvANa-prakaraNam/1/103/
१०३ 	 yoga-vAsiShTha-shAstram/Ananda-bodhendra-TIkA/6_nirvANa-prakaraNam/2/103/
१०४ 	 yoga-vAsiShTha-shAstram/Ananda-bodhendra-TIkA/3_utpattiprakaraNam/104/
१०४ 	 yoga-vAsiShTha-shAstram/Ananda-bodhendra-TIkA/6_nirvANa-prakaraNam/1/104/
१०४ 	 yoga-vAsiShTha-shAstram/Ananda-bodhendra-TIkA/6_nirvANa-prakaraNam/2/104/
१०५ 	 yoga-vAsiShTha-shAstram/Ananda-bodhendra-TIkA/3_utpattiprakaraNam/105/
१०५ 	 yoga-vAsiShTha-shAstram/Ananda-bodhendra-TIkA/6_nirvANa-prakaraNam/1/105/
१०५ 	 yoga-vAsiShTha-shAstram/Ananda-bodhendra-TIkA/6_nirvANa-prakaraNam/2/105/
१०६ 	 yoga-vAsiShTha-shAstram/Ananda-bodhendra-TIkA/3_utpattiprakaraNam/106/
१०६ 	 yoga-vAsiShTha-shAstram/Ananda-bodhendra-TIkA/6_nirvANa-prakaraNam/1/106/
१०६ 	 yoga-vAsiShTha-shAstram/Ananda-bodhendra-TIkA/6_nirvANa-prakaraNam/2/106/
१०७ 	 yoga-vAsiShTha-shAstram/Ananda-bodhendra-TIkA/3_utpattiprakaraNam/107/
१०७ 	 yoga-vAsiShTha-shAstram/Ananda-bodhendra-TIkA/6_nirvANa-prakaraNam/1/107/
१०७ 	 yoga-vAsiShTha-shAstram/Ananda-bodhendra-TIkA/6_nirvANa-prakaraNam/2/107/
१०८ 	 yoga-vAsiShTha-shAstram/Ananda-bodhendra-TIkA/3_utpattiprakaraNam/108/
१०८ 	 yoga-vAsiShTha-shAstram/Ananda-bodhendra-TIkA/6_nirvANa-prakaraNam/1/108/
१०८ 	 yoga-vAsiShTha-shAstram/Ananda-bodhendra-TIkA/6_nirvANa-prakaraNam/2/108/
१०९ 	 yoga-vAsiShTha-shAstram/Ananda-bodhendra-TIkA/3_utpattiprakaraNam/109/
१०९ 	 yoga-vAsiShTha-shAstram/Ananda-bodhendra-TIkA/6_nirvANa-prakaraNam/2/109/
११ 	 shAnkara-darshanam/kAvaym/padyam/shankara-digvijayaH/mAdhavIyaH/sarva-prastutiH/11/
११ 	 yoga-vAsiShTha-shAstram/Ananda-bodhendra-TIkA/1_vairAgya-prakaraNam/11/
११ 	 yoga-vAsiShTha-shAstram/Ananda-bodhendra-TIkA/2_mumuxu-vyavahAra-prakaraNam/11/
११ 	 yoga-vAsiShTha-shAstram/Ananda-bodhendra-TIkA/4_sthiti-prakaraNam/11/
११ 	 yoga-vAsiShTha-shAstram/Ananda-bodhendra-TIkA/5_upashama-prakaraNam/11/
11 - navya nyAya analysis Part 3 	 shAnkara-darshanam/tattvam/prakIrNam/dharmarAjAdhvarI_vedAnta-paribhAShA/sadAnandaH/02_anumAna/11_navya-nyaya3/
11 - The Fundamentals of the Bhakti Tradition in Hinduism Part XI (i) 	 shAnkara-darshanam/tattvam/en/v-krishnamurthy/the-fundamentals-of-the-bhakti-tradition-in-hinduism/11_the-fundamentals-of-the-bhakti-tradition-in-hinduism-part-xi-i/
11 - Unity of limiting consciousness for perception 	 shAnkara-darshanam/tattvam/prakIrNam/dharmarAjAdhvarI_vedAnta-paribhAShA/sadAnandaH/01_perception/11_unity-limiting-consciousness/
11 Chapter XI - The Akṣapāda or Nyāya System 	 shAnkara-darshanam/tattvam/mAdhava-sarva-darshana-sangrahaH/en/colwell/11/
11 ENCOUNTER WITH THE FIERCE BHAIRAVA 	 shAnkara-darshanam/kAvaym/padyam/shankara-digvijayaH/mAdhavIyaH/en_tapasyAnanda/11_ENCOUNTER_WITH_THE_FIERCE_BHAIRAVA/
11 None 	 shAnkara-darshanam/tattvam/shankaraH/brahma-sUtrANi/thibaut/1/2/11/
11 None 	 shAnkara-darshanam/tattvam/shankaraH/brahma-sUtrANi/thibaut/1/3/11/
11 None 	 shAnkara-darshanam/tattvam/shankaraH/brahma-sUtrANi/thibaut/1/4/11/
11 None 	 shAnkara-darshanam/tattvam/shankaraH/brahma-sUtrANi/thibaut/2/1/11/
11 None 	 shAnkara-darshanam/tattvam/shankaraH/brahma-sUtrANi/thibaut/2/2/11/
11 None 	 shAnkara-darshanam/tattvam/shankaraH/brahma-sUtrANi/thibaut/2/3/11/
11 None 	 shAnkara-darshanam/tattvam/shankaraH/brahma-sUtrANi/thibaut/2/4/11/
11 None 	 shAnkara-darshanam/tattvam/shankaraH/brahma-sUtrANi/thibaut/3/1/11/
11 None 	 shAnkara-darshanam/tattvam/shankaraH/brahma-sUtrANi/thibaut/3/2/11/
11 None 	 shAnkara-darshanam/tattvam/shankaraH/brahma-sUtrANi/thibaut/3/3/11/
11 None 	 shAnkara-darshanam/tattvam/shankaraH/brahma-sUtrANi/thibaut/3/4/11/
11 None 	 shAnkara-darshanam/tattvam/shankaraH/brahma-sUtrANi/thibaut/4/1/11/
11 None 	 shAnkara-darshanam/tattvam/shankaraH/brahma-sUtrANi/thibaut/4/2/11/
11 None 	 shAnkara-darshanam/tattvam/shankaraH/brahma-sUtrANi/thibaut/4/3/11/
11 None 	 shAnkara-darshanam/tattvam/shankaraH/brahma-sUtrANi/thibaut/4/4/11/
११ अनारब्धाधिकरणम् 	 shAnkara-darshanam/tattvam/shankaraH/brahma-sUtrANi/mUlam/4/1/11_anArabdhAdhikaraNam/
११ अनारब्धाधिकरणम् 	 shAnkara-darshanam/tattvam/shankaraH/brahma-sUtrANi/sarva-prastutiH/04/01/11_anArabdhAdhikaraNam/
११ आत्माधिकरणम् 	 shAnkara-darshanam/tattvam/shankaraH/brahma-sUtrANi/mUlam/2/3/11_AtmAdhikaraNam/
११ आत्माधिकरणम् 	 shAnkara-darshanam/tattvam/shankaraH/brahma-sUtrANi/sarva-prastutiH/02/03/11_AtmAdhikaraNam/
११ आधिकारिकाधिकरणम् 	 shAnkara-darshanam/tattvam/shankaraH/brahma-sUtrANi/mUlam/3/4/11_AdhikArikAdhikaraNam/
११ आधिकारिकाधिकरणम् 	 shAnkara-darshanam/tattvam/shankaraH/brahma-sUtrANi/sarva-prastutiH/03/04/11_AdhikArikAdhikaraNam/
११ काणादः 	 shAnkara-darshanam/tattvam/mAdhava-sarva-darshana-sangrahaH/11_kANAdaH/
११ गुरु तेघ-बहादुर 	 nAnaka-mArgaH/guru-granthaH/sarva-prastutiH/02_rAga/04_AsA/11_guru_tegha-bahAdura/
११ गुरु नानक छंत 	 nAnaka-mArgaH/guru-granthaH/sarva-prastutiH/02_rAga/03_gau.DI/11_guru_nAnaka_ChaMta/
११ जैतसरी 	 nAnaka-mArgaH/guru-granthaH/sarva-prastutiH/02_rAga/11_jaitasarI/
११ ज्ञानाष्टकम् 	 aShTAvakra-gItA/sarva-prastutiH/11_jnAnAShTakam/
११ ज्योतिरधिकरणम् 	 shAnkara-darshanam/tattvam/shankaraH/brahma-sUtrANi/mUlam/1/3/11_jyotiradhikaraNam/
११ ज्योतिरधिकरणम् 	 shAnkara-darshanam/tattvam/shankaraH/brahma-sUtrANi/sarva-prastutiH/01/03/11_jyotiradhikaraNam/
११ दक्षिणायनाधिकरणम् 	 shAnkara-darshanam/tattvam/shankaraH/brahma-sUtrANi/mUlam/4/2/11_daxiNAyanAdhikaraNam/
११ दक्षिणायनाधिकरणम् 	 shAnkara-darshanam/tattvam/shankaraH/brahma-sUtrANi/sarva-prastutiH/04/02/11_daxiNAyanAdhikaraNam/
११ निरुक्तोपनिषत् 	 upaniShat/aDyAr-sankalanam/11_niruktopaniShat/
११ प्रतर्दनाधिकरणम् 	 shAnkara-darshanam/tattvam/shankaraH/brahma-sUtrANi/mUlam/1/1/11_pratardanAdhikaraNam/
११ प्रतर्दनाधिकरणम् 	 shAnkara-darshanam/tattvam/shankaraH/brahma-sUtrANi/sarva-prastutiH/01/01/11_pratardanAdhikaraNam/
११ प्रयोजनवत्त्वाधिकरणम् 	 shAnkara-darshanam/tattvam/shankaraH/brahma-sUtrANi/mUlam/2/1/11_prayojanavattvAdhikaraNam/
११ प्रयोजनवत्त्वाधिकरणम् 	 shAnkara-darshanam/tattvam/shankaraH/brahma-sUtrANi/sarva-prastutiH/02/01/11_prayojanavattvAdhikaraNam/
११ ब्रह्मणः स्वप्रकाशत्वलक्षणोपपत्तिः 	 shAnkara-darshanam/tattvam/madhu-sUdana-sarasvatI/advaita-siddhiH/2/11_brahmaNaH_svaprakAshatvalaxaNopapatti/
११ सम्बन्धाधिकरणम् 	 shAnkara-darshanam/tattvam/shankaraH/brahma-sUtrANi/mUlam/3/3/11_sambandhAdhikaraNam/
११ सम्बन्धाधिकरणम् 	 shAnkara-darshanam/tattvam/shankaraH/brahma-sUtrANi/sarva-prastutiH/03/03/11_sambandhAdhikaraNam/
೧೧ ಜ್ಞಾನ ಮತ್ತು ಸಿದ್ಧಿಯ ಹೋಲಿಕೆಗಳು 	 shAnkara-darshanam/tattvam/articles/satyanArAyaNa-shAstrI/garaNi-rAdhAkRShNaH/ramaNa/ramaNa_gItA/11_jnAna_mattu_siddhiya_hOlikegaLu/
೧೧ ಪರಮಾತ್ಮನಲ್ಲಿ ಶರಣಾಗ ಬೇಕು 	 shAnkara-darshanam/tattvam/articles/satyanArAyaNa-shAstrI/garaNi-rAdhAkRShNaH/ramaNa/ramaNa_maharShigaLoDane_saMvAda/11_paramAtmanalli_sharaNAga_bEku/
11: Wisdom 	 shAnkara-darshanam/tattvam/articles/satyanArAyaNa-shAstrI/garaNi-rAdhAkRShNaH/english-articles/Ashtavakra_Samhita/11_Wisdom/
११० 	 yoga-vAsiShTha-shAstram/Ananda-bodhendra-TIkA/3_utpattiprakaraNam/110/
११० 	 yoga-vAsiShTha-shAstram/Ananda-bodhendra-TIkA/6_nirvANa-prakaraNam/1/110/
११० 	 yoga-vAsiShTha-shAstram/Ananda-bodhendra-TIkA/6_nirvANa-prakaraNam/2/110/
१११ 	 yoga-vAsiShTha-shAstram/Ananda-bodhendra-TIkA/3_utpattiprakaraNam/111/
१११ 	 yoga-vAsiShTha-shAstram/Ananda-bodhendra-TIkA/6_nirvANa-prakaraNam/1/111/
१११ 	 yoga-vAsiShTha-shAstram/Ananda-bodhendra-TIkA/6_nirvANa-prakaraNam/2/111/
११२ 	 yoga-vAsiShTha-shAstram/Ananda-bodhendra-TIkA/3_utpattiprakaraNam/112/
११२ 	 yoga-vAsiShTha-shAstram/Ananda-bodhendra-TIkA/6_nirvANa-prakaraNam/1/112/
११२ 	 yoga-vAsiShTha-shAstram/Ananda-bodhendra-TIkA/6_nirvANa-prakaraNam/2/112/
११३ 	 yoga-vAsiShTha-shAstram/Ananda-bodhendra-TIkA/3_utpattiprakaraNam/113/
११३ 	 yoga-vAsiShTha-shAstram/Ananda-bodhendra-TIkA/6_nirvANa-prakaraNam/1/113/
११३ 	 yoga-vAsiShTha-shAstram/Ananda-bodhendra-TIkA/6_nirvANa-prakaraNam/2/113/
११४ 	 yoga-vAsiShTha-shAstram/Ananda-bodhendra-TIkA/3_utpattiprakaraNam/114/
११४ 	 yoga-vAsiShTha-shAstram/Ananda-bodhendra-TIkA/6_nirvANa-prakaraNam/1/114/
११४ 	 yoga-vAsiShTha-shAstram/Ananda-bodhendra-TIkA/6_nirvANa-prakaraNam/2/114/
११५ 	 yoga-vAsiShTha-shAstram/Ananda-bodhendra-TIkA/3_utpattiprakaraNam/115/
११५ 	 yoga-vAsiShTha-shAstram/Ananda-bodhendra-TIkA/6_nirvANa-prakaraNam/1/115/
११५ 	 yoga-vAsiShTha-shAstram/Ananda-bodhendra-TIkA/6_nirvANa-prakaraNam/2/115/
११६ 	 yoga-vAsiShTha-shAstram/Ananda-bodhendra-TIkA/3_utpattiprakaraNam/116/
११६ 	 yoga-vAsiShTha-shAstram/Ananda-bodhendra-TIkA/6_nirvANa-prakaraNam/1/116/
११६ 	 yoga-vAsiShTha-shAstram/Ananda-bodhendra-TIkA/6_nirvANa-prakaraNam/2/116/
११७ 	 yoga-vAsiShTha-shAstram/Ananda-bodhendra-TIkA/3_utpattiprakaraNam/117/
११७ 	 yoga-vAsiShTha-shAstram/Ananda-bodhendra-TIkA/6_nirvANa-prakaraNam/1/117/
११७ 	 yoga-vAsiShTha-shAstram/Ananda-bodhendra-TIkA/6_nirvANa-prakaraNam/2/117/
११८ 	 yoga-vAsiShTha-shAstram/Ananda-bodhendra-TIkA/3_utpattiprakaraNam/118/
११८ 	 yoga-vAsiShTha-shAstram/Ananda-bodhendra-TIkA/6_nirvANa-prakaraNam/1/118/
११८ 	 yoga-vAsiShTha-shAstram/Ananda-bodhendra-TIkA/6_nirvANa-prakaraNam/2/118/
११९ 	 yoga-vAsiShTha-shAstram/Ananda-bodhendra-TIkA/3_utpattiprakaraNam/119/
११९ 	 yoga-vAsiShTha-shAstram/Ananda-bodhendra-TIkA/6_nirvANa-prakaraNam/1/119/
११९ 	 yoga-vAsiShTha-shAstram/Ananda-bodhendra-TIkA/6_nirvANa-prakaraNam/2/119/
१२ 	 shAnkara-darshanam/kAvaym/padyam/shankara-digvijayaH/mAdhavIyaH/sarva-prastutiH/12/
१२ 	 yoga-vAsiShTha-shAstram/Ananda-bodhendra-TIkA/1_vairAgya-prakaraNam/12/
१२ 	 yoga-vAsiShTha-shAstram/Ananda-bodhendra-TIkA/2_mumuxu-vyavahAra-prakaraNam/12/
१२ 	 yoga-vAsiShTha-shAstram/Ananda-bodhendra-TIkA/4_sthiti-prakaraNam/12/
१२ 	 yoga-vAsiShTha-shAstram/Ananda-bodhendra-TIkA/5_upashama-prakaraNam/12/
12 - Internal Perceptions (cont.) 	 shAnkara-darshanam/tattvam/prakIrNam/dharmarAjAdhvarI_vedAnta-paribhAShA/sadAnandaH/01_perception/12_internal-perceptions-contd/
12 - navya nyAya analysis Part 4 	 shAnkara-darshanam/tattvam/prakIrNam/dharmarAjAdhvarI_vedAnta-paribhAShA/sadAnandaH/02_anumAna/12_navya-nyaya4/
12 - The Fundamentals of the Bhakti Tradition in Hinduism Part XI (ii) 	 shAnkara-darshanam/tattvam/en/v-krishnamurthy/the-fundamentals-of-the-bhakti-tradition-in-hinduism/12_the-fundamentals-of-the-bhakti-tradition-in-hinduism-part-xi-ii/
12 Chapter XII - The Jaiminīya System 	 shAnkara-darshanam/tattvam/mAdhava-sarva-darshana-sangrahaH/en/colwell/12/
12 None 	 shAnkara-darshanam/tattvam/shankaraH/brahma-sUtrANi/thibaut/1/1/12/
12 None 	 shAnkara-darshanam/tattvam/shankaraH/brahma-sUtrANi/thibaut/1/2/12/
12 None 	 shAnkara-darshanam/tattvam/shankaraH/brahma-sUtrANi/thibaut/1/3/12/
12 None 	 shAnkara-darshanam/tattvam/shankaraH/brahma-sUtrANi/thibaut/1/4/12/
12 None 	 shAnkara-darshanam/tattvam/shankaraH/brahma-sUtrANi/thibaut/2/1/12/
12 None 	 shAnkara-darshanam/tattvam/shankaraH/brahma-sUtrANi/thibaut/2/3/12/
12 None 	 shAnkara-darshanam/tattvam/shankaraH/brahma-sUtrANi/thibaut/2/4/12/
12 None 	 shAnkara-darshanam/tattvam/shankaraH/brahma-sUtrANi/thibaut/3/1/12/
12 None 	 shAnkara-darshanam/tattvam/shankaraH/brahma-sUtrANi/thibaut/3/2/12/
12 None 	 shAnkara-darshanam/tattvam/shankaraH/brahma-sUtrANi/thibaut/3/3/12/
12 None 	 shAnkara-darshanam/tattvam/shankaraH/brahma-sUtrANi/thibaut/3/4/12/
12 None 	 shAnkara-darshanam/tattvam/shankaraH/brahma-sUtrANi/thibaut/4/1/12/
12 None 	 shAnkara-darshanam/tattvam/shankaraH/brahma-sUtrANi/thibaut/4/2/12/
12 None 	 shAnkara-darshanam/tattvam/shankaraH/brahma-sUtrANi/thibaut/4/3/12/
12 None 	 shAnkara-darshanam/tattvam/shankaraH/brahma-sUtrANi/thibaut/4/4/12/
12 THE COMING OF SOME DISCIPLES 	 shAnkara-darshanam/kAvaym/padyam/shankara-digvijayaH/mAdhavIyaH/en_tapasyAnanda/12_THE_COMING_OF_SOME_DISCIPLES/
१२ अक्षपाददर्शनम् 	 shAnkara-darshanam/tattvam/mAdhava-sarva-darshana-sangrahaH/12_axapAdadarshanam/
१२ अग्निहोत्राद्यधिकरणम् 	 shAnkara-darshanam/tattvam/shankaraH/brahma-sUtrANi/mUlam/4/1/12_agnihotrAdyadhikaraNam/
१२ अग्निहोत्राद्यधिकरणम् 	 shAnkara-darshanam/tattvam/shankaraH/brahma-sUtrANi/sarva-prastutiH/04/01/12_agnihotrAdyadhikaraNam/
१२ अनुभूतिस्वप्रकाशत्वोपपत्तिः 	 shAnkara-darshanam/tattvam/madhu-sUdana-sarasvatI/advaita-siddhiH/2/12_anubhUtisvaprakAshatvopapattiH/
१२ अर्थान्तरत्वादिव्यपदेशाधिकरणम् 	 shAnkara-darshanam/tattvam/shankaraH/brahma-sUtrANi/mUlam/1/3/12_arthAntaratvAdivyapadeshAdhikaraNam/
१२ अर्थान्तरत्वादिव्यपदेशाधिकरणम् 	 shAnkara-darshanam/tattvam/shankaraH/brahma-sUtrANi/sarva-prastutiH/01/03/12_arthAntaratvAdivyapadeshAdhikaraNam/
१२ एवमेवाष्टकम् 	 aShTAvakra-gItA/sarva-prastutiH/12_evamevAShTakam/
१२ गुरु अमर-दास छंत 	 nAnaka-mArgaH/guru-granthaH/sarva-prastutiH/02_rAga/03_gau.DI/12_guru_amara-dAsa_ChaMta/
१२ गुरु नानक - असटपदीआ 	 nAnaka-mArgaH/guru-granthaH/sarva-prastutiH/02_rAga/04_AsA/12_guru_nAnaka_-_asaTapadIA/
१२ ज्ञाधिकरणम् 	 shAnkara-darshanam/tattvam/shankaraH/brahma-sUtrANi/mUlam/2/3/12_jnAdhikaraNam/
१२ ज्ञाधिकरणम् 	 shAnkara-darshanam/tattvam/shankaraH/brahma-sUtrANi/sarva-prastutiH/02/03/12_jnAdhikaraNam/
१२ टोडी 	 nAnaka-mArgaH/guru-granthaH/sarva-prastutiH/02_rAga/12_ToDI/
१२ पिण्डोपनिषत् 	 upaniShat/aDyAr-sankalanam/12_piNDopaniShat/
१२ बहिरधिकरणम् 	 shAnkara-darshanam/tattvam/shankaraH/brahma-sUtrANi/mUlam/3/4/12_bahiradhikaraNam/
१२ बहिरधिकरणम् 	 shAnkara-darshanam/tattvam/shankaraH/brahma-sUtrANi/sarva-prastutiH/03/04/12_bahiradhikaraNam/
१२ वैषम्यनैर्घृण्याधिकरणम् 	 shAnkara-darshanam/tattvam/shankaraH/brahma-sUtrANi/mUlam/2/1/12_vaiShamyanairghRNyAdhikaraNam/
१२ वैषम्यनैर्घृण्याधिकरणम् 	 shAnkara-darshanam/tattvam/shankaraH/brahma-sUtrANi/sarva-prastutiH/02/01/12_vaiShamyanairghRNyAdhikaraNam/
१२ सम्भृत्यधिकरणम् 	 shAnkara-darshanam/tattvam/shankaraH/brahma-sUtrANi/mUlam/3/3/12_sambhRtyadhikaraNam/
१२ सम्भृत्यधिकरणम् 	 shAnkara-darshanam/tattvam/shankaraH/brahma-sUtrANi/sarva-prastutiH/03/03/12_sambhRtyadhikaraNam/
೧೨ ವಿವಿಧ ಆಶ್ರಮಗಳು ಮತ್ತು ಅದರ ಮಹತ್ವ 	 shAnkara-darshanam/tattvam/articles/satyanArAyaNa-shAstrI/garaNi-rAdhAkRShNaH/ramaNa/ramaNa_maharShigaLoDane_saMvAda/12_vividha_AshramagaLu_mattu_adara_mahatva/
೧೨ ಶಕ್ತಿಯ ವಿವರಣೆ 	 shAnkara-darshanam/tattvam/articles/satyanArAyaNa-shAstrI/garaNi-rAdhAkRShNaH/ramaNa/ramaNa_gItA/12_shaktiya_vivaraNe/
12: Abiding in the Self 	 shAnkara-darshanam/tattvam/articles/satyanArAyaNa-shAstrI/garaNi-rAdhAkRShNaH/english-articles/Ashtavakra_Samhita/12_Abiding_in_the_Self/
१२० 	 yoga-vAsiShTha-shAstram/Ananda-bodhendra-TIkA/3_utpattiprakaraNam/120/
१२० 	 yoga-vAsiShTha-shAstram/Ananda-bodhendra-TIkA/6_nirvANa-prakaraNam/1/120/
१२० 	 yoga-vAsiShTha-shAstram/Ananda-bodhendra-TIkA/6_nirvANa-prakaraNam/2/120/
१२१ 	 yoga-vAsiShTha-shAstram/Ananda-bodhendra-TIkA/3_utpattiprakaraNam/121/
१२१ 	 yoga-vAsiShTha-shAstram/Ananda-bodhendra-TIkA/6_nirvANa-prakaraNam/1/121/
१२१ 	 yoga-vAsiShTha-shAstram/Ananda-bodhendra-TIkA/6_nirvANa-prakaraNam/2/121/
१२२ 	 yoga-vAsiShTha-shAstram/Ananda-bodhendra-TIkA/3_utpattiprakaraNam/122/
१२२ 	 yoga-vAsiShTha-shAstram/Ananda-bodhendra-TIkA/6_nirvANa-prakaraNam/1/122/
१२२ 	 yoga-vAsiShTha-shAstram/Ananda-bodhendra-TIkA/6_nirvANa-prakaraNam/2/122/
१२३ 	 yoga-vAsiShTha-shAstram/Ananda-bodhendra-TIkA/6_nirvANa-prakaraNam/2/123/
१२४ 	 yoga-vAsiShTha-shAstram/Ananda-bodhendra-TIkA/6_nirvANa-prakaraNam/1/124/
१२४ 	 yoga-vAsiShTha-shAstram/Ananda-bodhendra-TIkA/6_nirvANa-prakaraNam/2/124/
१२५ 	 yoga-vAsiShTha-shAstram/Ananda-bodhendra-TIkA/6_nirvANa-prakaraNam/1/125/
१२५ 	 yoga-vAsiShTha-shAstram/Ananda-bodhendra-TIkA/6_nirvANa-prakaraNam/2/125/
१२६ 	 yoga-vAsiShTha-shAstram/Ananda-bodhendra-TIkA/6_nirvANa-prakaraNam/1/126/
१२६ 	 yoga-vAsiShTha-shAstram/Ananda-bodhendra-TIkA/6_nirvANa-prakaraNam/2/126/
१२७ 	 yoga-vAsiShTha-shAstram/Ananda-bodhendra-TIkA/6_nirvANa-prakaraNam/1/127/
१२७ 	 yoga-vAsiShTha-shAstram/Ananda-bodhendra-TIkA/6_nirvANa-prakaraNam/2/127/
१२८ 	 yoga-vAsiShTha-shAstram/Ananda-bodhendra-TIkA/6_nirvANa-prakaraNam/1/128/
१२८ 	 yoga-vAsiShTha-shAstram/Ananda-bodhendra-TIkA/6_nirvANa-prakaraNam/2/128/
१२९ 	 yoga-vAsiShTha-shAstram/Ananda-bodhendra-TIkA/6_nirvANa-prakaraNam/2/129/
१३ 	 shAnkara-darshanam/kAvaym/padyam/shankara-digvijayaH/mAdhavIyaH/sarva-prastutiH/13/
१३ 	 yoga-vAsiShTha-shAstram/Ananda-bodhendra-TIkA/1_vairAgya-prakaraNam/13/
१३ 	 yoga-vAsiShTha-shAstram/Ananda-bodhendra-TIkA/2_mumuxu-vyavahAra-prakaraNam/13/
१३ 	 yoga-vAsiShTha-shAstram/Ananda-bodhendra-TIkA/4_sthiti-prakaraNam/13/
१३ 	 yoga-vAsiShTha-shAstram/Ananda-bodhendra-TIkA/5_upashama-prakaraNam/13/
13 - navya nyAya analysis Part 5 	 shAnkara-darshanam/tattvam/prakIrNam/dharmarAjAdhvarI_vedAnta-paribhAShA/sadAnandaH/02_anumAna/13_navya-nyaya5/
13 - Some Clarifications Regarding Internal Perception 	 shAnkara-darshanam/tattvam/prakIrNam/dharmarAjAdhvarI_vedAnta-paribhAShA/sadAnandaH/01_perception/13_clarifications-internal-perception/
13 - The Fundamentals of the Bhakti Tradition in Hinduism Part XII 	 shAnkara-darshanam/tattvam/en/v-krishnamurthy/the-fundamentals-of-the-bhakti-tradition-in-hinduism/13_the-fundamentals-of-the-bhakti-tradition-in-hinduism-part-xii/
13 Chapter XIII - The Pāṇinīya System 	 shAnkara-darshanam/tattvam/mAdhava-sarva-darshana-sangrahaH/en/colwell/13/
13 None 	 shAnkara-darshanam/tattvam/shankaraH/brahma-sUtrANi/thibaut/1/1/13/
13 None 	 shAnkara-darshanam/tattvam/shankaraH/brahma-sUtrANi/thibaut/1/2/13/
13 None 	 shAnkara-darshanam/tattvam/shankaraH/brahma-sUtrANi/thibaut/1/3/13/
13 None 	 shAnkara-darshanam/tattvam/shankaraH/brahma-sUtrANi/thibaut/1/4/13/
13 None 	 shAnkara-darshanam/tattvam/shankaraH/brahma-sUtrANi/thibaut/2/1/13/
13 None 	 shAnkara-darshanam/tattvam/shankaraH/brahma-sUtrANi/thibaut/2/3/13/
13 None 	 shAnkara-darshanam/tattvam/shankaraH/brahma-sUtrANi/thibaut/2/4/13/
13 None 	 shAnkara-darshanam/tattvam/shankaraH/brahma-sUtrANi/thibaut/3/1/13/
13 None 	 shAnkara-darshanam/tattvam/shankaraH/brahma-sUtrANi/thibaut/3/2/13/
13 None 	 shAnkara-darshanam/tattvam/shankaraH/brahma-sUtrANi/thibaut/3/3/13/
13 None 	 shAnkara-darshanam/tattvam/shankaraH/brahma-sUtrANi/thibaut/3/4/13/
13 None 	 shAnkara-darshanam/tattvam/shankaraH/brahma-sUtrANi/thibaut/4/1/13/
13 None 	 shAnkara-darshanam/tattvam/shankaraH/brahma-sUtrANi/thibaut/4/2/13/
13 None 	 shAnkara-darshanam/tattvam/shankaraH/brahma-sUtrANi/thibaut/4/3/13/
13 None 	 shAnkara-darshanam/tattvam/shankaraH/brahma-sUtrANi/thibaut/4/4/13/
13 PREACHING OF BRAHMA VIDYA 	 shAnkara-darshanam/kAvaym/padyam/shankara-digvijayaH/mAdhavIyaH/en_tapasyAnanda/13_PREACHING_OF_BRAHMA_VIDYA/
१३ आत्मस्वप्रकाशत्वोपपत्तिः 	 shAnkara-darshanam/tattvam/madhu-sUdana-sarasvatI/advaita-siddhiH/2/13_AtmasvaprakAshatvopapattiH/
१३ उत्क्रान्तिगत्यधिकरणम् 	 shAnkara-darshanam/tattvam/shankaraH/brahma-sUtrANi/mUlam/2/3/13_utkrAntigatyadhikaraNam/
१३ उत्क्रान्तिगत्यधिकरणम् 	 shAnkara-darshanam/tattvam/shankaraH/brahma-sUtrANi/sarva-prastutiH/02/03/13_utkrAntigatyadhikaraNam/
१३ गुरु अर्जन-देव छंत 	 nAnaka-mArgaH/guru-granthaH/sarva-prastutiH/02_rAga/03_gau.DI/13_guru_arjana-deva_ChaMta/
१३ गुरु नानक - असटपदीआ काफी 	 nAnaka-mArgaH/guru-granthaH/sarva-prastutiH/02_rAga/04_AsA/13_guru_nAnaka_-_asaTapadIA_kAphI/
१३ जैमिनिदर्शनम् 	 shAnkara-darshanam/tattvam/mAdhava-sarva-darshana-sangrahaH/13_jaiminidarshanam/
१३ पुरुषविद्याधिकरणम् 	 shAnkara-darshanam/tattvam/shankaraH/brahma-sUtrANi/mUlam/3/3/13_puruShavidyAdhikaraNam/
१३ पुरुषविद्याधिकरणम् 	 shAnkara-darshanam/tattvam/shankaraH/brahma-sUtrANi/sarva-prastutiH/03/03/13_puruShavidyAdhikaraNam/
१३ प्रणवोपनिषत् 	 upaniShat/aDyAr-sankalanam/13_praNavopaniShat_kRShNayajurvedIyA/
१३ बैराड़ी 	 nAnaka-mArgaH/guru-granthaH/sarva-prastutiH/02_rAga/13_bairA.DI/
१३ यथासुखसप्तकम् 	 aShTAvakra-gItA/sarva-prastutiH/13_yathAsukhasaptakam/
१३ विद्याज्ञानसाधनत्वाधिकरणम् 	 shAnkara-darshanam/tattvam/shankaraH/brahma-sUtrANi/mUlam/4/1/13_vidyAjnAnasAdhanatvAdhikaraNam/
१३ विद्याज्ञानसाधनत्वाधिकरणम् 	 shAnkara-darshanam/tattvam/shankaraH/brahma-sUtrANi/sarva-prastutiH/04/01/13_vidyAjnAnasAdhanatvAdhikaraNam/
१३ सर्वधर्मोपपत्त्यधिकरणम् 	 shAnkara-darshanam/tattvam/shankaraH/brahma-sUtrANi/mUlam/2/1/13_sarvadharmopapattyadhikaraNam/
१३ सर्वधर्मोपपत्त्यधिकरणम् 	 shAnkara-darshanam/tattvam/shankaraH/brahma-sUtrANi/sarva-prastutiH/02/01/13_sarvadharmopapattyadhikaraNam/
१३ सुषुप्त्युत्क्रान्त्यधिकरणम् 	 shAnkara-darshanam/tattvam/shankaraH/brahma-sUtrANi/mUlam/1/3/13_suShuptyutkrAntyadhikaraNam/
१३ सुषुप्त्युत्क्रान्त्यधिकरणम् 	 shAnkara-darshanam/tattvam/shankaraH/brahma-sUtrANi/sarva-prastutiH/01/03/13_suShuptyutkrAntyadhikaraNam/
१३ स्वाम्यधिकरणम् 	 shAnkara-darshanam/tattvam/shankaraH/brahma-sUtrANi/mUlam/3/4/13_svAmyadhikaraNam/
१३ स्वाम्यधिकरणम् 	 shAnkara-darshanam/tattvam/shankaraH/brahma-sUtrANi/sarva-prastutiH/03/04/13_svAmyadhikaraNam/
೧೩ ಸನ್ಯಾಸಕ್ಕೆ ಸ್ತ್ರೀಯರ ಅರ್ಹತೆ 	 shAnkara-darshanam/tattvam/articles/satyanArAyaNa-shAstrI/garaNi-rAdhAkRShNaH/ramaNa/ramaNa_gItA/13_sanyAsakke_strIyara_arhate/
೧೩ ಸಮಾಜ ಮತ್ತು ಮನುಷ್ಯನ ಗುರಿ 	 shAnkara-darshanam/tattvam/articles/satyanArAyaNa-shAstrI/garaNi-rAdhAkRShNaH/ramaNa/ramaNa_maharShigaLoDane_saMvAda/13_samAja_mattu_manuShyana_guri/
13: Happiness 	 shAnkara-darshanam/tattvam/articles/satyanArAyaNa-shAstrI/garaNi-rAdhAkRShNaH/english-articles/Ashtavakra_Samhita/13_Happiness/
१३० 	 yoga-vAsiShTha-shAstram/Ananda-bodhendra-TIkA/6_nirvANa-prakaraNam/2/130/
१३१ 	 yoga-vAsiShTha-shAstram/Ananda-bodhendra-TIkA/6_nirvANa-prakaraNam/2/131/
१३२ 	 yoga-vAsiShTha-shAstram/Ananda-bodhendra-TIkA/6_nirvANa-prakaraNam/2/132/
१३३ 	 yoga-vAsiShTha-shAstram/Ananda-bodhendra-TIkA/6_nirvANa-prakaraNam/2/133/
१३४ 	 yoga-vAsiShTha-shAstram/Ananda-bodhendra-TIkA/6_nirvANa-prakaraNam/2/134/
१३५ 	 yoga-vAsiShTha-shAstram/Ananda-bodhendra-TIkA/6_nirvANa-prakaraNam/2/135/
१३६ 	 yoga-vAsiShTha-shAstram/Ananda-bodhendra-TIkA/6_nirvANa-prakaraNam/2/136/
१३७ 	 yoga-vAsiShTha-shAstram/Ananda-bodhendra-TIkA/6_nirvANa-prakaraNam/2/137/
१३८ 	 yoga-vAsiShTha-shAstram/Ananda-bodhendra-TIkA/6_nirvANa-prakaraNam/2/138/
१३९ 	 yoga-vAsiShTha-shAstram/Ananda-bodhendra-TIkA/6_nirvANa-prakaraNam/2/139/
१४ 	 shAnkara-darshanam/kAvaym/padyam/shankara-digvijayaH/mAdhavIyaH/sarva-prastutiH/14/
१४ 	 yoga-vAsiShTha-shAstram/Ananda-bodhendra-TIkA/1_vairAgya-prakaraNam/14/
१४ 	 yoga-vAsiShTha-shAstram/Ananda-bodhendra-TIkA/2_mumuxu-vyavahAra-prakaraNam/14/
१४ 	 yoga-vAsiShTha-shAstram/Ananda-bodhendra-TIkA/4_sthiti-prakaraNam/14/
१४ 	 yoga-vAsiShTha-shAstram/Ananda-bodhendra-TIkA/5_upashama-prakaraNam/14/
14 - Some Clarifications Regarding Character 	 shAnkara-darshanam/tattvam/prakIrNam/dharmarAjAdhvarI_vedAnta-paribhAShA/sadAnandaH/01_perception/14_clarifications-character/
14 - The Fundamentals of the Bhakti Tradition in Hinduism Part XIII 	 shAnkara-darshanam/tattvam/en/v-krishnamurthy/the-fundamentals-of-the-bhakti-tradition-in-hinduism/14_the-fundamentals-of-the-bhakti-tradition-in-hinduism-part-xiii/
14 Chapter XIV - The Sāṅkhya System 	 shAnkara-darshanam/tattvam/mAdhava-sarva-darshana-sangrahaH/en/colwell/14/
14 None 	 shAnkara-darshanam/tattvam/shankaraH/brahma-sUtrANi/thibaut/1/1/14/
14 None 	 shAnkara-darshanam/tattvam/shankaraH/brahma-sUtrANi/thibaut/1/2/14/
14 None 	 shAnkara-darshanam/tattvam/shankaraH/brahma-sUtrANi/thibaut/1/3/14/
14 None 	 shAnkara-darshanam/tattvam/shankaraH/brahma-sUtrANi/thibaut/1/4/14/
14 None 	 shAnkara-darshanam/tattvam/shankaraH/brahma-sUtrANi/thibaut/2/1/14/
14 None 	 shAnkara-darshanam/tattvam/shankaraH/brahma-sUtrANi/thibaut/2/3/14/
14 None 	 shAnkara-darshanam/tattvam/shankaraH/brahma-sUtrANi/thibaut/2/4/14/
14 None 	 shAnkara-darshanam/tattvam/shankaraH/brahma-sUtrANi/thibaut/3/1/14/
14 None 	 shAnkara-darshanam/tattvam/shankaraH/brahma-sUtrANi/thibaut/3/2/14/
14 None 	 shAnkara-darshanam/tattvam/shankaraH/brahma-sUtrANi/thibaut/3/3/14/
14 None 	 shAnkara-darshanam/tattvam/shankaraH/brahma-sUtrANi/thibaut/3/4/14/
14 None 	 shAnkara-darshanam/tattvam/shankaraH/brahma-sUtrANi/thibaut/4/1/14/
14 None 	 shAnkara-darshanam/tattvam/shankaraH/brahma-sUtrANi/thibaut/4/2/14/
14 None 	 shAnkara-darshanam/tattvam/shankaraH/brahma-sUtrANi/thibaut/4/3/14/
14 None 	 shAnkara-darshanam/tattvam/shankaraH/brahma-sUtrANi/thibaut/4/4/14/
14 THE PILGRIMAGE OF PADMAPADA 	 shAnkara-darshanam/kAvaym/padyam/shankara-digvijayaH/mAdhavIyaH/en_tapasyAnanda/14_THE_PILGRIMAGE_OF_PADMAPADA/
१४ इतरक्षपणाधिकरणम् 	 shAnkara-darshanam/tattvam/shankaraH/brahma-sUtrANi/mUlam/4/1/14_itaraxapaNAdhikaraNam/
१४ इतरक्षपणाधिकरणम् 	 shAnkara-darshanam/tattvam/shankaraH/brahma-sUtrANi/sarva-prastutiH/04/01/14_itaraxapaNAdhikaraNam/
१४ कर्त्रधिकरणम् 	 shAnkara-darshanam/tattvam/shankaraH/brahma-sUtrANi/mUlam/2/3/14_kartradhikaraNam/
१४ कर्त्रधिकरणम् 	 shAnkara-darshanam/tattvam/shankaraH/brahma-sUtrANi/sarva-prastutiH/02/03/14_kartradhikaraNam/
१४ गुरु अमर-दास - असटपदीआ 	 nAnaka-mArgaH/guru-granthaH/sarva-prastutiH/02_rAga/04_AsA/14_guru_amara-dAsa_-_asaTapadIA/
१४ गुरु अर्जन-देव बावन अखरी 	 nAnaka-mArgaH/guru-granthaH/sarva-prastutiH/02_rAga/03_gau.DI/14_guru_arjana-deva_bAvana_akharI/
१४ जैमिनिदर्शनम् 	 shAnkara-darshanam/tattvam/mAdhava-sarva-darshana-sangrahaH/14_jaiminidarshanam/
१४ तिलंग 	 nAnaka-mArgaH/guru-granthaH/sarva-prastutiH/02_rAga/14_tilaMga/
१४ प्रणवोपनिषत् 	 upaniShat/aDyAr-sankalanam/14_praNavopaniShat/
१४ ब्रह्मणः शब्दावाच्यत्वोपपत्तिः 	 shAnkara-darshanam/tattvam/madhu-sUdana-sarasvatI/advaita-siddhiH/2/14_brahmaNaH_shabdAvAchyatvopapattiH/
१४ वेधाद्यधिकरणम् 	 shAnkara-darshanam/tattvam/shankaraH/brahma-sUtrANi/mUlam/3/3/14_vedhAdyadhikaraNam/
१४ वेधाद्यधिकरणम् 	 shAnkara-darshanam/tattvam/shankaraH/brahma-sUtrANi/sarva-prastutiH/03/03/14_vedhAdyadhikaraNam/
१४ शान्तिचतुष्टयम् 	 aShTAvakra-gItA/sarva-prastutiH/14_shAntichatuShTayam/
१४ सहकार्यन्तरविध्यधिकरणम् 	 shAnkara-darshanam/tattvam/shankaraH/brahma-sUtrANi/mUlam/3/4/14_sahakAryantaravidhyadhikaraNam/
१४ सहकार्यन्तरविध्यधिकरणम् 	 shAnkara-darshanam/tattvam/shankaraH/brahma-sUtrANi/sarva-prastutiH/03/04/14_sahakAryantaravidhyadhikaraNam/
೧೪ ಜೀವನ್-ಮುಕ್ತಿ 	 shAnkara-darshanam/tattvam/articles/satyanArAyaNa-shAstrI/garaNi-rAdhAkRShNaH/ramaNa/ramaNa_gItA/14_jIvan-mukti/
೧೪ ಜ್ಞಾನಿಯ ಸಮತ್ವ ದೃಷ್ಟಿ 	 shAnkara-darshanam/tattvam/articles/satyanArAyaNa-shAstrI/garaNi-rAdhAkRShNaH/ramaNa/ramaNa_maharShigaLoDane_saMvAda/14_jnAniya_samatva_dRShTi/
14: Tranquility 	 shAnkara-darshanam/tattvam/articles/satyanArAyaNa-shAstrI/garaNi-rAdhAkRShNaH/english-articles/Ashtavakra_Samhita/14_Tranquility/
१४० 	 yoga-vAsiShTha-shAstram/Ananda-bodhendra-TIkA/6_nirvANa-prakaraNam/2/140/
१४१ 	 yoga-vAsiShTha-shAstram/Ananda-bodhendra-TIkA/6_nirvANa-prakaraNam/2/141/
१४२ 	 yoga-vAsiShTha-shAstram/Ananda-bodhendra-TIkA/6_nirvANa-prakaraNam/2/142/
१४३ 	 yoga-vAsiShTha-shAstram/Ananda-bodhendra-TIkA/6_nirvANa-prakaraNam/2/143/
१४४ 	 yoga-vAsiShTha-shAstram/Ananda-bodhendra-TIkA/6_nirvANa-prakaraNam/2/144/
१४५ 	 yoga-vAsiShTha-shAstram/Ananda-bodhendra-TIkA/6_nirvANa-prakaraNam/2/145/
१४६ 	 yoga-vAsiShTha-shAstram/Ananda-bodhendra-TIkA/6_nirvANa-prakaraNam/2/146/
१४७ 	 yoga-vAsiShTha-shAstram/Ananda-bodhendra-TIkA/6_nirvANa-prakaraNam/2/147/
१४८ 	 yoga-vAsiShTha-shAstram/Ananda-bodhendra-TIkA/6_nirvANa-prakaraNam/2/148/
१४९ 	 yoga-vAsiShTha-shAstram/Ananda-bodhendra-TIkA/6_nirvANa-prakaraNam/2/149/
१५ 	 shAnkara-darshanam/kAvaym/padyam/shankara-digvijayaH/mAdhavIyaH/sarva-prastutiH/15/
१५ 	 yoga-vAsiShTha-shAstram/Ananda-bodhendra-TIkA/1_vairAgya-prakaraNam/15/
१५ 	 yoga-vAsiShTha-shAstram/Ananda-bodhendra-TIkA/2_mumuxu-vyavahAra-prakaraNam/15/
१५ 	 yoga-vAsiShTha-shAstram/Ananda-bodhendra-TIkA/4_sthiti-prakaraNam/15/
१५ 	 yoga-vAsiShTha-shAstram/Ananda-bodhendra-TIkA/5_upashama-prakaraNam/15/
15 - Question related to jAti [species] 	 shAnkara-darshanam/tattvam/prakIrNam/dharmarAjAdhvarI_vedAnta-paribhAShA/sadAnandaH/01_perception/15_jati-species/
15 - The Fundamentals of the Bhakti Tradition in Hinduism Part XIV (i) 	 shAnkara-darshanam/tattvam/en/v-krishnamurthy/the-fundamentals-of-the-bhakti-tradition-in-hinduism/15_the-fundamentals-of-the-bhakti-tradition-in-hinduism-part-xiv-i/
15 Chapter XV - The Pātañjala or Yoga System 	 shAnkara-darshanam/tattvam/mAdhava-sarva-darshana-sangrahaH/en/colwell/15/
15 None 	 shAnkara-darshanam/tattvam/shankaraH/brahma-sUtrANi/thibaut/1/1/15/
15 None 	 shAnkara-darshanam/tattvam/shankaraH/brahma-sUtrANi/thibaut/1/2/15/
15 None 	 shAnkara-darshanam/tattvam/shankaraH/brahma-sUtrANi/thibaut/1/3/15/
15 None 	 shAnkara-darshanam/tattvam/shankaraH/brahma-sUtrANi/thibaut/1/4/15/
15 None 	 shAnkara-darshanam/tattvam/shankaraH/brahma-sUtrANi/thibaut/2/1/15/
15 None 	 shAnkara-darshanam/tattvam/shankaraH/brahma-sUtrANi/thibaut/2/3/15/
15 None 	 shAnkara-darshanam/tattvam/shankaraH/brahma-sUtrANi/thibaut/2/4/15/
15 None 	 shAnkara-darshanam/tattvam/shankaraH/brahma-sUtrANi/thibaut/3/1/15/
15 None 	 shAnkara-darshanam/tattvam/shankaraH/brahma-sUtrANi/thibaut/3/2/15/
15 None 	 shAnkara-darshanam/tattvam/shankaraH/brahma-sUtrANi/thibaut/3/3/15/
15 None 	 shAnkara-darshanam/tattvam/shankaraH/brahma-sUtrANi/thibaut/3/4/15/
15 None 	 shAnkara-darshanam/tattvam/shankaraH/brahma-sUtrANi/thibaut/4/1/15/
15 None 	 shAnkara-darshanam/tattvam/shankaraH/brahma-sUtrANi/thibaut/4/2/15/
15 None 	 shAnkara-darshanam/tattvam/shankaraH/brahma-sUtrANi/thibaut/4/3/15/
15 None 	 shAnkara-darshanam/tattvam/shankaraH/brahma-sUtrANi/thibaut/4/4/15/
15 TRIUMPHANT TOUR OF THE LAND 	 shAnkara-darshanam/kAvaym/padyam/shankara-digvijayaH/mAdhavIyaH/en_tapasyAnanda/15_TRIUMPHANT_TOUR_OF_THE_LAND/
१५ अनाविष्काराधिकरणम् 	 shAnkara-darshanam/tattvam/shankaraH/brahma-sUtrANi/mUlam/3/4/15_anAviShkArAdhikaraNam/
१५ अनाविष्काराधिकरणम् 	 shAnkara-darshanam/tattvam/shankaraH/brahma-sUtrANi/sarva-prastutiH/03/04/15_anAviShkArAdhikaraNam/
१५ गुरु अमर-दास - असटपदीआ काफी 	 nAnaka-mArgaH/guru-granthaH/sarva-prastutiH/02_rAga/04_AsA/15_guru_amara-dAsa_-_asaTapadIA_kAphI/
१५ गुरु अर्जन-देव सुखमणि 	 nAnaka-mArgaH/guru-granthaH/sarva-prastutiH/02_rAga/03_gau.DI/15_guru_arjana-deva_sukhamaNi/
१५ तक्षाधिकरणम् 	 shAnkara-darshanam/tattvam/shankaraH/brahma-sUtrANi/mUlam/2/3/15_taxAdhikaraNam/
१५ तक्षाधिकरणम् 	 shAnkara-darshanam/tattvam/shankaraH/brahma-sUtrANi/sarva-prastutiH/02/03/15_taxAdhikaraNam/
१५ तत्त्वोपदेशविंशतिकम् 	 aShTAvakra-gItA/sarva-prastutiH/15_tattvopadeshaviMshatikam/
१५ बाष्कलमन्त्रोपनिषत् 	 upaniShat/aDyAr-sankalanam/15_bAShkalamantropaniShat/
१५ सांख्यदर्शनम् 	 shAnkara-darshanam/tattvam/mAdhava-sarva-darshana-sangrahaH/15_sAMkhyadarshanam/
१५ सामान्यतो भेदखण्डनम् 	 shAnkara-darshanam/tattvam/madhu-sUdana-sarasvatI/advaita-siddhiH/2/15_sAmAnyato_bhedakhaNDanam/
१५ सूही 	 nAnaka-mArgaH/guru-granthaH/sarva-prastutiH/02_rAga/15_sUhI/
१५ हान्यधिकरणम् 	 shAnkara-darshanam/tattvam/shankaraH/brahma-sUtrANi/mUlam/3/3/15_hAnyadhikaraNam/
१५ हान्यधिकरणम् 	 shAnkara-darshanam/tattvam/shankaraH/brahma-sUtrANi/sarva-prastutiH/03/03/15_hAnyadhikaraNam/
೧೫ ಶಕ್ತಿ ಮತ್ತು ಶಾಕ್ತ ಅವಿಚ್ಛಿನ್ನಶಕ್ತಿ ಮತ್ತು ವಿಕಾರವಿಲ್ಲದ ನೆಲೆ 	 shAnkara-darshanam/tattvam/articles/satyanArAyaNa-shAstrI/garaNi-rAdhAkRShNaH/ramaNa/ramaNa_maharShigaLoDane_saMvAda/15_shakti_mattu_shAkta_avichChinnashakti_mattu_vik/
೧೫ ಶ್ರವಣ ಮನನ ನಿಧಿಧ್ಯಾಸನ 	 shAnkara-darshanam/tattvam/articles/satyanArAyaNa-shAstrI/garaNi-rAdhAkRShNaH/ramaNa/ramaNa_gItA/15_shravaNa_manana_nidhidhyAsana/
15: Knowledge of the Self 	 shAnkara-darshanam/tattvam/articles/satyanArAyaNa-shAstrI/garaNi-rAdhAkRShNaH/english-articles/Ashtavakra_Samhita/15_Knowledge_of_the_Self/
१५० 	 yoga-vAsiShTha-shAstram/Ananda-bodhendra-TIkA/6_nirvANa-prakaraNam/2/150/
१५१ 	 yoga-vAsiShTha-shAstram/Ananda-bodhendra-TIkA/6_nirvANa-prakaraNam/2/151/
१५२ 	 yoga-vAsiShTha-shAstram/Ananda-bodhendra-TIkA/6_nirvANa-prakaraNam/2/152/
१५३ 	 yoga-vAsiShTha-shAstram/Ananda-bodhendra-TIkA/6_nirvANa-prakaraNam/2/153/
१५४ 	 yoga-vAsiShTha-shAstram/Ananda-bodhendra-TIkA/6_nirvANa-prakaraNam/2/154/
१५५ 	 yoga-vAsiShTha-shAstram/Ananda-bodhendra-TIkA/6_nirvANa-prakaraNam/2/155/
१५६ 	 yoga-vAsiShTha-shAstram/Ananda-bodhendra-TIkA/6_nirvANa-prakaraNam/2/156/
१५७ 	 yoga-vAsiShTha-shAstram/Ananda-bodhendra-TIkA/6_nirvANa-prakaraNam/2/157/
१५८ 	 yoga-vAsiShTha-shAstram/Ananda-bodhendra-TIkA/6_nirvANa-prakaraNam/2/158/
१५९ 	 yoga-vAsiShTha-shAstram/Ananda-bodhendra-TIkA/6_nirvANa-prakaraNam/2/159/
१६ 	 shAnkara-darshanam/kAvaym/padyam/shankara-digvijayaH/mAdhavIyaH/sarva-prastutiH/16/
१६ 	 yoga-vAsiShTha-shAstram/Ananda-bodhendra-TIkA/1_vairAgya-prakaraNam/16/
१६ 	 yoga-vAsiShTha-shAstram/Ananda-bodhendra-TIkA/2_mumuxu-vyavahAra-prakaraNam/16/
१६ 	 yoga-vAsiShTha-shAstram/Ananda-bodhendra-TIkA/4_sthiti-prakaraNam/16/
१६ 	 yoga-vAsiShTha-shAstram/Ananda-bodhendra-TIkA/5_upashama-prakaraNam/16/
16 - Relation between an attribute and its substantive 	 shAnkara-darshanam/tattvam/prakIrNam/dharmarAjAdhvarI_vedAnta-paribhAShA/sadAnandaH/01_perception/16_attribute-substantive-relation/
16 - The Fundamentals of the Bhakti Tradition in Hinduism Part XIV (ii) 	 shAnkara-darshanam/tattvam/en/v-krishnamurthy/the-fundamentals-of-the-bhakti-tradition-in-hinduism/16_the-fundamentals-of-the-bhakti-tradition-in-hinduism-part-xiv-ii/
16 ACCESSION TO SHARADAPITHA 	 shAnkara-darshanam/kAvaym/padyam/shankara-digvijayaH/mAdhavIyaH/en_tapasyAnanda/16_ACCESSION_TO_SHARADAPITHA/
16 Chapter XVI - The Vedānta or System of Śaṅkara Āchārya 	 shAnkara-darshanam/tattvam/mAdhava-sarva-darshana-sangrahaH/en/colwell/16/
16 None 	 shAnkara-darshanam/tattvam/shankaraH/brahma-sUtrANi/thibaut/1/1/16/
16 None 	 shAnkara-darshanam/tattvam/shankaraH/brahma-sUtrANi/thibaut/1/2/16/
16 None 	 shAnkara-darshanam/tattvam/shankaraH/brahma-sUtrANi/thibaut/1/3/16/
16 None 	 shAnkara-darshanam/tattvam/shankaraH/brahma-sUtrANi/thibaut/1/4/16/
16 None 	 shAnkara-darshanam/tattvam/shankaraH/brahma-sUtrANi/thibaut/2/1/16/
16 None 	 shAnkara-darshanam/tattvam/shankaraH/brahma-sUtrANi/thibaut/2/3/16/
16 None 	 shAnkara-darshanam/tattvam/shankaraH/brahma-sUtrANi/thibaut/2/4/16/
16 None 	 shAnkara-darshanam/tattvam/shankaraH/brahma-sUtrANi/thibaut/3/1/16/
16 None 	 shAnkara-darshanam/tattvam/shankaraH/brahma-sUtrANi/thibaut/3/2/16/
16 None 	 shAnkara-darshanam/tattvam/shankaraH/brahma-sUtrANi/thibaut/3/3/16/
16 None 	 shAnkara-darshanam/tattvam/shankaraH/brahma-sUtrANi/thibaut/3/4/16/
16 None 	 shAnkara-darshanam/tattvam/shankaraH/brahma-sUtrANi/thibaut/4/1/16/
16 None 	 shAnkara-darshanam/tattvam/shankaraH/brahma-sUtrANi/thibaut/4/2/16/
16 None 	 shAnkara-darshanam/tattvam/shankaraH/brahma-sUtrANi/thibaut/4/3/16/
16 None 	 shAnkara-darshanam/tattvam/shankaraH/brahma-sUtrANi/thibaut/4/4/16/
१६ ऐहिकाधिकरणम् 	 shAnkara-darshanam/tattvam/shankaraH/brahma-sUtrANi/mUlam/3/4/16_aihikAdhikaraNam/
१६ ऐहिकाधिकरणम् 	 shAnkara-darshanam/tattvam/shankaraH/brahma-sUtrANi/sarva-prastutiH/03/04/16_aihikAdhikaraNam/
१६ गुरु अर्जन-देव - असटपदीआ 	 nAnaka-mArgaH/guru-granthaH/sarva-prastutiH/02_rAga/04_AsA/16_guru_arjana-deva_-_asaTapadIA/
१६ गुरु अर्जन-देव थिती 	 nAnaka-mArgaH/guru-granthaH/sarva-prastutiH/02_rAga/03_gau.DI/16_guru_arjana-deva_thitI/
१६ परायत्ताधिकरणम् 	 shAnkara-darshanam/tattvam/shankaraH/brahma-sUtrANi/mUlam/2/3/16_parAyattAdhikaraNam/
१६ परायत्ताधिकरणम् 	 shAnkara-darshanam/tattvam/shankaraH/brahma-sUtrANi/sarva-prastutiH/02/03/16_parAyattAdhikaraNam/
१६ पातञ्जलदर्शनम् 	 shAnkara-darshanam/tattvam/mAdhava-sarva-darshana-sangrahaH/16_pAtanjaladarshanam/
१६ बाष्कलमन्त्रोपनिषत् (सवृत्तिका) 	 upaniShat/aDyAr-sankalanam/16_bAShkalamantropaniShat_savRttikA/
१६ बिलावलु 	 nAnaka-mArgaH/guru-granthaH/sarva-prastutiH/02_rAga/16_bilAvalu/
१६ विशेषतो भेदखण्डनम् 	 shAnkara-darshanam/tattvam/madhu-sUdana-sarasvatI/advaita-siddhiH/2/16_visheShato_bhedakhaNDanam/
१६ विशेषोपदेशम् 	 aShTAvakra-gItA/sarva-prastutiH/16_visheShopadesham/
१६ साम्परायाधिकरणम् 	 shAnkara-darshanam/tattvam/shankaraH/brahma-sUtrANi/mUlam/3/3/16_sAmparAyAdhikaraNam/
१६ साम्परायाधिकरणम् 	 shAnkara-darshanam/tattvam/shankaraH/brahma-sUtrANi/sarva-prastutiH/03/03/16_sAmparAyAdhikaraNam/
೧೬ ಭಕ್ತಿ ಮತ್ತು ಅದರ ವಿಶೇಷತೆ 	 shAnkara-darshanam/tattvam/articles/satyanArAyaNa-shAstrI/garaNi-rAdhAkRShNaH/ramaNa/ramaNa_gItA/16_bhakti_mattu_adara_vishEShate/
16: Special Instruction 	 shAnkara-darshanam/tattvam/articles/satyanArAyaNa-shAstrI/garaNi-rAdhAkRShNaH/english-articles/Ashtavakra_Samhita/16_Special_Instruction/
१६० 	 yoga-vAsiShTha-shAstram/Ananda-bodhendra-TIkA/6_nirvANa-prakaraNam/2/160/
१६१ 	 yoga-vAsiShTha-shAstram/Ananda-bodhendra-TIkA/6_nirvANa-prakaraNam/2/161/
१६२ 	 yoga-vAsiShTha-shAstram/Ananda-bodhendra-TIkA/6_nirvANa-prakaraNam/2/162/
१६३ 	 yoga-vAsiShTha-shAstram/Ananda-bodhendra-TIkA/6_nirvANa-prakaraNam/2/163/
१६४ 	 yoga-vAsiShTha-shAstram/Ananda-bodhendra-TIkA/6_nirvANa-prakaraNam/2/164/
१६५ 	 yoga-vAsiShTha-shAstram/Ananda-bodhendra-TIkA/6_nirvANa-prakaraNam/2/165/
१६६ 	 yoga-vAsiShTha-shAstram/Ananda-bodhendra-TIkA/6_nirvANa-prakaraNam/2/166/
१६७ 	 yoga-vAsiShTha-shAstram/Ananda-bodhendra-TIkA/6_nirvANa-prakaraNam/2/167/
१६८ 	 yoga-vAsiShTha-shAstram/Ananda-bodhendra-TIkA/6_nirvANa-prakaraNam/2/168/
१६९ 	 yoga-vAsiShTha-shAstram/Ananda-bodhendra-TIkA/6_nirvANa-prakaraNam/2/169/
१७ 	 yoga-vAsiShTha-shAstram/Ananda-bodhendra-TIkA/1_vairAgya-prakaraNam/17/
१७ 	 yoga-vAsiShTha-shAstram/Ananda-bodhendra-TIkA/4_sthiti-prakaraNam/17/
१७ 	 yoga-vAsiShTha-shAstram/Ananda-bodhendra-TIkA/5_upashama-prakaraNam/17/
17 - brahman is the changeless substantive 	 shAnkara-darshanam/tattvam/prakIrNam/dharmarAjAdhvarI_vedAnta-paribhAShA/sadAnandaH/01_perception/17_brahman-changeless-substantive/
17 - The Fundamentals of the Bhakti Tradition in Hinduism Part XV 	 shAnkara-darshanam/tattvam/en/v-krishnamurthy/the-fundamentals-of-the-bhakti-tradition-in-hinduism/17_the-fundamentals-of-the-bhakti-tradition-in-hinduism-part-xv/
17 None 	 shAnkara-darshanam/tattvam/shankaraH/brahma-sUtrANi/thibaut/1/1/17/
17 None 	 shAnkara-darshanam/tattvam/shankaraH/brahma-sUtrANi/thibaut/1/2/17/
17 None 	 shAnkara-darshanam/tattvam/shankaraH/brahma-sUtrANi/thibaut/1/3/17/
17 None 	 shAnkara-darshanam/tattvam/shankaraH/brahma-sUtrANi/thibaut/1/4/17/
17 None 	 shAnkara-darshanam/tattvam/shankaraH/brahma-sUtrANi/thibaut/2/1/17/
17 None 	 shAnkara-darshanam/tattvam/shankaraH/brahma-sUtrANi/thibaut/2/3/17/
17 None 	 shAnkara-darshanam/tattvam/shankaraH/brahma-sUtrANi/thibaut/2/4/17/
17 None 	 shAnkara-darshanam/tattvam/shankaraH/brahma-sUtrANi/thibaut/3/1/17/
17 None 	 shAnkara-darshanam/tattvam/shankaraH/brahma-sUtrANi/thibaut/3/2/17/
17 None 	 shAnkara-darshanam/tattvam/shankaraH/brahma-sUtrANi/thibaut/3/3/17/
17 None 	 shAnkara-darshanam/tattvam/shankaraH/brahma-sUtrANi/thibaut/3/4/17/
17 None 	 shAnkara-darshanam/tattvam/shankaraH/brahma-sUtrANi/thibaut/4/1/17/
17 None 	 shAnkara-darshanam/tattvam/shankaraH/brahma-sUtrANi/thibaut/4/2/17/
17 None 	 shAnkara-darshanam/tattvam/shankaraH/brahma-sUtrANi/thibaut/4/4/17/
17 Note on the Yoga 	 shAnkara-darshanam/tattvam/mAdhava-sarva-darshana-sangrahaH/en/colwell/17/
१७ अंशाधिकरणम् 	 shAnkara-darshanam/tattvam/shankaraH/brahma-sUtrANi/mUlam/2/3/17_aMshAdhikaraNam/
१७ अंशाधिकरणम् 	 shAnkara-darshanam/tattvam/shankaraH/brahma-sUtrANi/sarva-prastutiH/02/03/17_aMshAdhikaraNam/
१७ गतेरर्थवत्त्वाधिकरणम् 	 shAnkara-darshanam/tattvam/shankaraH/brahma-sUtrANi/mUlam/3/3/17_gaterarthavattvAdhikaraNam/
१७ गतेरर्थवत्त्वाधिकरणम् 	 shAnkara-darshanam/tattvam/shankaraH/brahma-sUtrANi/sarva-prastutiH/03/03/17_gaterarthavattvAdhikaraNam/
१७ गुरु अर्जन-देव - बिरहड़े 	 nAnaka-mArgaH/guru-granthaH/sarva-prastutiH/02_rAga/04_AsA/17_guru_arjana-deva_-_biraha.De/
१७ गुरु राम-दास - गउड़ी की वार 	 nAnaka-mArgaH/guru-granthaH/sarva-prastutiH/02_rAga/03_gau.DI/17_guru_rAma-dAsa_-_gau.DI_kI_vAra/
१७ गोंड 	 nAnaka-mArgaH/guru-granthaH/sarva-prastutiH/02_rAga/17_goMDa/
१७ तत्त्वज्ञस्वरूपविंशतिकम् 	 aShTAvakra-gItA/sarva-prastutiH/17_tattvajnasvarUpaviMshatikam/
१७ मठाम्नायोपनिषत् 	 upaniShat/aDyAr-sankalanam/17_maThAmnAyopaniShat/
१७ मुक्तिफलाधिकरणम् 	 shAnkara-darshanam/tattvam/shankaraH/brahma-sUtrANi/mUlam/3/4/17_muktiphalAdhikaraNam/
१७ मुक्तिफलाधिकरणम् 	 shAnkara-darshanam/tattvam/shankaraH/brahma-sUtrANi/sarva-prastutiH/03/04/17_muktiphalAdhikaraNam/
१७ विशेषखण्डनम् 	 shAnkara-darshanam/tattvam/madhu-sUdana-sarasvatI/advaita-siddhiH/2/17_visheShakhaNDanam/
೧೭ ಜ್ಞಾನದ ಸಾಧನೆ 	 shAnkara-darshanam/tattvam/articles/satyanArAyaNa-shAstrI/garaNi-rAdhAkRShNaH/ramaNa/ramaNa_gItA/17_jnAnada_sAdhane/
17: The True Knower 	 shAnkara-darshanam/tattvam/articles/satyanArAyaNa-shAstrI/garaNi-rAdhAkRShNaH/english-articles/Ashtavakra_Samhita/17_The_True_Knower/
१७० 	 yoga-vAsiShTha-shAstram/Ananda-bodhendra-TIkA/6_nirvANa-prakaraNam/2/170/
१७१ 	 yoga-vAsiShTha-shAstram/Ananda-bodhendra-TIkA/6_nirvANa-prakaraNam/2/171/
१७२ 	 yoga-vAsiShTha-shAstram/Ananda-bodhendra-TIkA/6_nirvANa-prakaraNam/2/172/
१७३ 	 yoga-vAsiShTha-shAstram/Ananda-bodhendra-TIkA/6_nirvANa-prakaraNam/2/173/
१७४ 	 yoga-vAsiShTha-shAstram/Ananda-bodhendra-TIkA/6_nirvANa-prakaraNam/2/174/
१७५ 	 yoga-vAsiShTha-shAstram/Ananda-bodhendra-TIkA/6_nirvANa-prakaraNam/2/175/
१७६ 	 yoga-vAsiShTha-shAstram/Ananda-bodhendra-TIkA/6_nirvANa-prakaraNam/2/176/
१७७ 	 yoga-vAsiShTha-shAstram/Ananda-bodhendra-TIkA/6_nirvANa-prakaraNam/2/177/
१७८ 	 yoga-vAsiShTha-shAstram/Ananda-bodhendra-TIkA/6_nirvANa-prakaraNam/2/178/
१७९ 	 yoga-vAsiShTha-shAstram/Ananda-bodhendra-TIkA/6_nirvANa-prakaraNam/2/179/
१८ 	 yoga-vAsiShTha-shAstram/Ananda-bodhendra-TIkA/1_vairAgya-prakaraNam/18/
१८ 	 yoga-vAsiShTha-shAstram/Ananda-bodhendra-TIkA/2_mumuxu-vyavahAra-prakaraNam/18/
१८ 	 yoga-vAsiShTha-shAstram/Ananda-bodhendra-TIkA/4_sthiti-prakaraNam/18/
१८ 	 yoga-vAsiShTha-shAstram/Ananda-bodhendra-TIkA/5_upashama-prakaraNam/18/
18 - Perceptuality of Objects: Definition vindicated (part 1) 	 shAnkara-darshanam/tattvam/prakIrNam/dharmarAjAdhvarI_vedAnta-paribhAShA/sadAnandaH/01_perception/18_perceptuality-definition1/
18 - The Fundamentals of the Bhakti Tradition in Hinduism Part XVI (i) 	 shAnkara-darshanam/tattvam/en/v-krishnamurthy/the-fundamentals-of-the-bhakti-tradition-in-hinduism/18_the-fundamentals-of-the-bhakti-tradition-in-hinduism-part-xvi-i/
18 Appendix on the Upādhi 	 shAnkara-darshanam/tattvam/mAdhava-sarva-darshana-sangrahaH/en/colwell/18/
18 None 	 shAnkara-darshanam/tattvam/shankaraH/brahma-sUtrANi/thibaut/1/1/18/
18 None 	 shAnkara-darshanam/tattvam/shankaraH/brahma-sUtrANi/thibaut/1/2/18/
18 None 	 shAnkara-darshanam/tattvam/shankaraH/brahma-sUtrANi/thibaut/1/3/18/
18 None 	 shAnkara-darshanam/tattvam/shankaraH/brahma-sUtrANi/thibaut/1/4/18/
18 None 	 shAnkara-darshanam/tattvam/shankaraH/brahma-sUtrANi/thibaut/2/1/18/
18 None 	 shAnkara-darshanam/tattvam/shankaraH/brahma-sUtrANi/thibaut/2/3/18/
18 None 	 shAnkara-darshanam/tattvam/shankaraH/brahma-sUtrANi/thibaut/2/4/18/
18 None 	 shAnkara-darshanam/tattvam/shankaraH/brahma-sUtrANi/thibaut/3/1/18/
18 None 	 shAnkara-darshanam/tattvam/shankaraH/brahma-sUtrANi/thibaut/3/2/18/
18 None 	 shAnkara-darshanam/tattvam/shankaraH/brahma-sUtrANi/thibaut/3/3/18/
18 None 	 shAnkara-darshanam/tattvam/shankaraH/brahma-sUtrANi/thibaut/3/4/18/
18 None 	 shAnkara-darshanam/tattvam/shankaraH/brahma-sUtrANi/thibaut/4/1/18/
18 None 	 shAnkara-darshanam/tattvam/shankaraH/brahma-sUtrANi/thibaut/4/2/18/
18 None 	 shAnkara-darshanam/tattvam/shankaraH/brahma-sUtrANi/thibaut/4/4/18/
18 Peace 	 shAnkara-darshanam/tattvam/articles/satyanArAyaNa-shAstrI/garaNi-rAdhAkRShNaH/english-articles/Ashtavakra_Samhita/18_Peace/
१८ अनियमाधिकरणम् 	 shAnkara-darshanam/tattvam/shankaraH/brahma-sUtrANi/mUlam/3/3/18_aniyamAdhikaraNam/
१८ अनियमाधिकरणम् 	 shAnkara-darshanam/tattvam/shankaraH/brahma-sUtrANi/sarva-prastutiH/03/03/18_aniyamAdhikaraNam/
१८ गुरु अर्जन-देव - गउड़ी की वार 	 nAnaka-mArgaH/guru-granthaH/sarva-prastutiH/02_rAga/03_gau.DI/18_guru_arjana-deva_-_gau.DI_kI_vAra/
१८ गुरु नानक - पटी 	 nAnaka-mArgaH/guru-granthaH/sarva-prastutiH/02_rAga/04_AsA/18_guru_nAnaka_-_paTI/
१८ भेदपञ्चके प्रत्यक्षप्रमाणभङ्गः 	 shAnkara-darshanam/tattvam/madhu-sUdana-sarasvatI/advaita-siddhiH/2/18_bhedapanchake_pratyaxapramANabhangaH/
१८ रामकली 	 nAnaka-mArgaH/guru-granthaH/sarva-prastutiH/02_rAga/18_rAmakalI/
१८ विश्रामोपनिषत् 	 upaniShat/aDyAr-sankalanam/18_vishrAmopaniShat/
१८ शान्तिशतकम् 	 aShTAvakra-gItA/sarva-prastutiH/18_shAntishatakam/
೧೮ ಸಿದ್ಧರುಗಳ ವೈಭವ 	 shAnkara-darshanam/tattvam/articles/satyanArAyaNa-shAstrI/garaNi-rAdhAkRShNaH/ramaNa/ramaNa_gItA/18_siddharugaLa_vaibhava/
१८० 	 yoga-vAsiShTha-shAstram/Ananda-bodhendra-TIkA/6_nirvANa-prakaraNam/2/180/
१८१ 	 yoga-vAsiShTha-shAstram/Ananda-bodhendra-TIkA/6_nirvANa-prakaraNam/2/181/
१८२ 	 yoga-vAsiShTha-shAstram/Ananda-bodhendra-TIkA/6_nirvANa-prakaraNam/2/182/
१८३ 	 yoga-vAsiShTha-shAstram/Ananda-bodhendra-TIkA/6_nirvANa-prakaraNam/2/183/
१८४ 	 yoga-vAsiShTha-shAstram/Ananda-bodhendra-TIkA/6_nirvANa-prakaraNam/2/184/
१८५ 	 yoga-vAsiShTha-shAstram/Ananda-bodhendra-TIkA/6_nirvANa-prakaraNam/2/185/
१८६ 	 yoga-vAsiShTha-shAstram/Ananda-bodhendra-TIkA/6_nirvANa-prakaraNam/2/186/
१८७ 	 yoga-vAsiShTha-shAstram/Ananda-bodhendra-TIkA/6_nirvANa-prakaraNam/2/187/
१८८ 	 yoga-vAsiShTha-shAstram/Ananda-bodhendra-TIkA/6_nirvANa-prakaraNam/2/188/
१८९ 	 yoga-vAsiShTha-shAstram/Ananda-bodhendra-TIkA/6_nirvANa-prakaraNam/2/189/
१९ 	 aShTAvakra-gItA/sarva-prastutiH/19/
१९ 	 yoga-vAsiShTha-shAstram/Ananda-bodhendra-TIkA/1_vairAgya-prakaraNam/19/
१९ 	 yoga-vAsiShTha-shAstram/Ananda-bodhendra-TIkA/2_mumuxu-vyavahAra-prakaraNam/19/
१९ 	 yoga-vAsiShTha-shAstram/Ananda-bodhendra-TIkA/4_sthiti-prakaraNam/19/
१९ 	 yoga-vAsiShTha-shAstram/Ananda-bodhendra-TIkA/5_upashama-prakaraNam/19/
19 - Perceptuality of Objects: Definition vindicated (part 2) 	 shAnkara-darshanam/tattvam/prakIrNam/dharmarAjAdhvarI_vedAnta-paribhAShA/sadAnandaH/01_perception/19_perceptuality-definition2/
19 - The Fundamentals of the Bhakti Tradition in Hinduism Part XVI (ii) 	 shAnkara-darshanam/tattvam/en/v-krishnamurthy/the-fundamentals-of-the-bhakti-tradition-in-hinduism/19_the-fundamentals-of-the-bhakti-tradition-in-hinduism-part-xvi-ii/
19 Bibliography 	 shAnkara-darshanam/tattvam/mAdhava-sarva-darshana-sangrahaH/en/colwell/19/
19 None 	 shAnkara-darshanam/tattvam/shankaraH/brahma-sUtrANi/thibaut/1/1/19/
19 None 	 shAnkara-darshanam/tattvam/shankaraH/brahma-sUtrANi/thibaut/1/2/19/
19 None 	 shAnkara-darshanam/tattvam/shankaraH/brahma-sUtrANi/thibaut/1/3/19/
19 None 	 shAnkara-darshanam/tattvam/shankaraH/brahma-sUtrANi/thibaut/1/4/19/
19 None 	 shAnkara-darshanam/tattvam/shankaraH/brahma-sUtrANi/thibaut/2/1/19/
19 None 	 shAnkara-darshanam/tattvam/shankaraH/brahma-sUtrANi/thibaut/2/3/19/
19 None 	 shAnkara-darshanam/tattvam/shankaraH/brahma-sUtrANi/thibaut/2/4/19/
19 None 	 shAnkara-darshanam/tattvam/shankaraH/brahma-sUtrANi/thibaut/3/1/19/
19 None 	 shAnkara-darshanam/tattvam/shankaraH/brahma-sUtrANi/thibaut/3/2/19/
19 None 	 shAnkara-darshanam/tattvam/shankaraH/brahma-sUtrANi/thibaut/3/3/19/
19 None 	 shAnkara-darshanam/tattvam/shankaraH/brahma-sUtrANi/thibaut/3/4/19/
19 None 	 shAnkara-darshanam/tattvam/shankaraH/brahma-sUtrANi/thibaut/4/1/19/
19 None 	 shAnkara-darshanam/tattvam/shankaraH/brahma-sUtrANi/thibaut/4/2/19/
19 None 	 shAnkara-darshanam/tattvam/shankaraH/brahma-sUtrANi/thibaut/4/4/19/
19 Repose in the Self 	 shAnkara-darshanam/tattvam/articles/satyanArAyaNa-shAstrI/garaNi-rAdhAkRShNaH/english-articles/Ashtavakra_Samhita/19_Repose_in_the_Self/
१९ कबीर 	 nAnaka-mArgaH/guru-granthaH/sarva-prastutiH/02_rAga/03_gau.DI/19_kabIra/
१९ गुरु अमर-दास - पटी 	 nAnaka-mArgaH/guru-granthaH/sarva-prastutiH/02_rAga/04_AsA/19_guru_amara-dAsa_-_paTI/
१९ जीवब्रह्मभेदानुमानभङ्गः 	 shAnkara-darshanam/tattvam/madhu-sUdana-sarasvatI/advaita-siddhiH/2/19_jIvabrahmabhedAnumAnabhangaH/
१९ नट नाराइन 	 nAnaka-mArgaH/guru-granthaH/sarva-prastutiH/02_rAga/19_naTa_nArAina/
१९ यावदधिकाराधिकरणम् 	 shAnkara-darshanam/tattvam/shankaraH/brahma-sUtrANi/mUlam/3/3/19_yAvadadhikArAdhikaraNam/
१९ यावदधिकाराधिकरणम् 	 shAnkara-darshanam/tattvam/shankaraH/brahma-sUtrANi/sarva-prastutiH/03/03/19_yAvadadhikArAdhikaraNam/
१९ शौनकोपनिषत् 	 upaniShat/aDyAr-sankalanam/19_shaunakopaniShat/
೧೯ ಅನುಬಂಧ ೧ ಮಂತ್ರದ ನಿರೂಪಣೆ 	 shAnkara-darshanam/tattvam/articles/satyanArAyaNa-shAstrI/garaNi-rAdhAkRShNaH/ramaNa/ramaNa_gItA/19_anubaMdha_1_maMtrada_nirUpaNe/
१९० 	 yoga-vAsiShTha-shAstram/Ananda-bodhendra-TIkA/6_nirvANa-prakaraNam/2/190/
१९१ 	 yoga-vAsiShTha-shAstram/Ananda-bodhendra-TIkA/6_nirvANa-prakaraNam/2/191/
१९२ 	 yoga-vAsiShTha-shAstram/Ananda-bodhendra-TIkA/6_nirvANa-prakaraNam/2/192/
१९३ 	 yoga-vAsiShTha-shAstram/Ananda-bodhendra-TIkA/6_nirvANa-prakaraNam/2/193/
१९४ 	 yoga-vAsiShTha-shAstram/Ananda-bodhendra-TIkA/6_nirvANa-prakaraNam/2/194/
१९५ 	 yoga-vAsiShTha-shAstram/Ananda-bodhendra-TIkA/6_nirvANa-prakaraNam/2/195/
१९६ 	 yoga-vAsiShTha-shAstram/Ananda-bodhendra-TIkA/6_nirvANa-prakaraNam/2/196/
१९७ 	 yoga-vAsiShTha-shAstram/Ananda-bodhendra-TIkA/6_nirvANa-prakaraNam/2/197/
१९८ 	 yoga-vAsiShTha-shAstram/Ananda-bodhendra-TIkA/6_nirvANa-prakaraNam/2/198/
१९९ 	 yoga-vAsiShTha-shAstram/Ananda-bodhendra-TIkA/6_nirvANa-prakaraNam/2/199/
2 	 shAnkara-darshanam/tattvam/shankaraH/brahma-sUtrANi/thibaut/0/chapter_intro/2/
२ 	 shAnkara-darshanam/tattvam/prakIrNam/bhaTTojI-tattva-kaustubhaH/2/
೨ 	 shAnkara-darshanam/tattvam/shankaraH/brahma-sUtrANi/sachchidAnandendraH/v1/1/2/
२ एकीयमतसमालोचनम् 	 shAnkara-darshanam/tattvam/sachchidAnandendraH/mUlAvidyA-nirAsaH/2_ekIyamatasamAlochanam/
2: Joy of Self-Realization 	 shAnkara-darshanam/tattvam/articles/satyanArAyaNa-shAstrI/garaNi-rAdhAkRShNaH/english-articles/Ashtavakra_Samhita/2_Joy_of_Self-Realization/
२० 	 aShTAvakra-gItA/sarva-prastutiH/20/
२० 	 yoga-vAsiShTha-shAstram/Ananda-bodhendra-TIkA/1_vairAgya-prakaraNam/20/
२० 	 yoga-vAsiShTha-shAstram/Ananda-bodhendra-TIkA/2_mumuxu-vyavahAra-prakaraNam/20/
२० 	 yoga-vAsiShTha-shAstram/Ananda-bodhendra-TIkA/4_sthiti-prakaraNam/20/
२० 	 yoga-vAsiShTha-shAstram/Ananda-bodhendra-TIkA/5_upashama-prakaraNam/20/
20 - Questions related to Perceptuality (part 1) 	 shAnkara-darshanam/tattvam/prakIrNam/dharmarAjAdhvarI_vedAnta-paribhAShA/sadAnandaH/01_perception/20_perceptuality-questions1/
20 - The Fundamentals of the Bhakti Tradition in Hinduism Glossary A-M 	 shAnkara-darshanam/tattvam/en/v-krishnamurthy/the-fundamentals-of-the-bhakti-tradition-in-hinduism/20_the-fundamentals-of-the-bhakti-tradition-in-hinduism-glossary-a-m/
20 Liberation-in-Life 	 shAnkara-darshanam/tattvam/articles/satyanArAyaNa-shAstrI/garaNi-rAdhAkRShNaH/english-articles/Ashtavakra_Samhita/20_Liberation-in-Life/
20 None 	 shAnkara-darshanam/tattvam/shankaraH/brahma-sUtrANi/thibaut/1/1/20/
20 None 	 shAnkara-darshanam/tattvam/shankaraH/brahma-sUtrANi/thibaut/1/2/20/
20 None 	 shAnkara-darshanam/tattvam/shankaraH/brahma-sUtrANi/thibaut/1/3/20/
20 None 	 shAnkara-darshanam/tattvam/shankaraH/brahma-sUtrANi/thibaut/1/4/20/
20 None 	 shAnkara-darshanam/tattvam/shankaraH/brahma-sUtrANi/thibaut/2/1/20/
20 None 	 shAnkara-darshanam/tattvam/shankaraH/brahma-sUtrANi/thibaut/2/3/20/
20 None 	 shAnkara-darshanam/tattvam/shankaraH/brahma-sUtrANi/thibaut/2/4/20/
20 None 	 shAnkara-darshanam/tattvam/shankaraH/brahma-sUtrANi/thibaut/3/1/20/
20 None 	 shAnkara-darshanam/tattvam/shankaraH/brahma-sUtrANi/thibaut/3/2/20/
20 None 	 shAnkara-darshanam/tattvam/shankaraH/brahma-sUtrANi/thibaut/3/3/20/
20 None 	 shAnkara-darshanam/tattvam/shankaraH/brahma-sUtrANi/thibaut/3/4/20/
20 None 	 shAnkara-darshanam/tattvam/shankaraH/brahma-sUtrANi/thibaut/4/2/20/
20 None 	 shAnkara-darshanam/tattvam/shankaraH/brahma-sUtrANi/thibaut/4/4/20/
२० अक्षरध्यधिकरणम् 	 shAnkara-darshanam/tattvam/shankaraH/brahma-sUtrANi/mUlam/3/3/20_axaradhyadhikaraNam/
२० अक्षरध्यधिकरणम् 	 shAnkara-darshanam/tattvam/shankaraH/brahma-sUtrANi/sarva-prastutiH/03/03/20_axaradhyadhikaraNam/
२० गुरु नानक - छंत 	 nAnaka-mArgaH/guru-granthaH/sarva-prastutiH/02_rAga/04_AsA/20_guru_nAnaka_-_ChaMta/
२० जीवपरस्परभेदानुमानभङ्गः 	 shAnkara-darshanam/tattvam/madhu-sUdana-sarasvatI/advaita-siddhiH/2/20_jIvaparasparabhedAnumAnabhangaH/
२० नामदेव 	 nAnaka-mArgaH/guru-granthaH/sarva-prastutiH/02_rAga/03_gau.DI/20_nAmadeva/
२० माली गउड़ा 	 nAnaka-mArgaH/guru-granthaH/sarva-prastutiH/02_rAga/20_mAlI_gau.DA/
२० सूर्यतापिन्युपनिषत् 	 upaniShat/aDyAr-sankalanam/20_sUryatApinyupaniShat/
೨೦ ಅನುಬಂಧ ೨ ಪ್ರಶ್ನೆ ಕೇಳಿದ ಶಿಷ್ಯರ ಹೆಸರುಗಳು 	 shAnkara-darshanam/tattvam/articles/satyanArAyaNa-shAstrI/garaNi-rAdhAkRShNaH/ramaNa/ramaNa_gItA/20_anubaMdha_2_prashne_kELida_shiShyara_hesarugaLu/
२०० 	 yoga-vAsiShTha-shAstram/Ananda-bodhendra-TIkA/6_nirvANa-prakaraNam/2/200/
२०१ 	 yoga-vAsiShTha-shAstram/Ananda-bodhendra-TIkA/6_nirvANa-prakaraNam/2/201/
२०२ 	 yoga-vAsiShTha-shAstram/Ananda-bodhendra-TIkA/6_nirvANa-prakaraNam/2/202/
2025 kAnchI sannyAsa prayoga en 	 shAnkara-darshanam/kriyA/2025-kAnchI-sannyAsa-prayoga_en/
२०३ 	 yoga-vAsiShTha-shAstram/Ananda-bodhendra-TIkA/6_nirvANa-prakaraNam/2/203/
२०४ 	 yoga-vAsiShTha-shAstram/Ananda-bodhendra-TIkA/6_nirvANa-prakaraNam/2/204/
२०५ 	 yoga-vAsiShTha-shAstram/Ananda-bodhendra-TIkA/6_nirvANa-prakaraNam/2/205/
२०७ 	 yoga-vAsiShTha-shAstram/Ananda-bodhendra-TIkA/6_nirvANa-prakaraNam/2/207/
२०८ 	 yoga-vAsiShTha-shAstram/Ananda-bodhendra-TIkA/6_nirvANa-prakaraNam/2/208/
२०९ 	 yoga-vAsiShTha-shAstram/Ananda-bodhendra-TIkA/6_nirvANa-prakaraNam/2/209/
२१ 	 yoga-vAsiShTha-shAstram/Ananda-bodhendra-TIkA/1_vairAgya-prakaraNam/21/
२१ 	 yoga-vAsiShTha-shAstram/Ananda-bodhendra-TIkA/4_sthiti-prakaraNam/21/
२१ 	 yoga-vAsiShTha-shAstram/Ananda-bodhendra-TIkA/5_upashama-prakaraNam/21/
21 - Questions related to Perceptuality (part 2) 	 shAnkara-darshanam/tattvam/prakIrNam/dharmarAjAdhvarI_vedAnta-paribhAShA/sadAnandaH/01_perception/21_perceptuality-questions2/
21 - The Fundamentals of the Bhakti Tradition in Hinduism Glossary N-Z 	 shAnkara-darshanam/tattvam/en/v-krishnamurthy/the-fundamentals-of-the-bhakti-tradition-in-hinduism/21_the-fundamentals-of-the-bhakti-tradition-in-hinduism-glossary-n-z/
21 None 	 shAnkara-darshanam/tattvam/shankaraH/brahma-sUtrANi/thibaut/1/1/21/
21 None 	 shAnkara-darshanam/tattvam/shankaraH/brahma-sUtrANi/thibaut/1/2/21/
21 None 	 shAnkara-darshanam/tattvam/shankaraH/brahma-sUtrANi/thibaut/1/3/21/
21 None 	 shAnkara-darshanam/tattvam/shankaraH/brahma-sUtrANi/thibaut/1/4/21/
21 None 	 shAnkara-darshanam/tattvam/shankaraH/brahma-sUtrANi/thibaut/2/1/21/
21 None 	 shAnkara-darshanam/tattvam/shankaraH/brahma-sUtrANi/thibaut/2/3/21/
21 None 	 shAnkara-darshanam/tattvam/shankaraH/brahma-sUtrANi/thibaut/2/4/21/
21 None 	 shAnkara-darshanam/tattvam/shankaraH/brahma-sUtrANi/thibaut/3/1/21/
21 None 	 shAnkara-darshanam/tattvam/shankaraH/brahma-sUtrANi/thibaut/3/2/21/
21 None 	 shAnkara-darshanam/tattvam/shankaraH/brahma-sUtrANi/thibaut/3/3/21/
21 None 	 shAnkara-darshanam/tattvam/shankaraH/brahma-sUtrANi/thibaut/3/4/21/
21 None 	 shAnkara-darshanam/tattvam/shankaraH/brahma-sUtrANi/thibaut/4/2/21/
21 None 	 shAnkara-darshanam/tattvam/shankaraH/brahma-sUtrANi/thibaut/4/4/21/
२१ इयदधिकरणम् 	 shAnkara-darshanam/tattvam/shankaraH/brahma-sUtrANi/mUlam/3/3/21_iyadadhikaraNam/
२१ इयदधिकरणम् 	 shAnkara-darshanam/tattvam/shankaraH/brahma-sUtrANi/sarva-prastutiH/03/03/21_iyadadhikaraNam/
२१ गुरु अमर-दास - छंत 	 nAnaka-mArgaH/guru-granthaH/sarva-prastutiH/02_rAga/04_AsA/21_guru_amara-dAsa_-_ChaMta/
२१ जीवभेदानुकूलतर्कभङ्गः 	 shAnkara-darshanam/tattvam/madhu-sUdana-sarasvatI/advaita-siddhiH/2/21_jIvabhedAnukUlatarkabhangaH/
२१ मारू 	 nAnaka-mArgaH/guru-granthaH/sarva-prastutiH/02_rAga/21_mArU/
२१ सङ्ख्याक्रमव्याख्यानम् 	 aShTAvakra-gItA/sarva-prastutiH/21_sankhyAkramavyAkhyAnam/
२१ स्वसंवेद्योपनिषत् 	 upaniShat/aDyAr-sankalanam/21_svasaMvedyopaniShat/
२१० 	 yoga-vAsiShTha-shAstram/Ananda-bodhendra-TIkA/6_nirvANa-prakaraNam/2/210/
२११ 	 yoga-vAsiShTha-shAstram/Ananda-bodhendra-TIkA/6_nirvANa-prakaraNam/2/211/
२१२ 	 yoga-vAsiShTha-shAstram/Ananda-bodhendra-TIkA/6_nirvANa-prakaraNam/2/212/
२१३ 	 yoga-vAsiShTha-shAstram/Ananda-bodhendra-TIkA/6_nirvANa-prakaraNam/2/213/
२१४ 	 yoga-vAsiShTha-shAstram/Ananda-bodhendra-TIkA/6_nirvANa-prakaraNam/2/214/
२१५ 	 yoga-vAsiShTha-shAstram/Ananda-bodhendra-TIkA/6_nirvANa-prakaraNam/2/215/
२२ 	 yoga-vAsiShTha-shAstram/Ananda-bodhendra-TIkA/1_vairAgya-prakaraNam/22/
२२ 	 yoga-vAsiShTha-shAstram/Ananda-bodhendra-TIkA/4_sthiti-prakaraNam/22/
२२ 	 yoga-vAsiShTha-shAstram/Ananda-bodhendra-TIkA/5_upashama-prakaraNam/22/
22 - Mind as Subject 	 shAnkara-darshanam/tattvam/prakIrNam/dharmarAjAdhvarI_vedAnta-paribhAShA/sadAnandaH/01_perception/22_mind-as-subject/
22 None 	 shAnkara-darshanam/tattvam/shankaraH/brahma-sUtrANi/thibaut/1/1/22/
22 None 	 shAnkara-darshanam/tattvam/shankaraH/brahma-sUtrANi/thibaut/1/2/22/
22 None 	 shAnkara-darshanam/tattvam/shankaraH/brahma-sUtrANi/thibaut/1/3/22/
22 None 	 shAnkara-darshanam/tattvam/shankaraH/brahma-sUtrANi/thibaut/1/4/22/
22 None 	 shAnkara-darshanam/tattvam/shankaraH/brahma-sUtrANi/thibaut/2/1/22/
22 None 	 shAnkara-darshanam/tattvam/shankaraH/brahma-sUtrANi/thibaut/2/3/22/
22 None 	 shAnkara-darshanam/tattvam/shankaraH/brahma-sUtrANi/thibaut/2/4/22/
22 None 	 shAnkara-darshanam/tattvam/shankaraH/brahma-sUtrANi/thibaut/3/1/22/
22 None 	 shAnkara-darshanam/tattvam/shankaraH/brahma-sUtrANi/thibaut/3/2/22/
22 None 	 shAnkara-darshanam/tattvam/shankaraH/brahma-sUtrANi/thibaut/3/3/22/
22 None 	 shAnkara-darshanam/tattvam/shankaraH/brahma-sUtrANi/thibaut/3/4/22/
22 None 	 shAnkara-darshanam/tattvam/shankaraH/brahma-sUtrANi/thibaut/4/4/22/
२२ अन्तरत्वाधिकरणम् 	 shAnkara-darshanam/tattvam/shankaraH/brahma-sUtrANi/mUlam/3/3/22_antaratvAdhikaraNam/
२२ अन्तरत्वाधिकरणम् 	 shAnkara-darshanam/tattvam/shankaraH/brahma-sUtrANi/sarva-prastutiH/03/03/22_antaratvAdhikaraNam/
२२ गुरु राम-दास छंत 	 nAnaka-mArgaH/guru-granthaH/sarva-prastutiH/02_rAga/04_AsA/22_guru_rAma-dAsa_ChaMta/
२२ तुखारी 	 nAnaka-mArgaH/guru-granthaH/sarva-prastutiH/02_rAga/22_tukhArI/
२२ भेदपञ्चकेऽनुमानभङ्गः 	 shAnkara-darshanam/tattvam/madhu-sUdana-sarasvatI/advaita-siddhiH/2/22_bhedapanchake-numAnabhangaH/
२३ 	 yoga-vAsiShTha-shAstram/Ananda-bodhendra-TIkA/1_vairAgya-prakaraNam/23/
२३ 	 yoga-vAsiShTha-shAstram/Ananda-bodhendra-TIkA/4_sthiti-prakaraNam/23/
२३ 	 yoga-vAsiShTha-shAstram/Ananda-bodhendra-TIkA/5_upashama-prakaraNam/23/
23 - Self-realization 	 shAnkara-darshanam/tattvam/prakIrNam/dharmarAjAdhvarI_vedAnta-paribhAShA/sadAnandaH/01_perception/23_self-realization/
23 None 	 shAnkara-darshanam/tattvam/shankaraH/brahma-sUtrANi/thibaut/1/1/23/
23 None 	 shAnkara-darshanam/tattvam/shankaraH/brahma-sUtrANi/thibaut/1/2/23/
23 None 	 shAnkara-darshanam/tattvam/shankaraH/brahma-sUtrANi/thibaut/1/3/23/
23 None 	 shAnkara-darshanam/tattvam/shankaraH/brahma-sUtrANi/thibaut/1/4/23/
23 None 	 shAnkara-darshanam/tattvam/shankaraH/brahma-sUtrANi/thibaut/2/1/23/
23 None 	 shAnkara-darshanam/tattvam/shankaraH/brahma-sUtrANi/thibaut/2/3/23/
23 None 	 shAnkara-darshanam/tattvam/shankaraH/brahma-sUtrANi/thibaut/3/1/23/
23 None 	 shAnkara-darshanam/tattvam/shankaraH/brahma-sUtrANi/thibaut/3/2/23/
23 None 	 shAnkara-darshanam/tattvam/shankaraH/brahma-sUtrANi/thibaut/3/3/23/
23 None 	 shAnkara-darshanam/tattvam/shankaraH/brahma-sUtrANi/thibaut/3/4/23/
२३ केदारा 	 nAnaka-mArgaH/guru-granthaH/sarva-prastutiH/02_rAga/23_kedArA/
२३ गुरु अर्जन-देव छंत 	 nAnaka-mArgaH/guru-granthaH/sarva-prastutiH/02_rAga/04_AsA/23_guru_arjana-deva_ChaMta/
२३ भेदश्रुतेरनुवादत्वोपपत्तिः 	 shAnkara-darshanam/tattvam/madhu-sUdana-sarasvatI/advaita-siddhiH/2/23_bhedashruteranuvAdatvopapattiH/
२३ व्यतिहाराधिकरणम् 	 shAnkara-darshanam/tattvam/shankaraH/brahma-sUtrANi/mUlam/3/3/23_vyatihArAdhikaraNam/
२३ व्यतिहाराधिकरणम् 	 shAnkara-darshanam/tattvam/shankaraH/brahma-sUtrANi/sarva-prastutiH/03/03/23_vyatihArAdhikaraNam/
२४ 	 yoga-vAsiShTha-shAstram/Ananda-bodhendra-TIkA/1_vairAgya-prakaraNam/24/
२४ 	 yoga-vAsiShTha-shAstram/Ananda-bodhendra-TIkA/4_sthiti-prakaraNam/24/
२४ 	 yoga-vAsiShTha-shAstram/Ananda-bodhendra-TIkA/5_upashama-prakaraNam/24/
24 - Application to Illusions 	 shAnkara-darshanam/tattvam/prakIrNam/dharmarAjAdhvarI_vedAnta-paribhAShA/sadAnandaH/01_perception/24_application-illusions/
24 None 	 shAnkara-darshanam/tattvam/shankaraH/brahma-sUtrANi/thibaut/1/1/24/
24 None 	 shAnkara-darshanam/tattvam/shankaraH/brahma-sUtrANi/thibaut/1/2/24/
24 None 	 shAnkara-darshanam/tattvam/shankaraH/brahma-sUtrANi/thibaut/1/3/24/
24 None 	 shAnkara-darshanam/tattvam/shankaraH/brahma-sUtrANi/thibaut/1/4/24/
24 None 	 shAnkara-darshanam/tattvam/shankaraH/brahma-sUtrANi/thibaut/2/1/24/
24 None 	 shAnkara-darshanam/tattvam/shankaraH/brahma-sUtrANi/thibaut/2/3/24/
24 None 	 shAnkara-darshanam/tattvam/shankaraH/brahma-sUtrANi/thibaut/3/1/24/
24 None 	 shAnkara-darshanam/tattvam/shankaraH/brahma-sUtrANi/thibaut/3/2/24/
24 None 	 shAnkara-darshanam/tattvam/shankaraH/brahma-sUtrANi/thibaut/3/3/24/
24 None 	 shAnkara-darshanam/tattvam/shankaraH/brahma-sUtrANi/thibaut/3/4/24/
२४ गुरु नानक, गुरु अङ्गद - आसा की वार 	 nAnaka-mArgaH/guru-granthaH/sarva-prastutiH/02_rAga/04_AsA/24_guru_nAnaka_guru_angada_-_AsA_kI_vAra/
२४ भेदश्रुतेर्व्यावहारिकभेदपरत्वोपपत्तिः 	 shAnkara-darshanam/tattvam/madhu-sUdana-sarasvatI/advaita-siddhiH/2/24_bhedashrutervyAvahArikabhedaparatvopa/
२४ भैरउ 	 nAnaka-mArgaH/guru-granthaH/sarva-prastutiH/02_rAga/24_bhairau/
२४ सत्याद्यधिकरणम् 	 shAnkara-darshanam/tattvam/shankaraH/brahma-sUtrANi/mUlam/3/3/24_satyAdyadhikaraNam/
२४ सत्याद्यधिकरणम् 	 shAnkara-darshanam/tattvam/shankaraH/brahma-sUtrANi/sarva-prastutiH/03/03/24_satyAdyadhikaraNam/
२५ 	 yoga-vAsiShTha-shAstram/Ananda-bodhendra-TIkA/1_vairAgya-prakaraNam/25/
२५ 	 yoga-vAsiShTha-shAstram/Ananda-bodhendra-TIkA/4_sthiti-prakaraNam/25/
२५ 	 yoga-vAsiShTha-shAstram/Ananda-bodhendra-TIkA/5_upashama-prakaraNam/25/
25 - Determinate and indeterminate perceptions (part 1) 	 shAnkara-darshanam/tattvam/prakIrNam/dharmarAjAdhvarI_vedAnta-paribhAShA/sadAnandaH/01_perception/25_determinate-indeterminate1/
25 None 	 shAnkara-darshanam/tattvam/shankaraH/brahma-sUtrANi/thibaut/1/1/25/
25 None 	 shAnkara-darshanam/tattvam/shankaraH/brahma-sUtrANi/thibaut/1/2/25/
25 None 	 shAnkara-darshanam/tattvam/shankaraH/brahma-sUtrANi/thibaut/1/3/25/
25 None 	 shAnkara-darshanam/tattvam/shankaraH/brahma-sUtrANi/thibaut/1/4/25/
25 None 	 shAnkara-darshanam/tattvam/shankaraH/brahma-sUtrANi/thibaut/2/1/25/
25 None 	 shAnkara-darshanam/tattvam/shankaraH/brahma-sUtrANi/thibaut/2/3/25/
25 None 	 shAnkara-darshanam/tattvam/shankaraH/brahma-sUtrANi/thibaut/3/1/25/
25 None 	 shAnkara-darshanam/tattvam/shankaraH/brahma-sUtrANi/thibaut/3/2/25/
25 None 	 shAnkara-darshanam/tattvam/shankaraH/brahma-sUtrANi/thibaut/3/3/25/
25 None 	 shAnkara-darshanam/tattvam/shankaraH/brahma-sUtrANi/thibaut/3/4/25/
२५ कबीर 	 nAnaka-mArgaH/guru-granthaH/sarva-prastutiH/02_rAga/04_AsA/25_kabIra/
२५ कामाद्यधिकरणम् 	 shAnkara-darshanam/tattvam/shankaraH/brahma-sUtrANi/mUlam/3/3/25_kAmAdyadhikaraNam/
२५ कामाद्यधिकरणम् 	 shAnkara-darshanam/tattvam/shankaraH/brahma-sUtrANi/sarva-prastutiH/03/03/25_kAmAdyadhikaraNam/
२५ बसंतु 	 nAnaka-mArgaH/guru-granthaH/sarva-prastutiH/02_rAga/25_basaMtu/
२५ शब्दान्तरादेरात्मभेदसाधकत्वासम्भवः 	 shAnkara-darshanam/tattvam/madhu-sUdana-sarasvatI/advaita-siddhiH/2/25_shabdAntarAderAtmabhedasAdhakatvAsamb/
२६ 	 yoga-vAsiShTha-shAstram/Ananda-bodhendra-TIkA/1_vairAgya-prakaraNam/26/
२६ 	 yoga-vAsiShTha-shAstram/Ananda-bodhendra-TIkA/4_sthiti-prakaraNam/26/
२६ 	 yoga-vAsiShTha-shAstram/Ananda-bodhendra-TIkA/5_upashama-prakaraNam/26/
26 - Determinate and indeterminate perceptions (part 2) 	 shAnkara-darshanam/tattvam/prakIrNam/dharmarAjAdhvarI_vedAnta-paribhAShA/sadAnandaH/01_perception/26_determinate-indeterminate2/
26 None 	 shAnkara-darshanam/tattvam/shankaraH/brahma-sUtrANi/thibaut/1/1/26/
26 None 	 shAnkara-darshanam/tattvam/shankaraH/brahma-sUtrANi/thibaut/1/2/26/
26 None 	 shAnkara-darshanam/tattvam/shankaraH/brahma-sUtrANi/thibaut/1/3/26/
26 None 	 shAnkara-darshanam/tattvam/shankaraH/brahma-sUtrANi/thibaut/1/4/26/
26 None 	 shAnkara-darshanam/tattvam/shankaraH/brahma-sUtrANi/thibaut/2/1/26/
26 None 	 shAnkara-darshanam/tattvam/shankaraH/brahma-sUtrANi/thibaut/2/3/26/
26 None 	 shAnkara-darshanam/tattvam/shankaraH/brahma-sUtrANi/thibaut/3/1/26/
26 None 	 shAnkara-darshanam/tattvam/shankaraH/brahma-sUtrANi/thibaut/3/2/26/
26 None 	 shAnkara-darshanam/tattvam/shankaraH/brahma-sUtrANi/thibaut/3/3/26/
26 None 	 shAnkara-darshanam/tattvam/shankaraH/brahma-sUtrANi/thibaut/3/4/26/
२६ आदराधिकरणम् 	 shAnkara-darshanam/tattvam/shankaraH/brahma-sUtrANi/mUlam/3/3/26_AdarAdhikaraNam/
२६ आदराधिकरणम् 	 shAnkara-darshanam/tattvam/shankaraH/brahma-sUtrANi/sarva-prastutiH/03/03/26_AdarAdhikaraNam/
२६ नामदेउ 	 nAnaka-mArgaH/guru-granthaH/sarva-prastutiH/02_rAga/04_AsA/26_nAmadeu/
२६ भेदश्रुतेः षड्विधतात्पर्यलिङ्गभङ्गः 	 shAnkara-darshanam/tattvam/madhu-sUdana-sarasvatI/advaita-siddhiH/2/26_bhedashruteH_ShaDvidhatAtparyalingabh/
२६ सारंग 	 nAnaka-mArgaH/guru-granthaH/sarva-prastutiH/02_rAga/26_sAraMga/
२७ 	 yoga-vAsiShTha-shAstram/Ananda-bodhendra-TIkA/1_vairAgya-prakaraNam/27/
२७ 	 yoga-vAsiShTha-shAstram/Ananda-bodhendra-TIkA/4_sthiti-prakaraNam/27/
२७ 	 yoga-vAsiShTha-shAstram/Ananda-bodhendra-TIkA/5_upashama-prakaraNam/27/
27 - The position of vishiShTAdvaita 	 shAnkara-darshanam/tattvam/prakIrNam/dharmarAjAdhvarI_vedAnta-paribhAShA/sadAnandaH/01_perception/27_vishishtadvaita-position/
27 None 	 shAnkara-darshanam/tattvam/shankaraH/brahma-sUtrANi/thibaut/1/1/27/
27 None 	 shAnkara-darshanam/tattvam/shankaraH/brahma-sUtrANi/thibaut/1/2/27/
27 None 	 shAnkara-darshanam/tattvam/shankaraH/brahma-sUtrANi/thibaut/1/3/27/
27 None 	 shAnkara-darshanam/tattvam/shankaraH/brahma-sUtrANi/thibaut/1/4/27/
27 None 	 shAnkara-darshanam/tattvam/shankaraH/brahma-sUtrANi/thibaut/2/1/27/
27 None 	 shAnkara-darshanam/tattvam/shankaraH/brahma-sUtrANi/thibaut/2/3/27/
27 None 	 shAnkara-darshanam/tattvam/shankaraH/brahma-sUtrANi/thibaut/3/1/27/
27 None 	 shAnkara-darshanam/tattvam/shankaraH/brahma-sUtrANi/thibaut/3/2/27/
27 None 	 shAnkara-darshanam/tattvam/shankaraH/brahma-sUtrANi/thibaut/3/3/27/
27 None 	 shAnkara-darshanam/tattvam/shankaraH/brahma-sUtrANi/thibaut/3/4/27/
२७ एक्यस्वरूपोपपत्तिः 	 shAnkara-darshanam/tattvam/madhu-sUdana-sarasvatI/advaita-siddhiH/2/27_ekyasvarUpopapattiH/
२७ तन्निर्धारणाधिकरणम् 	 shAnkara-darshanam/tattvam/shankaraH/brahma-sUtrANi/mUlam/3/3/27_tannirdhAraNAdhikaraNam/
२७ तन्निर्धारणाधिकरणम् 	 shAnkara-darshanam/tattvam/shankaraH/brahma-sUtrANi/sarva-prastutiH/03/03/27_tannirdhAraNAdhikaraNam/
२७ मलार 	 nAnaka-mArgaH/guru-granthaH/sarva-prastutiH/02_rAga/27_malAra/
२७ रविदास 	 nAnaka-mArgaH/guru-granthaH/sarva-prastutiH/02_rAga/04_AsA/27_ravidAsa/
२८ 	 yoga-vAsiShTha-shAstram/Ananda-bodhendra-TIkA/1_vairAgya-prakaraNam/28/
२८ 	 yoga-vAsiShTha-shAstram/Ananda-bodhendra-TIkA/4_sthiti-prakaraNam/28/
२८ 	 yoga-vAsiShTha-shAstram/Ananda-bodhendra-TIkA/5_upashama-prakaraNam/28/
28 - Perception at the Individual Level 	 shAnkara-darshanam/tattvam/prakIrNam/dharmarAjAdhvarI_vedAnta-paribhAShA/sadAnandaH/01_perception/28_perception-individual-level/
28 None 	 shAnkara-darshanam/tattvam/shankaraH/brahma-sUtrANi/thibaut/1/1/28/
28 None 	 shAnkara-darshanam/tattvam/shankaraH/brahma-sUtrANi/thibaut/1/2/28/
28 None 	 shAnkara-darshanam/tattvam/shankaraH/brahma-sUtrANi/thibaut/1/3/28/
28 None 	 shAnkara-darshanam/tattvam/shankaraH/brahma-sUtrANi/thibaut/1/4/28/
28 None 	 shAnkara-darshanam/tattvam/shankaraH/brahma-sUtrANi/thibaut/2/1/28/
28 None 	 shAnkara-darshanam/tattvam/shankaraH/brahma-sUtrANi/thibaut/2/3/28/
28 None 	 shAnkara-darshanam/tattvam/shankaraH/brahma-sUtrANi/thibaut/3/2/28/
28 None 	 shAnkara-darshanam/tattvam/shankaraH/brahma-sUtrANi/thibaut/3/3/28/
28 None 	 shAnkara-darshanam/tattvam/shankaraH/brahma-sUtrANi/thibaut/3/4/28/
२८ कानड़ा 	 nAnaka-mArgaH/guru-granthaH/sarva-prastutiH/02_rAga/28_kAna.DA/
२८ जीवब्रह्माभेदे प्रमाणम् 	 shAnkara-darshanam/tattvam/madhu-sUdana-sarasvatI/advaita-siddhiH/2/28_jIvabrahmAbhede_pramANam/
२८ धन्ना 	 nAnaka-mArgaH/guru-granthaH/sarva-prastutiH/02_rAga/04_AsA/28_dhannA/
२८ प्रदानाधिकरणम् 	 shAnkara-darshanam/tattvam/shankaraH/brahma-sUtrANi/mUlam/3/3/28_pradAnAdhikaraNam/
२८ प्रदानाधिकरणम् 	 shAnkara-darshanam/tattvam/shankaraH/brahma-sUtrANi/sarva-prastutiH/03/03/28_pradAnAdhikaraNam/
२९ 	 yoga-vAsiShTha-shAstram/Ananda-bodhendra-TIkA/1_vairAgya-prakaraNam/29/
२९ 	 yoga-vAsiShTha-shAstram/Ananda-bodhendra-TIkA/4_sthiti-prakaraNam/29/
२९ 	 yoga-vAsiShTha-shAstram/Ananda-bodhendra-TIkA/5_upashama-prakaraNam/29/
29 - Perception at the Cosmic Level 	 shAnkara-darshanam/tattvam/prakIrNam/dharmarAjAdhvarI_vedAnta-paribhAShA/sadAnandaH/01_perception/29_perception-cosmic-level/
29 None 	 shAnkara-darshanam/tattvam/shankaraH/brahma-sUtrANi/thibaut/1/1/29/
29 None 	 shAnkara-darshanam/tattvam/shankaraH/brahma-sUtrANi/thibaut/1/2/29/
29 None 	 shAnkara-darshanam/tattvam/shankaraH/brahma-sUtrANi/thibaut/1/3/29/
29 None 	 shAnkara-darshanam/tattvam/shankaraH/brahma-sUtrANi/thibaut/2/1/29/
29 None 	 shAnkara-darshanam/tattvam/shankaraH/brahma-sUtrANi/thibaut/2/3/29/
29 None 	 shAnkara-darshanam/tattvam/shankaraH/brahma-sUtrANi/thibaut/3/2/29/
29 None 	 shAnkara-darshanam/tattvam/shankaraH/brahma-sUtrANi/thibaut/3/3/29/
29 None 	 shAnkara-darshanam/tattvam/shankaraH/brahma-sUtrANi/thibaut/3/4/29/
२९ ऐक्यश्रुतेरुपजीव्यविरोधाभावः 	 shAnkara-darshanam/tattvam/madhu-sUdana-sarasvatI/advaita-siddhiH/2/29_aikyashruterupajIvyavirodhAbhAvaH/
२९ कलिआन 	 nAnaka-mArgaH/guru-granthaH/sarva-prastutiH/02_rAga/29_kaliAna/
२९ फ़रीद 	 nAnaka-mArgaH/guru-granthaH/sarva-prastutiH/02_rAga/04_AsA/29_farIda/
२९ लिङ्गभूयस्त्वाधिकरणम् 	 shAnkara-darshanam/tattvam/shankaraH/brahma-sUtrANi/mUlam/3/3/29_lingabhUyastvAdhikaraNam/
२९ लिङ्गभूयस्त्वाधिकरणम् 	 shAnkara-darshanam/tattvam/shankaraH/brahma-sUtrANi/sarva-prastutiH/03/03/29_lingabhUyastvAdhikaraNam/
3 	 shAnkara-darshanam/tattvam/shankaraH/brahma-sUtrANi/thibaut/0/chapter_intro/3/
३ 	 shAnkara-darshanam/tattvam/madhu-sUdana-sarasvatI/advaita-siddhiH/3/
३ 	 shAnkara-darshanam/tattvam/prakIrNam/bhaTTojI-tattva-kaustubhaH/3/
೩ 	 shAnkara-darshanam/tattvam/shankaraH/brahma-sUtrANi/sachchidAnandendraH/v1/1/3/
3 third pāda 	 shAnkara-darshanam/tattvam/shankaraH/brahma-sUtrANi/thibaut/2/3/01/
३ स्वप्रक्रिया-निरूपणम् 	 shAnkara-darshanam/tattvam/sachchidAnandendraH/mUlAvidyA-nirAsaH/3_svaprakriyA-nirUpaNam/
3: Test of Self-Realization 	 shAnkara-darshanam/tattvam/articles/satyanArAyaNa-shAstrI/garaNi-rAdhAkRShNaH/english-articles/Ashtavakra_Samhita/3_Test_of_Self-Realization/
३० 	 yoga-vAsiShTha-shAstram/Ananda-bodhendra-TIkA/1_vairAgya-prakaraNam/30/
३० 	 yoga-vAsiShTha-shAstram/Ananda-bodhendra-TIkA/4_sthiti-prakaraNam/30/
३० 	 yoga-vAsiShTha-shAstram/Ananda-bodhendra-TIkA/5_upashama-prakaraNam/30/
30 - Summary so far 	 shAnkara-darshanam/tattvam/prakIrNam/dharmarAjAdhvarI_vedAnta-paribhAShA/sadAnandaH/01_perception/30_summary-so-far/
30 None 	 shAnkara-darshanam/tattvam/shankaraH/brahma-sUtrANi/thibaut/1/1/30/
30 None 	 shAnkara-darshanam/tattvam/shankaraH/brahma-sUtrANi/thibaut/1/2/30/
30 None 	 shAnkara-darshanam/tattvam/shankaraH/brahma-sUtrANi/thibaut/1/3/30/
30 None 	 shAnkara-darshanam/tattvam/shankaraH/brahma-sUtrANi/thibaut/2/1/30/
30 None 	 shAnkara-darshanam/tattvam/shankaraH/brahma-sUtrANi/thibaut/2/3/30/
30 None 	 shAnkara-darshanam/tattvam/shankaraH/brahma-sUtrANi/thibaut/3/2/30/
30 None 	 shAnkara-darshanam/tattvam/shankaraH/brahma-sUtrANi/thibaut/3/3/30/
30 None 	 shAnkara-darshanam/tattvam/shankaraH/brahma-sUtrANi/thibaut/3/4/30/
३० ऐकात्म्याधिकरणम् 	 shAnkara-darshanam/tattvam/shankaraH/brahma-sUtrANi/mUlam/3/3/30_aikAtmyAdhikaraNam/
३० ऐकात्म्याधिकरणम् 	 shAnkara-darshanam/tattvam/shankaraH/brahma-sUtrANi/sarva-prastutiH/03/03/30_aikAtmyAdhikaraNam/
३० तत्त्वमस्यादिवाक्यार्थनिरूपणम् 	 shAnkara-darshanam/tattvam/madhu-sUdana-sarasvatI/advaita-siddhiH/2/30_tattvamasyAdivAkyArthanirUpaNam/
३० परभाती 	 nAnaka-mArgaH/guru-granthaH/sarva-prastutiH/02_rAga/30_parabhAtI/
३१ 	 yoga-vAsiShTha-shAstram/Ananda-bodhendra-TIkA/1_vairAgya-prakaraNam/31/
३१ 	 yoga-vAsiShTha-shAstram/Ananda-bodhendra-TIkA/4_sthiti-prakaraNam/31/
३१ 	 yoga-vAsiShTha-shAstram/Ananda-bodhendra-TIkA/5_upashama-prakaraNam/31/
31 - vAchArambhanaNaM 	 shAnkara-darshanam/tattvam/prakIrNam/dharmarAjAdhvarI_vedAnta-paribhAShA/sadAnandaH/01_perception/31_vacharambhanam/
31 None 	 shAnkara-darshanam/tattvam/shankaraH/brahma-sUtrANi/thibaut/1/1/31/
31 None 	 shAnkara-darshanam/tattvam/shankaraH/brahma-sUtrANi/thibaut/1/2/31/
31 None 	 shAnkara-darshanam/tattvam/shankaraH/brahma-sUtrANi/thibaut/1/3/31/
31 None 	 shAnkara-darshanam/tattvam/shankaraH/brahma-sUtrANi/thibaut/2/1/31/
31 None 	 shAnkara-darshanam/tattvam/shankaraH/brahma-sUtrANi/thibaut/2/3/31/
31 None 	 shAnkara-darshanam/tattvam/shankaraH/brahma-sUtrANi/thibaut/3/2/31/
31 None 	 shAnkara-darshanam/tattvam/shankaraH/brahma-sUtrANi/thibaut/3/3/31/
31 None 	 shAnkara-darshanam/tattvam/shankaraH/brahma-sUtrANi/thibaut/3/4/31/
३१ अङ्गावबद्धाधिकरणम् 	 shAnkara-darshanam/tattvam/shankaraH/brahma-sUtrANi/mUlam/3/3/31_angAvabaddhAdhikaraNam/
३१ अङ्गावबद्धाधिकरणम् 	 shAnkara-darshanam/tattvam/shankaraH/brahma-sUtrANi/sarva-prastutiH/03/03/31_angAvabaddhAdhikaraNam/
३१ अहं ब्रह्मास्मीत्यदि 	 shAnkara-darshanam/tattvam/madhu-sUdana-sarasvatI/advaita-siddhiH/2/31_ahaM_brahmAsmItyadi/
३१ जैजावंती 	 nAnaka-mArgaH/guru-granthaH/sarva-prastutiH/02_rAga/31_jaijAvaMtI/
३२ 	 yoga-vAsiShTha-shAstram/Ananda-bodhendra-TIkA/1_vairAgya-prakaraNam/32/
३२ 	 yoga-vAsiShTha-shAstram/Ananda-bodhendra-TIkA/4_sthiti-prakaraNam/32/
३२ 	 yoga-vAsiShTha-shAstram/Ananda-bodhendra-TIkA/5_upashama-prakaraNam/32/
32 - Re-examination of the Perceptual Process Pt.1 	 shAnkara-darshanam/tattvam/prakIrNam/dharmarAjAdhvarI_vedAnta-paribhAShA/sadAnandaH/01_perception/32_reexamination-perceptual-process1/
32 None 	 shAnkara-darshanam/tattvam/shankaraH/brahma-sUtrANi/thibaut/1/2/32/
32 None 	 shAnkara-darshanam/tattvam/shankaraH/brahma-sUtrANi/thibaut/1/3/32/
32 None 	 shAnkara-darshanam/tattvam/shankaraH/brahma-sUtrANi/thibaut/2/1/32/
32 None 	 shAnkara-darshanam/tattvam/shankaraH/brahma-sUtrANi/thibaut/2/3/32/
32 None 	 shAnkara-darshanam/tattvam/shankaraH/brahma-sUtrANi/thibaut/3/2/32/
32 None 	 shAnkara-darshanam/tattvam/shankaraH/brahma-sUtrANi/thibaut/3/3/32/
32 None 	 shAnkara-darshanam/tattvam/shankaraH/brahma-sUtrANi/thibaut/3/4/32/
३२ जीवब्रह्माभेदानुमानम् 	 shAnkara-darshanam/tattvam/madhu-sUdana-sarasvatI/advaita-siddhiH/2/32_jIvabrahmAbhedAnumAnam/
३२ भूमज्यायस्त्वाधिकरणम् 	 shAnkara-darshanam/tattvam/shankaraH/brahma-sUtrANi/mUlam/3/3/32_bhUmajyAyastvAdhikaraNam/
३२ भूमज्यायस्त्वाधिकरणम् 	 shAnkara-darshanam/tattvam/shankaraH/brahma-sUtrANi/sarva-prastutiH/03/03/32_bhUmajyAyastvAdhikaraNam/
३३ 	 yoga-vAsiShTha-shAstram/Ananda-bodhendra-TIkA/1_vairAgya-prakaraNam/33/
३३ 	 yoga-vAsiShTha-shAstram/Ananda-bodhendra-TIkA/4_sthiti-prakaraNam/33/
३३ 	 yoga-vAsiShTha-shAstram/Ananda-bodhendra-TIkA/5_upashama-prakaraNam/33/
33 - Re-examination of the Perceptual Process Pt.2 	 shAnkara-darshanam/tattvam/prakIrNam/dharmarAjAdhvarI_vedAnta-paribhAShA/sadAnandaH/01_perception/33_reexamination-perceptual-process2/
33 None 	 shAnkara-darshanam/tattvam/shankaraH/brahma-sUtrANi/thibaut/1/2/33/
33 None 	 shAnkara-darshanam/tattvam/shankaraH/brahma-sUtrANi/thibaut/1/3/33/
33 None 	 shAnkara-darshanam/tattvam/shankaraH/brahma-sUtrANi/thibaut/2/1/33/
33 None 	 shAnkara-darshanam/tattvam/shankaraH/brahma-sUtrANi/thibaut/2/3/33/
33 None 	 shAnkara-darshanam/tattvam/shankaraH/brahma-sUtrANi/thibaut/3/2/33/
33 None 	 shAnkara-darshanam/tattvam/shankaraH/brahma-sUtrANi/thibaut/3/3/33/
33 None 	 shAnkara-darshanam/tattvam/shankaraH/brahma-sUtrANi/thibaut/3/4/33/
३३ अंशत्वेनाप्यैक्यसिद्धिः 	 shAnkara-darshanam/tattvam/madhu-sUdana-sarasvatI/advaita-siddhiH/2/33_aMshatvenApyaikyasiddhiH/
३३ शब्दादिभेदाधिकरणम् 	 shAnkara-darshanam/tattvam/shankaraH/brahma-sUtrANi/mUlam/3/3/33_shabdAdibhedAdhikaraNam/
३३ शब्दादिभेदाधिकरणम् 	 shAnkara-darshanam/tattvam/shankaraH/brahma-sUtrANi/sarva-prastutiH/03/03/33_shabdAdibhedAdhikaraNam/
३४ 	 yoga-vAsiShTha-shAstram/Ananda-bodhendra-TIkA/4_sthiti-prakaraNam/34/
३४ 	 yoga-vAsiShTha-shAstram/Ananda-bodhendra-TIkA/5_upashama-prakaraNam/34/
34 - Re-examination of the Perceptual Process Pt.3 	 shAnkara-darshanam/tattvam/prakIrNam/dharmarAjAdhvarI_vedAnta-paribhAShA/sadAnandaH/01_perception/34_reexamination-perceptual-process3/
34 None 	 shAnkara-darshanam/tattvam/shankaraH/brahma-sUtrANi/thibaut/1/2/34/
34 None 	 shAnkara-darshanam/tattvam/shankaraH/brahma-sUtrANi/thibaut/1/3/34/
34 None 	 shAnkara-darshanam/tattvam/shankaraH/brahma-sUtrANi/thibaut/2/1/34/
34 None 	 shAnkara-darshanam/tattvam/shankaraH/brahma-sUtrANi/thibaut/2/3/34/
34 None 	 shAnkara-darshanam/tattvam/shankaraH/brahma-sUtrANi/thibaut/3/2/34/
34 None 	 shAnkara-darshanam/tattvam/shankaraH/brahma-sUtrANi/thibaut/3/3/34/
34 None 	 shAnkara-darshanam/tattvam/shankaraH/brahma-sUtrANi/thibaut/3/4/34/
३४ जीवब्रह्माभेदनिरूपणम् 	 shAnkara-darshanam/tattvam/madhu-sUdana-sarasvatI/advaita-siddhiH/2/34_jIvabrahmAbhedanirUpaNam/
३४ विकल्पाधिकरणम् 	 shAnkara-darshanam/tattvam/shankaraH/brahma-sUtrANi/mUlam/3/3/34_vikalpAdhikaraNam/
३४ विकल्पाधिकरणम् 	 shAnkara-darshanam/tattvam/shankaraH/brahma-sUtrANi/sarva-prastutiH/03/03/34_vikalpAdhikaraNam/
३५ 	 yoga-vAsiShTha-shAstram/Ananda-bodhendra-TIkA/4_sthiti-prakaraNam/35/
३५ 	 yoga-vAsiShTha-shAstram/Ananda-bodhendra-TIkA/5_upashama-prakaraNam/35/
35 - Re-examination of the Perceptual Process Pt.4 	 shAnkara-darshanam/tattvam/prakIrNam/dharmarAjAdhvarI_vedAnta-paribhAShA/sadAnandaH/01_perception/35_reexamination-perceptual-process4/
35 None 	 shAnkara-darshanam/tattvam/shankaraH/brahma-sUtrANi/thibaut/1/2/35/
35 None 	 shAnkara-darshanam/tattvam/shankaraH/brahma-sUtrANi/thibaut/1/3/35/
35 None 	 shAnkara-darshanam/tattvam/shankaraH/brahma-sUtrANi/thibaut/2/1/35/
35 None 	 shAnkara-darshanam/tattvam/shankaraH/brahma-sUtrANi/thibaut/2/3/35/
35 None 	 shAnkara-darshanam/tattvam/shankaraH/brahma-sUtrANi/thibaut/3/2/35/
35 None 	 shAnkara-darshanam/tattvam/shankaraH/brahma-sUtrANi/thibaut/3/3/35/
35 None 	 shAnkara-darshanam/tattvam/shankaraH/brahma-sUtrANi/thibaut/3/4/35/
३५ आत्मनोऽणुत्वभङ्गः 	 shAnkara-darshanam/tattvam/madhu-sUdana-sarasvatI/advaita-siddhiH/2/35_Atmano-NutvabhangaH/
३५ काम्याधिकरणम् 	 shAnkara-darshanam/tattvam/shankaraH/brahma-sUtrANi/mUlam/3/3/35_kAmyAdhikaraNam/
३५ काम्याधिकरणम् 	 shAnkara-darshanam/tattvam/shankaraH/brahma-sUtrANi/sarva-prastutiH/03/03/35_kAmyAdhikaraNam/
३६ 	 yoga-vAsiShTha-shAstram/Ananda-bodhendra-TIkA/4_sthiti-prakaraNam/36/
३६ 	 yoga-vAsiShTha-shAstram/Ananda-bodhendra-TIkA/5_upashama-prakaraNam/36/
36 - Re-examination of the Perceptual Process Pt.5 	 shAnkara-darshanam/tattvam/prakIrNam/dharmarAjAdhvarI_vedAnta-paribhAShA/sadAnandaH/01_perception/36_reexamination-perceptual-process5/
36 None 	 shAnkara-darshanam/tattvam/shankaraH/brahma-sUtrANi/thibaut/1/2/36/
36 None 	 shAnkara-darshanam/tattvam/shankaraH/brahma-sUtrANi/thibaut/1/3/36/
36 None 	 shAnkara-darshanam/tattvam/shankaraH/brahma-sUtrANi/thibaut/2/1/36/
36 None 	 shAnkara-darshanam/tattvam/shankaraH/brahma-sUtrANi/thibaut/2/3/36/
36 None 	 shAnkara-darshanam/tattvam/shankaraH/brahma-sUtrANi/thibaut/3/2/36/
36 None 	 shAnkara-darshanam/tattvam/shankaraH/brahma-sUtrANi/thibaut/3/3/36/
36 None 	 shAnkara-darshanam/tattvam/shankaraH/brahma-sUtrANi/thibaut/3/4/36/
३६ यथाश्रयभावाधिकरणम् 	 shAnkara-darshanam/tattvam/shankaraH/brahma-sUtrANi/mUlam/3/3/36_yathAshrayabhAvAdhikaraNam/
३६ यथाश्रयभावाधिकरणम् 	 shAnkara-darshanam/tattvam/shankaraH/brahma-sUtrANi/sarva-prastutiH/03/03/36_yathAshrayabhAvAdhikaraNam/
३७ 	 yoga-vAsiShTha-shAstram/Ananda-bodhendra-TIkA/4_sthiti-prakaraNam/37/
३७ 	 yoga-vAsiShTha-shAstram/Ananda-bodhendra-TIkA/5_upashama-prakaraNam/37/
37 - Nature of 'ego' and Self-realization 	 shAnkara-darshanam/tattvam/prakIrNam/dharmarAjAdhvarI_vedAnta-paribhAShA/sadAnandaH/01_perception/37_ego-self-realization/
37 None 	 shAnkara-darshanam/tattvam/shankaraH/brahma-sUtrANi/thibaut/1/2/37/
37 None 	 shAnkara-darshanam/tattvam/shankaraH/brahma-sUtrANi/thibaut/1/3/37/
37 None 	 shAnkara-darshanam/tattvam/shankaraH/brahma-sUtrANi/thibaut/2/1/37/
37 None 	 shAnkara-darshanam/tattvam/shankaraH/brahma-sUtrANi/thibaut/2/3/37/
37 None 	 shAnkara-darshanam/tattvam/shankaraH/brahma-sUtrANi/thibaut/3/2/37/
37 None 	 shAnkara-darshanam/tattvam/shankaraH/brahma-sUtrANi/thibaut/3/3/37/
37 None 	 shAnkara-darshanam/tattvam/shankaraH/brahma-sUtrANi/thibaut/3/4/37/
३८ 	 yoga-vAsiShTha-shAstram/Ananda-bodhendra-TIkA/5_upashama-prakaraNam/38/
38 - Erroneous Perceptions Pt. 1 	 shAnkara-darshanam/tattvam/prakIrNam/dharmarAjAdhvarI_vedAnta-paribhAShA/sadAnandaH/01_perception/38_erroneous-perceptions1/
38 None 	 shAnkara-darshanam/tattvam/shankaraH/brahma-sUtrANi/thibaut/1/2/38/
38 None 	 shAnkara-darshanam/tattvam/shankaraH/brahma-sUtrANi/thibaut/1/3/38/
38 None 	 shAnkara-darshanam/tattvam/shankaraH/brahma-sUtrANi/thibaut/2/3/38/
38 None 	 shAnkara-darshanam/tattvam/shankaraH/brahma-sUtrANi/thibaut/3/2/38/
38 None 	 shAnkara-darshanam/tattvam/shankaraH/brahma-sUtrANi/thibaut/3/3/38/
38 None 	 shAnkara-darshanam/tattvam/shankaraH/brahma-sUtrANi/thibaut/3/4/38/
३९ 	 yoga-vAsiShTha-shAstram/Ananda-bodhendra-TIkA/4_sthiti-prakaraNam/39/
३९ 	 yoga-vAsiShTha-shAstram/Ananda-bodhendra-TIkA/5_upashama-prakaraNam/39/
39 - Erroneous Perceptions Pt. 2 	 shAnkara-darshanam/tattvam/prakIrNam/dharmarAjAdhvarI_vedAnta-paribhAShA/sadAnandaH/01_perception/39_erroneous-perceptions2/
39 None 	 shAnkara-darshanam/tattvam/shankaraH/brahma-sUtrANi/thibaut/1/2/39/
39 None 	 shAnkara-darshanam/tattvam/shankaraH/brahma-sUtrANi/thibaut/1/3/39/
39 None 	 shAnkara-darshanam/tattvam/shankaraH/brahma-sUtrANi/thibaut/2/3/39/
39 None 	 shAnkara-darshanam/tattvam/shankaraH/brahma-sUtrANi/thibaut/3/2/39/
39 None 	 shAnkara-darshanam/tattvam/shankaraH/brahma-sUtrANi/thibaut/3/3/39/
39 None 	 shAnkara-darshanam/tattvam/shankaraH/brahma-sUtrANi/thibaut/3/4/39/
4 	 shAnkara-darshanam/tattvam/shankaraH/brahma-sUtrANi/thibaut/0/chapter_intro/4/
४ 	 shAnkara-darshanam/tattvam/madhu-sUdana-sarasvatI/advaita-siddhiH/4/
೪ 	 shAnkara-darshanam/tattvam/shankaraH/brahma-sUtrANi/sachchidAnandendraH/v1/1/4/
४ श्रुत्यादिप्रमाणोपन्यासः 	 shAnkara-darshanam/tattvam/sachchidAnandendraH/mUlAvidyA-nirAsaH/4_shrutyAdipramANopanyAsaH/
4: Glorification of Self-Realization 	 shAnkara-darshanam/tattvam/articles/satyanArAyaNa-shAstrI/garaNi-rAdhAkRShNaH/english-articles/Ashtavakra_Samhita/4_Glorification_of_Self-Realization/
४० 	 yoga-vAsiShTha-shAstram/Ananda-bodhendra-TIkA/4_sthiti-prakaraNam/40/
४० 	 yoga-vAsiShTha-shAstram/Ananda-bodhendra-TIkA/5_upashama-prakaraNam/40/
40 - Analysis of Error - Part 1: khyAti vAda-s 	 shAnkara-darshanam/tattvam/prakIrNam/dharmarAjAdhvarI_vedAnta-paribhAShA/sadAnandaH/01_perception/40_khyati-vada1/
40 None 	 shAnkara-darshanam/tattvam/shankaraH/brahma-sUtrANi/thibaut/1/2/40/
40 None 	 shAnkara-darshanam/tattvam/shankaraH/brahma-sUtrANi/thibaut/1/3/40/
40 None 	 shAnkara-darshanam/tattvam/shankaraH/brahma-sUtrANi/thibaut/2/3/40/
40 None 	 shAnkara-darshanam/tattvam/shankaraH/brahma-sUtrANi/thibaut/3/2/40/
40 None 	 shAnkara-darshanam/tattvam/shankaraH/brahma-sUtrANi/thibaut/3/3/40/
40 None 	 shAnkara-darshanam/tattvam/shankaraH/brahma-sUtrANi/thibaut/3/4/40/
४१ 	 yoga-vAsiShTha-shAstram/Ananda-bodhendra-TIkA/4_sthiti-prakaraNam/41/
४१ 	 yoga-vAsiShTha-shAstram/Ananda-bodhendra-TIkA/5_upashama-prakaraNam/41/
41 - Analysis of error - Part 2: vedAnta paribhAshA analysis 	 shAnkara-darshanam/tattvam/prakIrNam/dharmarAjAdhvarI_vedAnta-paribhAShA/sadAnandaH/01_perception/41_khyati-vada-vp-analysis/
41 None 	 shAnkara-darshanam/tattvam/shankaraH/brahma-sUtrANi/thibaut/1/2/41/
41 None 	 shAnkara-darshanam/tattvam/shankaraH/brahma-sUtrANi/thibaut/1/3/41/
41 None 	 shAnkara-darshanam/tattvam/shankaraH/brahma-sUtrANi/thibaut/2/3/41/
41 None 	 shAnkara-darshanam/tattvam/shankaraH/brahma-sUtrANi/thibaut/3/3/41/
41 None 	 shAnkara-darshanam/tattvam/shankaraH/brahma-sUtrANi/thibaut/3/4/41/
४२ 	 yoga-vAsiShTha-shAstram/Ananda-bodhendra-TIkA/4_sthiti-prakaraNam/42/
४२ 	 yoga-vAsiShTha-shAstram/Ananda-bodhendra-TIkA/5_upashama-prakaraNam/42/
42 - Analysis of error - Part 3: naiyAyika objection 	 shAnkara-darshanam/tattvam/prakIrNam/dharmarAjAdhvarI_vedAnta-paribhAShA/sadAnandaH/01_perception/42_khyati-vada-naiyayika-objection/
42 None 	 shAnkara-darshanam/tattvam/shankaraH/brahma-sUtrANi/thibaut/1/2/42/
42 None 	 shAnkara-darshanam/tattvam/shankaraH/brahma-sUtrANi/thibaut/1/3/42/
42 None 	 shAnkara-darshanam/tattvam/shankaraH/brahma-sUtrANi/thibaut/2/3/42/
42 None 	 shAnkara-darshanam/tattvam/shankaraH/brahma-sUtrANi/thibaut/3/3/42/
42 None 	 shAnkara-darshanam/tattvam/shankaraH/brahma-sUtrANi/thibaut/3/4/42/
४३ 	 yoga-vAsiShTha-shAstram/Ananda-bodhendra-TIkA/4_sthiti-prakaraNam/43/
४३ 	 yoga-vAsiShTha-shAstram/Ananda-bodhendra-TIkA/5_upashama-prakaraNam/43/
43 - Creation as Transformation 	 shAnkara-darshanam/tattvam/prakIrNam/dharmarAjAdhvarI_vedAnta-paribhAShA/sadAnandaH/01_perception/43_creation-transformation/
43 None 	 shAnkara-darshanam/tattvam/shankaraH/brahma-sUtrANi/thibaut/1/2/43/
43 None 	 shAnkara-darshanam/tattvam/shankaraH/brahma-sUtrANi/thibaut/2/3/43/
43 None 	 shAnkara-darshanam/tattvam/shankaraH/brahma-sUtrANi/thibaut/3/3/43/
43 None 	 shAnkara-darshanam/tattvam/shankaraH/brahma-sUtrANi/thibaut/3/4/43/
४४ 	 yoga-vAsiShTha-shAstram/Ananda-bodhendra-TIkA/4_sthiti-prakaraNam/44/
४४ 	 yoga-vAsiShTha-shAstram/Ananda-bodhendra-TIkA/5_upashama-prakaraNam/44/
44 - Questions on 'Creation as Transformation' 	 shAnkara-darshanam/tattvam/prakIrNam/dharmarAjAdhvarI_vedAnta-paribhAShA/sadAnandaH/01_perception/44_creation-questions/
44 None 	 shAnkara-darshanam/tattvam/shankaraH/brahma-sUtrANi/thibaut/1/2/44/
44 None 	 shAnkara-darshanam/tattvam/shankaraH/brahma-sUtrANi/thibaut/2/3/44/
44 None 	 shAnkara-darshanam/tattvam/shankaraH/brahma-sUtrANi/thibaut/3/3/44/
44 None 	 shAnkara-darshanam/tattvam/shankaraH/brahma-sUtrANi/thibaut/3/4/44/
४५ 	 yoga-vAsiShTha-shAstram/Ananda-bodhendra-TIkA/4_sthiti-prakaraNam/45/
४५ 	 yoga-vAsiShTha-shAstram/Ananda-bodhendra-TIkA/5_upashama-prakaraNam/45/
45 - Ontological Status of 'This' 	 shAnkara-darshanam/tattvam/prakIrNam/dharmarAjAdhvarI_vedAnta-paribhAShA/sadAnandaH/01_perception/45_ontological-status-this/
45 None 	 shAnkara-darshanam/tattvam/shankaraH/brahma-sUtrANi/thibaut/1/2/45/
45 None 	 shAnkara-darshanam/tattvam/shankaraH/brahma-sUtrANi/thibaut/2/3/45/
45 None 	 shAnkara-darshanam/tattvam/shankaraH/brahma-sUtrANi/thibaut/3/3/45/
45 None 	 shAnkara-darshanam/tattvam/shankaraH/brahma-sUtrANi/thibaut/3/4/45/
४६ 	 yoga-vAsiShTha-shAstram/Ananda-bodhendra-TIkA/4_sthiti-prakaraNam/46/
४६ 	 yoga-vAsiShTha-shAstram/Ananda-bodhendra-TIkA/5_upashama-prakaraNam/46/
46 - Two Layers of Ignorance 	 shAnkara-darshanam/tattvam/prakIrNam/dharmarAjAdhvarI_vedAnta-paribhAShA/sadAnandaH/01_perception/46_two-layers-ignorance/
46 None 	 shAnkara-darshanam/tattvam/shankaraH/brahma-sUtrANi/thibaut/2/3/46/
46 None 	 shAnkara-darshanam/tattvam/shankaraH/brahma-sUtrANi/thibaut/3/3/46/
46 None 	 shAnkara-darshanam/tattvam/shankaraH/brahma-sUtrANi/thibaut/3/4/46/
४७ 	 yoga-vAsiShTha-shAstram/Ananda-bodhendra-TIkA/4_sthiti-prakaraNam/47/
४७ 	 yoga-vAsiShTha-shAstram/Ananda-bodhendra-TIkA/5_upashama-prakaraNam/47/
47 - Conclusion of silver-nacre analysis 	 shAnkara-darshanam/tattvam/prakIrNam/dharmarAjAdhvarI_vedAnta-paribhAShA/sadAnandaH/01_perception/47_silver-nacre-conclusion/
47 None 	 shAnkara-darshanam/tattvam/shankaraH/brahma-sUtrANi/thibaut/2/3/47/
47 None 	 shAnkara-darshanam/tattvam/shankaraH/brahma-sUtrANi/thibaut/3/3/47/
47 None 	 shAnkara-darshanam/tattvam/shankaraH/brahma-sUtrANi/thibaut/3/4/47/
४८ 	 yoga-vAsiShTha-shAstram/Ananda-bodhendra-TIkA/4_sthiti-prakaraNam/48/
४८ 	 yoga-vAsiShTha-shAstram/Ananda-bodhendra-TIkA/5_upashama-prakaraNam/48/
48 - Perception in Dream 	 shAnkara-darshanam/tattvam/prakIrNam/dharmarAjAdhvarI_vedAnta-paribhAShA/sadAnandaH/01_perception/48_dream-perception/
48 None 	 shAnkara-darshanam/tattvam/shankaraH/brahma-sUtrANi/thibaut/2/3/48/
48 None 	 shAnkara-darshanam/tattvam/shankaraH/brahma-sUtrANi/thibaut/3/3/48/
48 None 	 shAnkara-darshanam/tattvam/shankaraH/brahma-sUtrANi/thibaut/3/4/48/
४९ 	 yoga-vAsiShTha-shAstram/Ananda-bodhendra-TIkA/4_sthiti-prakaraNam/49/
४९ 	 yoga-vAsiShTha-shAstram/Ananda-bodhendra-TIkA/5_upashama-prakaraNam/49/
49 - Negating false perception 	 shAnkara-darshanam/tattvam/prakIrNam/dharmarAjAdhvarI_vedAnta-paribhAShA/sadAnandaH/01_perception/49_negating-false-perception/
49 None 	 shAnkara-darshanam/tattvam/shankaraH/brahma-sUtrANi/thibaut/2/3/49/
49 None 	 shAnkara-darshanam/tattvam/shankaraH/brahma-sUtrANi/thibaut/3/3/49/
49 None 	 shAnkara-darshanam/tattvam/shankaraH/brahma-sUtrANi/thibaut/3/4/49/
5: Four Ways to Dissolution 	 shAnkara-darshanam/tattvam/articles/satyanArAyaNa-shAstrI/garaNi-rAdhAkRShNaH/english-articles/Ashtavakra_Samhita/5_Four_Ways_to_Dissolution/
५० 	 yoga-vAsiShTha-shAstram/Ananda-bodhendra-TIkA/4_sthiti-prakaraNam/50/
५० 	 yoga-vAsiShTha-shAstram/Ananda-bodhendra-TIkA/5_upashama-prakaraNam/50/
50 - Counterpositive 	 shAnkara-darshanam/tattvam/prakIrNam/dharmarAjAdhvarI_vedAnta-paribhAShA/sadAnandaH/01_perception/50_counterpositive/
50 None 	 shAnkara-darshanam/tattvam/shankaraH/brahma-sUtrANi/thibaut/2/3/50/
50 None 	 shAnkara-darshanam/tattvam/shankaraH/brahma-sUtrANi/thibaut/3/3/50/
50 None 	 shAnkara-darshanam/tattvam/shankaraH/brahma-sUtrANi/thibaut/3/4/50/
५१ 	 yoga-vAsiShTha-shAstram/Ananda-bodhendra-TIkA/4_sthiti-prakaraNam/51/
५१ 	 yoga-vAsiShTha-shAstram/Ananda-bodhendra-TIkA/5_upashama-prakaraNam/51/
51 - Summary of Mechanism of Perceptual Knowledge 	 shAnkara-darshanam/tattvam/prakIrNam/dharmarAjAdhvarI_vedAnta-paribhAShA/sadAnandaH/01_perception/51_summary-perceptual-knowledge/
51 None 	 shAnkara-darshanam/tattvam/shankaraH/brahma-sUtrANi/thibaut/2/3/51/
51 None 	 shAnkara-darshanam/tattvam/shankaraH/brahma-sUtrANi/thibaut/3/3/51/
51 None 	 shAnkara-darshanam/tattvam/shankaraH/brahma-sUtrANi/thibaut/3/4/51/
५२ 	 yoga-vAsiShTha-shAstram/Ananda-bodhendra-TIkA/4_sthiti-prakaraNam/52/
५२ 	 yoga-vAsiShTha-shAstram/Ananda-bodhendra-TIkA/5_upashama-prakaraNam/52/
52 - vyAvahArika vs. prAtibhAsika Pt. 1 	 shAnkara-darshanam/tattvam/prakIrNam/dharmarAjAdhvarI_vedAnta-paribhAShA/sadAnandaH/01_perception/52_vyavaharika-pratibhasika1/
52 None 	 shAnkara-darshanam/tattvam/shankaraH/brahma-sUtrANi/thibaut/2/3/52/
52 None 	 shAnkara-darshanam/tattvam/shankaraH/brahma-sUtrANi/thibaut/3/3/52/
52 None 	 shAnkara-darshanam/tattvam/shankaraH/brahma-sUtrANi/thibaut/3/4/52/
५३ 	 yoga-vAsiShTha-shAstram/Ananda-bodhendra-TIkA/4_sthiti-prakaraNam/53/
५३ 	 yoga-vAsiShTha-shAstram/Ananda-bodhendra-TIkA/5_upashama-prakaraNam/53/
53 - vyAvahArika vs. prAtibhAsika Pt. 2 	 shAnkara-darshanam/tattvam/prakIrNam/dharmarAjAdhvarI_vedAnta-paribhAShA/sadAnandaH/01_perception/53_vyavaharika-pratibhasika2/
53 None 	 shAnkara-darshanam/tattvam/shankaraH/brahma-sUtrANi/thibaut/2/3/53/
53 None 	 shAnkara-darshanam/tattvam/shankaraH/brahma-sUtrANi/thibaut/3/3/53/
५४ 	 yoga-vAsiShTha-shAstram/Ananda-bodhendra-TIkA/4_sthiti-prakaraNam/54/
५४ 	 yoga-vAsiShTha-shAstram/Ananda-bodhendra-TIkA/5_upashama-prakaraNam/54/
54 None 	 shAnkara-darshanam/tattvam/shankaraH/brahma-sUtrANi/thibaut/3/3/54/
५५ 	 yoga-vAsiShTha-shAstram/Ananda-bodhendra-TIkA/4_sthiti-prakaraNam/55/
५५ 	 yoga-vAsiShTha-shAstram/Ananda-bodhendra-TIkA/5_upashama-prakaraNam/55/
55 None 	 shAnkara-darshanam/tattvam/shankaraH/brahma-sUtrANi/thibaut/3/3/55/
५६ 	 yoga-vAsiShTha-shAstram/Ananda-bodhendra-TIkA/4_sthiti-prakaraNam/56/
५६ 	 yoga-vAsiShTha-shAstram/Ananda-bodhendra-TIkA/5_upashama-prakaraNam/56/
56 None 	 shAnkara-darshanam/tattvam/shankaraH/brahma-sUtrANi/thibaut/3/3/56/
५७ 	 yoga-vAsiShTha-shAstram/Ananda-bodhendra-TIkA/4_sthiti-prakaraNam/57/
५७ 	 yoga-vAsiShTha-shAstram/Ananda-bodhendra-TIkA/5_upashama-prakaraNam/57/
57 None 	 shAnkara-darshanam/tattvam/shankaraH/brahma-sUtrANi/thibaut/3/3/57/
५८ 	 yoga-vAsiShTha-shAstram/Ananda-bodhendra-TIkA/4_sthiti-prakaraNam/58/
५८ 	 yoga-vAsiShTha-shAstram/Ananda-bodhendra-TIkA/5_upashama-prakaraNam/58/
58 None 	 shAnkara-darshanam/tattvam/shankaraH/brahma-sUtrANi/thibaut/3/3/58/
५९ 	 yoga-vAsiShTha-shAstram/Ananda-bodhendra-TIkA/4_sthiti-prakaraNam/59/
५९ 	 yoga-vAsiShTha-shAstram/Ananda-bodhendra-TIkA/5_upashama-prakaraNam/59/
59 None 	 shAnkara-darshanam/tattvam/shankaraH/brahma-sUtrANi/thibaut/3/3/59/
6: The Higher Knowledge 	 shAnkara-darshanam/tattvam/articles/satyanArAyaNa-shAstrI/garaNi-rAdhAkRShNaH/english-articles/Ashtavakra_Samhita/6_The_Higher_Knowledge/
६० 	 yoga-vAsiShTha-shAstram/Ananda-bodhendra-TIkA/4_sthiti-prakaraNam/60/
६० 	 yoga-vAsiShTha-shAstram/Ananda-bodhendra-TIkA/5_upashama-prakaraNam/60/
60 None 	 shAnkara-darshanam/tattvam/shankaraH/brahma-sUtrANi/thibaut/3/3/60/
६१ 	 yoga-vAsiShTha-shAstram/Ananda-bodhendra-TIkA/4_sthiti-prakaraNam/61/
६१ 	 yoga-vAsiShTha-shAstram/Ananda-bodhendra-TIkA/5_upashama-prakaraNam/61/
61 None 	 shAnkara-darshanam/tattvam/shankaraH/brahma-sUtrANi/thibaut/3/3/61/
६२ 	 yoga-vAsiShTha-shAstram/Ananda-bodhendra-TIkA/4_sthiti-prakaraNam/62/
६२ 	 yoga-vAsiShTha-shAstram/Ananda-bodhendra-TIkA/5_upashama-prakaraNam/62/
62 None 	 shAnkara-darshanam/tattvam/shankaraH/brahma-sUtrANi/thibaut/3/3/62/
६३ 	 yoga-vAsiShTha-shAstram/Ananda-bodhendra-TIkA/5_upashama-prakaraNam/63/
63 None 	 shAnkara-darshanam/tattvam/shankaraH/brahma-sUtrANi/thibaut/3/3/63/
६४ 	 yoga-vAsiShTha-shAstram/Ananda-bodhendra-TIkA/5_upashama-prakaraNam/64/
64 None 	 shAnkara-darshanam/tattvam/shankaraH/brahma-sUtrANi/thibaut/3/3/64/
६५ 	 yoga-vAsiShTha-shAstram/Ananda-bodhendra-TIkA/5_upashama-prakaraNam/65/
65 None 	 shAnkara-darshanam/tattvam/shankaraH/brahma-sUtrANi/thibaut/3/3/65/
६६ 	 yoga-vAsiShTha-shAstram/Ananda-bodhendra-TIkA/5_upashama-prakaraNam/66/
66 None 	 shAnkara-darshanam/tattvam/shankaraH/brahma-sUtrANi/thibaut/3/3/66/
६७ 	 yoga-vAsiShTha-shAstram/Ananda-bodhendra-TIkA/5_upashama-prakaraNam/67/
६८ 	 yoga-vAsiShTha-shAstram/Ananda-bodhendra-TIkA/5_upashama-prakaraNam/68/
६९ 	 yoga-vAsiShTha-shAstram/Ananda-bodhendra-TIkA/5_upashama-prakaraNam/69/
7: Nature of Self-Realization 	 shAnkara-darshanam/tattvam/articles/satyanArAyaNa-shAstrI/garaNi-rAdhAkRShNaH/english-articles/Ashtavakra_Samhita/7_Nature_of_Self-Realization/
७० 	 yoga-vAsiShTha-shAstram/Ananda-bodhendra-TIkA/5_upashama-prakaraNam/70/
७१ 	 yoga-vAsiShTha-shAstram/Ananda-bodhendra-TIkA/5_upashama-prakaraNam/71/
७२ 	 yoga-vAsiShTha-shAstram/Ananda-bodhendra-TIkA/5_upashama-prakaraNam/72/
७३ 	 yoga-vAsiShTha-shAstram/Ananda-bodhendra-TIkA/5_upashama-prakaraNam/73/
७४ 	 yoga-vAsiShTha-shAstram/Ananda-bodhendra-TIkA/5_upashama-prakaraNam/74/
७५ 	 yoga-vAsiShTha-shAstram/Ananda-bodhendra-TIkA/5_upashama-prakaraNam/75/
७६ 	 yoga-vAsiShTha-shAstram/Ananda-bodhendra-TIkA/5_upashama-prakaraNam/76/
७७ 	 yoga-vAsiShTha-shAstram/Ananda-bodhendra-TIkA/5_upashama-prakaraNam/77/
७८ 	 yoga-vAsiShTha-shAstram/Ananda-bodhendra-TIkA/5_upashama-prakaraNam/78/
8: Bondage and Liberation 	 shAnkara-darshanam/tattvam/articles/satyanArAyaNa-shAstrI/garaNi-rAdhAkRShNaH/english-articles/Ashtavakra_Samhita/8_Bondage_and_Liberation/
८० 	 yoga-vAsiShTha-shAstram/Ananda-bodhendra-TIkA/5_upashama-prakaraNam/80/
८१ 	 yoga-vAsiShTha-shAstram/Ananda-bodhendra-TIkA/5_upashama-prakaraNam/81/
८२ 	 yoga-vAsiShTha-shAstram/Ananda-bodhendra-TIkA/5_upashama-prakaraNam/82/
८३ 	 yoga-vAsiShTha-shAstram/Ananda-bodhendra-TIkA/5_upashama-prakaraNam/83/
८४ 	 yoga-vAsiShTha-shAstram/Ananda-bodhendra-TIkA/5_upashama-prakaraNam/84/
८५ 	 yoga-vAsiShTha-shAstram/Ananda-bodhendra-TIkA/5_upashama-prakaraNam/85/
८६ 	 yoga-vAsiShTha-shAstram/Ananda-bodhendra-TIkA/5_upashama-prakaraNam/86/
८७ 	 yoga-vAsiShTha-shAstram/Ananda-bodhendra-TIkA/5_upashama-prakaraNam/87/
८८ 	 yoga-vAsiShTha-shAstram/Ananda-bodhendra-TIkA/5_upashama-prakaraNam/88/
८९ 	 yoga-vAsiShTha-shAstram/Ananda-bodhendra-TIkA/5_upashama-prakaraNam/89/
9: Detachment 	 shAnkara-darshanam/tattvam/articles/satyanArAyaNa-shAstrI/garaNi-rAdhAkRShNaH/english-articles/Ashtavakra_Samhita/9_Detachment/
९० 	 yoga-vAsiShTha-shAstram/Ananda-bodhendra-TIkA/5_upashama-prakaraNam/90/
९१ 	 yoga-vAsiShTha-shAstram/Ananda-bodhendra-TIkA/5_upashama-prakaraNam/91/
९२ 	 yoga-vAsiShTha-shAstram/Ananda-bodhendra-TIkA/5_upashama-prakaraNam/92/
९३ 	 yoga-vAsiShTha-shAstram/Ananda-bodhendra-TIkA/5_upashama-prakaraNam/93/
A Critique Of John Wheeler's 'You Were Never Born' 	 shAnkara-darshanam/tattvam/en/vemuri-ramesam/a-critique-of-john-wheeler-s-you-were/
A Dialog with Jeff Foster 	 shAnkara-darshanam/tattvam/en/jeff-foster-and-dennis-waite/a-dialog-with-jeff-foster/
A Final Response to 'not two-ness' 	 shAnkara-darshanam/tattvam/en/tony-parsons/a-final-response-to-not-two-ness/
A Means of Self Knowledge 	 shAnkara-darshanam/tattvam/en/james-swartz/a-means-of-self-knowledge/
A new home page devoted to the work of Sri Atmananda Krishna Menon 	 shAnkara-darshanam/tattvam/en/atmananda-krishna-menon/a-new-home-page-devoted-to-the-work/
A new section devoted to the work of James Swartz 	 shAnkara-darshanam/tattvam/en/james-swartz/a-new-section-devoted-to-the-work-of/
A Realist View of Advaita 	 shAnkara-darshanam/tattvam/en/chittaranjan-naik/a-realist-view-of-advaita/
A response to 'not two-ness' 	 shAnkara-darshanam/tattvam/en/dennis-waite/a-response-to-not-two-ness/
A Sage (short poem) 	 shAnkara-darshanam/tattvam/en/cee/a-sage-short-poem/
A Spiritual Journey through the Vivekachudamani 	 shAnkara-darshanam/tattvam/en/v-subrahmanian/a-spiritual-journey-through-the-vivekachudamani/
A Trip to Ramanasramam 	 shAnkara-darshanam/tattvam/en/paula-marvelly/a-trip-to-ramanasramam/
A Vastness All Around 	 shAnkara-darshanam/tattvam/en/rodney-stevens/a-vastness-all-around/
A Walk in the Rain 	 shAnkara-darshanam/tattvam/en/jeff-foster/a-walk-in-the-rain/
Actual Seeing 	 shAnkara-darshanam/tattvam/en/brian-lake-naama-livni/actual-seeing/
adhyAropa - apavAda 	 shAnkara-darshanam/tattvam/en/v-subrahmanian/adhyaropa-apavada/
Advaita 	 shAnkara-darshanam/tattvam/en/chittaranjan-naik/advaita/
Advaita and Shankara 	 shAnkara-darshanam/tattvam/en/chittaranjan-naik/advaita-and-shankara/
Advaita and the Brain 	 shAnkara-darshanam/tattvam/en/chittaranjan-naik/advaita-and-the-brain/
Advaita and Western Neo-Advaita 	 shAnkara-darshanam/tattvam/en/alan-jacobs/advaita-and-western-neo-advaita/
Advaita in all shAstras 	 shAnkara-darshanam/tattvam/vishvAsaH/misadvertisement/advaita-in-all-shAstras/
Advaita sabhA ejection 2025 	 shAnkara-darshanam/tattvam/vishvAsaH/errors_fraud/not-acking-errors/advaita-sabhA-ejection_2025/
Advaita Vedanta and Buddhism 	 shAnkara-darshanam/tattvam/en/dhanya/advaita-vedanta-and-buddhism/
Advaita Vedanta: A living experience 	 shAnkara-darshanam/tattvam/en/nityanda-atman/advaita-vedanta-a-living-experience/
Adyashanti 	 shAnkara-darshanam/tattvam/en/adyashanti/
Aja Acharya 	 shAnkara-darshanam/tattvam/en/aja-acharya/
Aja Thomas 	 shAnkara-darshanam/tattvam/en/aja-thomas/
Alan Adams Jacobs 	 shAnkara-darshanam/tattvam/en/alan-adams-jacobs/
Alan Jacobs 	 shAnkara-darshanam/tattvam/en/alan-jacobs/
Alan Stoltz 	 shAnkara-darshanam/tattvam/en/alan-stoltz/
amritpAl-singh-rise 	 nAnaka-mArgaH/paramparA/sikhism/articles/amritpAl-singh-rise/
An Eternal Joy Supreme 	 shAnkara-darshanam/tattvam/en/robert-adams/an-eternal-joy-supreme/
An Interview with Francis Lucille 	 shAnkara-darshanam/tattvam/en/paula-marvelly/an-interview-with-francis-lucille/
An Interview with Jody Radzik 	 shAnkara-darshanam/tattvam/en/paula-marvelly/an-interview-with-jody-radzik/
An Interview with Ramesh Balsekar 	 shAnkara-darshanam/tattvam/en/paula-marvelly/an-interview-with-ramesh-balsekar/
An Interview with Rupert Spira 	 shAnkara-darshanam/tattvam/en/paula-marvelly/an-interview-with-rupert-spira/
An Introduction to Advaita 	 shAnkara-darshanam/tattvam/en/n-k-srinivasan/an-introduction-to-advaita/
An Overview of the SAND Conference 	 shAnkara-darshanam/tattvam/en/dhanya/an-overview-of-the-sand-conference/
Anand Hudli 	 shAnkara-darshanam/tattvam/en/anand-hudli/
Ananda Wood 	 shAnkara-darshanam/tattvam/en/ananda-wood/
Andal 	 shAnkara-darshanam/tattvam/en/paula-marvelly/andal/
Andrew Vernon commenting on Sri Ranjit Maharaj 	 shAnkara-darshanam/tattvam/en/andrew-vernon-commenting-on-sri-ranjit-maharaj/
Annette Nibley 	 shAnkara-darshanam/tattvam/en/annette-nibley/
Anon 	 shAnkara-darshanam/tattvam/en/anon/
Another response to 'not two-ness' 	 shAnkara-darshanam/tattvam/en/alan-stoltz/another-response-to-not-two-ness/
Anti-jaina 	 nAnaka-mArgaH/paramparA/sikhism/Anti-hindu_patterns/articles/Anti-jaina/
Anti-v1 	 nAnaka-mArgaH/paramparA/sikhism/Anti-hindu_patterns/articles/Anti-v1/
Appayya accommodation 	 shAnkara-darshanam/paramparA/maThaH/articles/GA/appayya-accommodation/
Atagrasin 	 shAnkara-darshanam/tattvam/en/atagrasin/
Atmananda (Krishna Menon) 	 shAnkara-darshanam/tattvam/en/philip-renard/atmananda-krishna-menon/
Attacking hindu gatherings 	 nAnaka-mArgaH/paramparA/sikhism/Anti-hindu_patterns/articles/Attacking_hindu_gatherings/
Authenticity and the Knot of the Heart 	 shAnkara-darshanam/tattvam/en/chittaranjan-naik/authenticity-and-the-knot-of-the-heart/
AvasthA traya viveka (Discrimination of the 3 States) 	 shAnkara-darshanam/tattvam/en/ananda-wood/avastha-traya-viveka-discrimination-of-the-3-states/
avidyA 	 shAnkara-darshanam/tattvam/en/v-subrahmanian/avidya/
Awareness and Experience 	 shAnkara-darshanam/tattvam/en/isaac-shapiro/awareness-and-experience/
B S Murthy 	 shAnkara-darshanam/tattvam/en/b-s-murthy/
Becoming Is The Denial Of Being (J. Krishnamurti) 	 shAnkara-darshanam/tattvam/en/moller-de-la-rouviere/becoming-is-the-denial-of-being-j-krishnamurti/
Beguilement theory origins 	 shAnkara-darshanam/tattvam/vishvAsaH/errors_fraud/motivation/beguilement-theory-origins/
Being and the Eternal Now 	 shAnkara-darshanam/tattvam/en/philip-jacobs/being-and-the-eternal-now/
Being Beyond Belief 	 shAnkara-darshanam/tattvam/en/sundance-burke/being-beyond-belief/
Being in the Moment 	 shAnkara-darshanam/tattvam/en/gina-lake/being-in-the-moment/
Being in the Present 	 shAnkara-darshanam/tattvam/en/katie-davis/being-in-the-present/
Belief in God 	 shAnkara-darshanam/tattvam/en/ramesh-krishnamurthy/belief-in-god/
Belief vs Experience 	 shAnkara-darshanam/tattvam/en/philip-t-mistlberger/belief-vs-experience/
Benjamin 	 shAnkara-darshanam/tattvam/en/benjamin/
Benjamin, Greg and Dennis 	 shAnkara-darshanam/tattvam/en/benjamin-greg-and-dennis/
Beyond the Appearance 	 shAnkara-darshanam/tattvam/en/randall-friend/beyond-the-appearance/
Bhagavad Gita II.19-24 - Reincarnation 	 shAnkara-darshanam/tattvam/en/alan-jacobs/bhagavad-gita-ii-19-24-reincarnation/
Bhagavat p Ad Abhipr Aya var Nanam 	 shAnkara-darshanam/tattvam/rAma-subba-shAstrI/bhagavat-pAdAbhiprAya-varNanam/
Bhodi Avasa 	 shAnkara-darshanam/tattvam/en/bhodi-avasa/
Bibliography 	 shAnkara-darshanam/tattvam/en/chittaranjan-naik/bibliography/
Big Bangers and Mash 	 shAnkara-darshanam/tattvam/en/david-brockman/big-bangers-and-mash/
Blasphemy 	 shAnkara-darshanam/tattvam/en/jan-kersschot/blasphemy/
Blueprints for Awakening 	 shAnkara-darshanam/tattvam/en/premananda/blueprints-for-awakening/
Bodhendra hariharAdvaita 	 shAnkara-darshanam/tattvam/nArAyaNAstra-vRndam/hari-haraikyam/bodhendra-hariharAdvaita/
Bodhi Day 	 shAnkara-darshanam/tattvam/en/tom-thompson/bodhi-day/
Both=One 	 shAnkara-darshanam/tattvam/en/john-greven/both-one/
BRAHMA VIDYA 	 shAnkara-darshanam/tattvam/articles/satyanArAyaNa-shAstrI/garaNi-rAdhAkRShNaH/english-articles/BRAHMA_VIDYA/
Brahman cannot be described by any word whatsoever 	 shAnkara-darshanam/tattvam/en/s-n-sastri/brahman-cannot-be-described-by-any-word-whatsoever/
Brian Lake & Naama Livni 	 shAnkara-darshanam/tattvam/en/brian-lake-naama-livni/
Brihadaranyaka Upanishad, IV4.1-6 - Karma 	 shAnkara-darshanam/tattvam/en/alan-jacobs/brihadaranyaka-upanishad-iv4-1-6-karma/
BS Fraud 	 shAnkara-darshanam/tattvam/vishvAsaH/errors_fraud/BS_Fraud/
Burt Harding 	 shAnkara-darshanam/tattvam/en/burt-harding/
Can the Truth ever be known? 	 shAnkara-darshanam/tattvam/en/dhanya/can-the-truth-ever-be-known/
Categories 	 categories/
Catherine Ingram 	 shAnkara-darshanam/tattvam/en/catherine-ingram/
Cee 	 shAnkara-darshanam/tattvam/en/cee/
Chakra-raxA-mantra 	 nAnaka-mArgaH/articles/chakra-raxA-mantra/
Changeless Presence 	 shAnkara-darshanam/tattvam/en/rupert-spira/changeless-presence/
Chittaranjan Naik 	 shAnkara-darshanam/tattvam/en/chittaranjan-naik/
Chocolate Cake 	 shAnkara-darshanam/tattvam/en/katie-davis/chocolate-cake/
Comment on 'Meditations on advaita' 	 shAnkara-darshanam/tattvam/en/narayana-moorty/comment-on-meditations-on-advaita/
Commentary on pa~nchadashI of shrI vidyAraNya svAmi 	 shAnkara-darshanam/tattvam/en/s-n-sastri/commentary-on-pa-nchadashi-of-shri-vidyaranya-svami/
Confusion भ्रमः 	 shAnkara-darshanam/tattvam/vishvAsaH/misadvertisement/hari-harAbhedaH/confusion/
Consciousness 	 shAnkara-darshanam/tattvam/en/timothy-schoorel/consciousness/
Creation and mAyA 	 shAnkara-darshanam/tattvam/en/ramana-maharshi/creation-and-maya/
Creation Theories in Advaita 	 shAnkara-darshanam/tattvam/en/benjamin/creation-theories-in-advaita/
Creation Theories in Advaita 	 shAnkara-darshanam/tattvam/en/vidyasankar-sundaresan/creation-theories-in-advaita/
Critical Responses to an Essay by Tony Parsons 	 shAnkara-darshanam/tattvam/en/nathan-spoon/critical-responses-to-an-essay-by-tony-parsons/
Criticism importance 	 shAnkara-darshanam/tattvam/vishvAsaH/criticism-importance/
D E Harding 	 shAnkara-darshanam/tattvam/en/d-e-harding/
D. B. Sleeth, Ph.D 	 shAnkara-darshanam/tattvam/en/d-b-sleeth/
Data errors 	 shAnkara-darshanam/tattvam/vishvAsaH/errors_fraud/data_errors/
David Brockman 	 shAnkara-darshanam/tattvam/en/david-brockman/
David Carse 	 shAnkara-darshanam/tattvam/en/david-carse/
David Spero 	 shAnkara-darshanam/tattvam/en/david-spero/
Dehi siv A 	 nAnaka-mArgaH/kAvyam/dehi_sivA/
Delight 	 shAnkara-darshanam/tattvam/en/catherine-ingram/delight/
Dennis Waite 	 shAnkara-darshanam/tattvam/en/dennis-waite/
Dhanya 	 shAnkara-darshanam/tattvam/en/dhanya/
dharma and guNa 	 shAnkara-darshanam/tattvam/en/ranjeet-sankar/dharma-and-guna/
Dialog on 'Meditations on advaita' 	 shAnkara-darshanam/tattvam/en/vemuri-ramesam-and-dennis-waite/dialog-on-meditations-on-advaita/
Dialogue with Asamvedi 	 shAnkara-darshanam/tattvam/en/anon/dialogue-with-asamvedi/
diaspora-khAlis 	 nAnaka-mArgaH/paramparA/sikhism/Anti-hindu_patterns/articles/diaspora-khAlis/
Direct versus Indirect Knowledge 	 shAnkara-darshanam/tattvam/en/satyan-chidambaran/direct-versus-indirect-knowledge/
Diving into the Heart 	 shAnkara-darshanam/tattvam/en/alan-jacobs/diving-into-the-heart/
Dr. Gregory Goode 	 shAnkara-darshanam/tattvam/en/gregory-goode/
Dr. H. Ramamoorthy and Nome 	 shAnkara-darshanam/tattvam/en/h-ramamoorthy-and-nome/
Dr. Haramohan Mishra 	 shAnkara-darshanam/tattvam/en/haramohan-mishra/
Dr. Kuntimaddi Sadananda 	 shAnkara-darshanam/tattvam/en/kuntimaddi-sadananda/
Dr. N K Srinivasan 	 shAnkara-darshanam/tattvam/en/n-k-srinivasan/
Dr. Nitin Trasi 	 shAnkara-darshanam/tattvam/en/nitin-trasi/
Dr. Shyam Subramanian 	 shAnkara-darshanam/tattvam/en/shyam-subramanian/
Dr. Vemuri Ramesam 	 shAnkara-darshanam/tattvam/en/vemuri-ramesam/
Dr. Vemuri Ramesam and Dennis Waite 	 shAnkara-darshanam/tattvam/en/vemuri-ramesam-and-dennis-waite/
drAmiDAchArya ID 	 articles/drAmiDAchArya_ID/
Drives 	 nAnaka-mArgaH/paramparA/sikhism/Drives/
Drop it All, Even "What is Truth?" 	 shAnkara-darshanam/tattvam/en/annette-nibley/drop-it-all-even-what-is-truth/
edited - Jerry Katz 	 shAnkara-darshanam/tattvam/en/jerry-katz/
Effortless Meditation 	 shAnkara-darshanam/tattvam/en/eric-putkonen/effortless-meditation/
Ego and Seeking 	 shAnkara-darshanam/tattvam/en/shawn-nevins/ego-and-seeking/
Ego, Mind and Body of a j~nAnI 	 shAnkara-darshanam/tattvam/en/v-subrahmanian/ego-mind-and-body-of-a-j-nani/
EkanAth warkaris 	 shAnkara-darshanam/paramparA/articles/eknAth_warkaris/
Eliminating Suffering 	 shAnkara-darshanam/tattvam/en/david-spero/eliminating-suffering/
Elucidation of Terms and Concepts in Vedanta 	 shAnkara-darshanam/tattvam/en/s-n-sastri/elucidation-of-terms-and-concepts-in-vedanta/
Empirical Experience and j~nAna 	 shAnkara-darshanam/tattvam/en/peter/empirical-experience-and-j-nana/
En cowell 	 shAnkara-darshanam/tattvam/mAdhava-sarva-darshana-sangrahaH/en/colwell/alt/
Eric Baret 	 shAnkara-darshanam/tattvam/en/eric-baret/
Eric Putkonen 	 shAnkara-darshanam/tattvam/en/eric-putkonen/
Everything is Brahman 	 shAnkara-darshanam/tattvam/en/atmananda-krishna-menon/everything-is-brahman/
Everything is Brahman 	 shAnkara-darshanam/tattvam/en/shyam-subramanian/everything-is-brahman/
Examining the Reality of Thoughts 	 shAnkara-darshanam/tattvam/en/gina-lake/examining-the-reality-of-thoughts/
EXPLANATION OF DIFFICULT VEDANTIC TERMS 	 shAnkara-darshanam/tattvam/articles/satyanArAyaNa-shAstrI/garaNi-rAdhAkRShNaH/english-articles/EXPLANATION_OF_DIFFICULT_VEDANTIC_TERMS/
Explanation of Illusion 	 shAnkara-darshanam/tattvam/en/michael-reidy/explanation-of-illusion/
Exploring Emptiness 	 shAnkara-darshanam/tattvam/en/nirmala/exploring-emptiness/
Faith: The Final Crutch 	 shAnkara-darshanam/tattvam/en/mark-mccloskey/faith-the-final-crutch/
Fill Your Hole 	 shAnkara-darshanam/tattvam/en/nigel-watts/fill-your-hole/
Firmly Abiding 	 shAnkara-darshanam/tattvam/en/kuntimaddi-sadananda/firmly-abiding/
Florian Tathagata Schlosser 	 shAnkara-darshanam/tattvam/en/florian-tathagata-schlosser/
Floyd Henderson 	 shAnkara-darshanam/tattvam/en/floyd-henderson/
Four types of bhaktAs 	 shAnkara-darshanam/tattvam/en/kuntimaddi-sadananda/four-types-of-bhaktas/
Francis Lucille 	 shAnkara-darshanam/tattvam/en/francis-lucille/
Frank Maiello 	 shAnkara-darshanam/tattvam/en/frank-maiello/
Free Will 	 shAnkara-darshanam/tattvam/en/ramesh-balsekar/free-will/
Free Will and Predetermination 	 shAnkara-darshanam/tattvam/en/alan-adams-jacobs/free-will-and-predetermination/
Freud's Unconscious in the Light of vedAnta 	 shAnkara-darshanam/tattvam/en/sundararajan-mohan/freud-s-unconscious-in-the-light-of-vedanta/
From the Age of the Guru to the Age of the Friend 	 shAnkara-darshanam/tattvam/en/greg-goode/from-the-age-of-the-guru-to-the/
Fundamental Human Problem 	 shAnkara-darshanam/tattvam/en/kuntimaddi-sadananda/fundamental-human-problem/
GAYATRI MANTRA 	 shAnkara-darshanam/tattvam/articles/satyanArAyaNa-shAstrI/garaNi-rAdhAkRShNaH/english-articles/GAYATRI_MANTRA/
Gina Lake 	 shAnkara-darshanam/tattvam/en/gina-lake/
gnothi seauton (Know Thyself) 	 shAnkara-darshanam/tattvam/en/ralph-waldo-emerson/gnothi-seauton-know-thyself/
God, creation and ignorance 	 shAnkara-darshanam/tattvam/en/kuntimaddi-sadananda/god-creation-and-ignorance/
God, Reality, And "Radical" Non-Dualism 	 shAnkara-darshanam/tattvam/en/d-b-sleeth/god-reality-and-radical-non-dualism/
God's Own Locksmith 	 shAnkara-darshanam/tattvam/en/lou-hawthorne/god-s-own-locksmith/
Greg Goode 	 shAnkara-darshanam/tattvam/en/greg-goode/
Guidelines to shAnkara-vedAnta 	 shAnkara-darshanam/tattvam/sachchidAnandendraH/kulakaraNi-devarAvaH/guidelines-to-shAnkara-vedAnta/
Guru Disciple Transmission 	 shAnkara-darshanam/tattvam/en/bhodi-avasa/guru-disciple-transmission/
Happiness 	 shAnkara-darshanam/tattvam/en/dhanya/happiness/
Happiness Is Here Right Now 	 shAnkara-darshanam/tattvam/en/gina-lake/happiness-is-here-right-now/
hazUrIs 	 nAnaka-mArgaH/paramparA/sikhism/articles/hazUrIs/
HH Pujya Swami Dayananda Saraswati: New Ideas for Old 	 shAnkara-darshanam/tattvam/en/peter-bonnici/hh-pujya-swami-dayananda-saraswati-new-ideas-for/
Hindu to sikh 	 nAnaka-mArgaH/paramparA/sikhism/Anti-hindu_patterns/hindu-to-sikh/
Hindu view 	 nAnaka-mArgaH/paramparA/sikhism/hindu-view/
How perfect is the 'Perfect' Prayer 	 shAnkara-darshanam/tattvam/en/peter-bonnici/how-perfect-is-the-perfect-prayer/
I Once Worried 	 shAnkara-darshanam/tattvam/en/orva-schrock/i-once-worried/
Iconoclasm 	 nAnaka-mArgaH/paramparA/sikhism/Anti-hindu_patterns/iconoclasm/
Idealism and the World 	 shAnkara-darshanam/tattvam/en/gregory-goode/idealism-and-the-world/
Identification 	 shAnkara-darshanam/tattvam/en/swami-satchidananda/identification/
Identity Formation 	 shAnkara-darshanam/tattvam/en/nirmala/identity-formation/
Illusory Nature of the World 	 shAnkara-darshanam/tattvam/en/andrew-vernon-commenting-on-sri-ranjit-maharaj/illusory-nature-of-the-world/
Imposition आरोपः 	 shAnkara-darshanam/tattvam/vishvAsaH/misadvertisement/hari-harAbhedaH/imposition/
India hindu rejection 	 nAnaka-mArgaH/paramparA/sikhism/articles/india-hindu-rejection/
Infirmities in karma theory 	 shAnkara-darshanam/tattvam/en/vemuri-ramesam/infirmities-in-karma-theory/
Influence 	 shAnkara-darshanam/paramparA/maThaH/articles/influence/
Intro 	 shAnkara-darshanam/tattvam/shankaraH/brahma-sUtrANi/thibaut/0/intro/
INTRODUCTION 	 shAnkara-darshanam/tattvam/sachchidAnandendraH/mUlAvidyA-nirAsaH/0/INTRODUCTION/
Is Self Knowledge Beyond the Intellect? 	 shAnkara-darshanam/tattvam/en/satyan-chidambaran/is-self-knowledge-beyond-the-intellect/
Is This Advaita or Not??? 	 shAnkara-darshanam/tattvam/en/shunyamurti/is-this-advaita-or-not/
Isaac Shapiro 	 shAnkara-darshanam/tattvam/en/isaac-shapiro/
Ishvara 	 shAnkara-darshanam/tattvam/en/chittaranjan-naik/ishvara/
jai-singh and bangla-sAhib 	 nAnaka-mArgaH/paramparA/sikhism/articles/jai-singh_bangla-sAhib/
James Braha 	 shAnkara-darshanam/tattvam/en/james-braha/
James M. Corrigan 	 shAnkara-darshanam/tattvam/en/james-m-corrigan/
James Swartz 	 shAnkara-darshanam/tattvam/en/james-swartz/
Jan Kersschot 	 shAnkara-darshanam/tattvam/en/jan-kersschot/
Janaka Stagnaro 	 shAnkara-darshanam/tattvam/en/janaka-stagnaro/
Jason James Morgan 	 shAnkara-darshanam/tattvam/en/jason-james-morgan/
Jean-Pierre Gomez 	 shAnkara-darshanam/tattvam/en/jean-pierre-gomez/
Jeff Foster 	 shAnkara-darshanam/tattvam/en/jeff-foster/
Jeff Foster and Dennis Waite 	 shAnkara-darshanam/tattvam/en/jeff-foster-and-dennis-waite/
jIva, brahman Itself deluded as it were 	 shAnkara-darshanam/tattvam/en/v-subrahmanian/jiva-brahman-itself-deluded-as-it-were/
Joan Tollifson 	 shAnkara-darshanam/tattvam/en/joan-tollifson/
John Astin 	 shAnkara-darshanam/tattvam/en/john-astin/
John Greven 	 shAnkara-darshanam/tattvam/en/john-greven/
Justus Kramer Schippers 	 shAnkara-darshanam/tattvam/en/justus-kramer-schippers/
Jyotir maTha 	 shAnkara-darshanam/paramparA/maThaH/articles/jyotir-maTha/
jyotirmaTha lineage 	 shAnkara-darshanam/paramparA/maThaH/articles/vidyAshankaraH/jyotirmaTha-lineage/
kAnchI-maTha-history 94 	 shAnkara-darshanam/paramparA/maThaH/articles/vidyAshankaraH/kAnchI-maTha-history_94/
Karl Renz 	 shAnkara-darshanam/tattvam/en/karl-renz/
Katha Upanishad as a means for Self-knowledge 	 shAnkara-darshanam/tattvam/en/dhanya/katha-upanishad-as-a-means-for-self-knowledge/
Katie Davis 	 shAnkara-darshanam/tattvam/en/katie-davis/
khAlistAn context 	 nAnaka-mArgaH/paramparA/sikhism/Anti-hindu_patterns/khAlistAn_context/
Knowledge - Oneness in spite of duality 	 shAnkara-darshanam/tattvam/en/madathil-nair/knowledge-oneness-in-spite-of-duality/
Language errors 	 shAnkara-darshanam/tattvam/vishvAsaH/errors_fraud/Language_errors/
Leo Hartong 	 shAnkara-darshanam/tattvam/en/leo-hartong/
Leonard Jacobson 	 shAnkara-darshanam/tattvam/en/leonard-jacobson/
Live Happily the Gita Way 	 shAnkara-darshanam/tattvam/en/v-krishnamurthy/live-happily-the-gita-way/
Living without Mirrors 	 shAnkara-darshanam/tattvam/en/gina-lake/living-without-mirrors/
Liz Jones 	 shAnkara-darshanam/tattvam/en/liz-jones/
Logical errors 	 shAnkara-darshanam/tattvam/vishvAsaH/errors_fraud/Logical_errors/
Looking for Fulfillment 	 shAnkara-darshanam/tattvam/en/philip-t-mistlberger/looking-for-fulfillment/
Losing Your Presence of Mind 	 shAnkara-darshanam/tattvam/en/robin-dale/losing-your-presence-of-mind/
Lou Hawthorne 	 shAnkara-darshanam/tattvam/en/lou-hawthorne/
Love Is for Giving, Not for Getting 	 shAnkara-darshanam/tattvam/en/nirmala/love-is-for-giving-not-for-getting/
Madathil Nair 	 shAnkara-darshanam/tattvam/en/madathil-nair/
mAdhva-shAnkara squabble 	 shAnkara-darshanam/tattvam/vishvAsaH/mAdhva-shAnkara-squabble/
Making the Advaita Teachings Relevant Until the Illusion of Relevance Disappears 	 shAnkara-darshanam/tattvam/en/floyd-henderson/making-the-advaita-teachings-relevant-until-the-illusion/
MaNDana vs sureshvara 	 shAnkara-darshanam/paramparA/maNDana-vs-sureshvara/
manjurshrI-2023-transcript 	 shAnkara-darshanam/kAvaym/padyam/shankara-digvijayaH/mAdhavIyaH/meta/manjurshrI-2023-transcript/
Maren Springsteen 	 shAnkara-darshanam/tattvam/en/maren-springsteen/
Mariana Caplan 	 shAnkara-darshanam/tattvam/en/mariana-caplan/
Mark McCloskey 	 shAnkara-darshanam/tattvam/en/mark-mccloskey/
Mat Abhim Ana vi JN Apanam 	 shAnkara-darshanam/tattvam/articles/matAbhimAna-viJNApanam/
maTha-affiliation 	 shAnkara-darshanam/paramparA/maThaH/articles/GA/maTha-affiliation/
Matthew West 	 shAnkara-darshanam/tattvam/en/matthew-west/
Meaningless Words 	 shAnkara-darshanam/tattvam/en/liz-jones/meaningless-words/
Meditation 	 shAnkara-darshanam/tattvam/en/eric-baret/meditation/
Meditations on advaita 	 shAnkara-darshanam/tattvam/en/vemuri-ramesam/meditations-on-advaita/
Meeting with Sailor Bob 	 shAnkara-darshanam/tattvam/en/james-braha/meeting-with-sailor-bob/
Merging with the Self? 	 shAnkara-darshanam/tattvam/en/alan-stoltz/merging-with-the-self/
Michael James 	 shAnkara-darshanam/tattvam/en/michael-james/
Michael Reidy 	 shAnkara-darshanam/tattvam/en/michael-reidy/
Mieke Berger Ph. D 	 shAnkara-darshanam/tattvam/en/mieke-berger/
Mike Graham 	 shAnkara-darshanam/tattvam/en/mike-graham/
Misc gurus 	 shAnkara-darshanam/tattvam/vishvAsaH/errors_fraud/misc-gurus/
mithyA and pa~ncha kosha 	 shAnkara-darshanam/tattvam/en/dhanya/mithya-and-pa-ncha-kosha/
Moksha 	 shAnkara-darshanam/tattvam/en/swami-dayananda-saraswati/moksha/
Moller de la Rouviere 	 shAnkara-darshanam/tattvam/en/moller-de-la-rouviere/
Moller de la Rouviere, Tony Parsons and Alan Stoltz 	 shAnkara-darshanam/tattvam/en/moller-de-la-rouviere-tony-parsons-and-alan-stoltz/
Monica Alderton 	 shAnkara-darshanam/tattvam/en/monica-alderton/
Motivation for BS comment 	 shAnkara-darshanam/tattvam/vishvAsaH/errors_fraud/motivation/motivation_for_BS/
Mouna 	 shAnkara-darshanam/tattvam/en/mouna/
Mundane Distortions in the Divine Discourse 	 shAnkara-darshanam/tattvam/en/b-s-murthy/mundane-distortions-in-the-divine-discourse/
Musings 	 shAnkara-darshanam/tattvam/articles/satyanArAyaNa-shAstrI/musings/
NAASADIYA SUKTA 	 shAnkara-darshanam/tattvam/articles/satyanArAyaNa-shAstrI/garaNi-rAdhAkRShNaH/english-articles/NAASADIYA_SUKTA/
NaTarAja on kuDali list 	 shAnkara-darshanam/paramparA/articles/mAneshiNDe-naTarAjaH/naTarAja_on_kuDali-list/
Nathan Gill 	 shAnkara-darshanam/tattvam/en/nathan-gill/
Nathan Spoon 	 shAnkara-darshanam/tattvam/en/nathan-spoon/
Neo-Advaita - Revised Essay 	 shAnkara-darshanam/tattvam/en/james-swartz/neo-advaita-revised-essay/
Neuronal Correlates of a Jivanmukta 	 shAnkara-darshanam/tattvam/en/ramesam-vemuri/neuronal-correlates-of-a-jivanmukta/
Nigel Watts 	 shAnkara-darshanam/tattvam/en/nigel-watts/
Nirmala 	 shAnkara-darshanam/tattvam/en/nirmala/
Nityanda Atman 	 shAnkara-darshanam/tattvam/en/nityanda-atman/
No claim, no blame, no fame 	 shAnkara-darshanam/tattvam/en/leo-hartong/no-claim-no-blame-no-fame/
No hari-haraikya 	 shAnkara-darshanam/tattvam/nArAyaNAstra-vRndam/hari-haraikyam/no-hari-haraikya/
No Mind 	 shAnkara-darshanam/tattvam/en/nathan-gill/no-mind/
Nome 	 shAnkara-darshanam/tattvam/en/nome/
Nonduality And Nihilism 	 shAnkara-darshanam/tattvam/en/jeff-foster/nonduality-and-nihilism/
Not Knowing 	 shAnkara-darshanam/tattvam/en/dhanya/not-knowing/
Nothing But Relationship 	 shAnkara-darshanam/tattvam/en/sundance-burke/nothing-but-relationship/
Nothing wrong with silence 	 shAnkara-darshanam/tattvam/en/jeff-foster/nothing-wrong-with-silence/
Nouk Sanchez & Tomas Vieira 	 shAnkara-darshanam/tattvam/en/nouk-sanchez-tomas-vieira/
NRsiMha sarasvatI & shRngeri 	 shAnkara-darshanam/paramparA/articles/mAneshiNDe-naTarAjaH/nRsiMha-sarasvatI_shRngeri/
Oberhammer pAncharAtra source 	 shAnkara-darshanam/tattvam/shankaraH/brahma-sUtrANi/articles/oberhammer-pAncharAtra-source/
Objectives of Life - puruShArtha and karma 	 shAnkara-darshanam/tattvam/en/ram-chandran/objectives-of-life-purushartha-and-karma/
On Berkeley and Advaita 	 shAnkara-darshanam/tattvam/en/chittaranjan-naik/on-berkeley-and-advaita/
On Creation 	 shAnkara-darshanam/tattvam/en/vidyasankar-sundaresan/on-creation/
On SarvajnAtman sanxepa-shArIrikam 	 shAnkara-darshanam/tattvam/nArAyaNAstra-vRndam/sarvajnAtman_sanxepa-shArIrikam/
On the Mumbai Terrorist Attacks 	 shAnkara-darshanam/tattvam/en/kuntimaddi-sadananda/on-the-mumbai-terrorist-attacks/
One: Essential Writings on Nonduality 	 shAnkara-darshanam/tattvam/en/jerry-katz/one-essential-writings-on-nonduality/
Oneness 	 shAnkara-darshanam/tattvam/en/mieke-berger/oneness/
Only the Self is Real 	 shAnkara-darshanam/tattvam/en/nisargadatta-maharaj/only-the-self-is-real/
Ontology 	 shAnkara-darshanam/tattvam/en/chittaranjan-naik/ontology/
Orva Schrock 	 shAnkara-darshanam/tattvam/en/orva-schrock/
P. Sethuraman 	 shAnkara-darshanam/tattvam/en/p-sethuraman/
paramArtha-vyavahAra-pratibhAsa: a differentiation 	 shAnkara-darshanam/tattvam/en/v-krishnamurthy/paramartha-vyavahara-pratibhasa-a-differentiation/
Parameshvara and nirguNa brahman 	 shAnkara-darshanam/tattvam/vishvAsaH/errors_fraud/parameshvara_and_nirguNa-brahman/
Paula Marvelly 	 shAnkara-darshanam/tattvam/en/paula-marvelly/
Perfect Brilliant Stillness - Comments on the book 	 shAnkara-darshanam/tattvam/en/david-carse/perfect-brilliant-stillness-comments-on-the-book/
Peripheral Vision 	 shAnkara-darshanam/tattvam/en/david-carse/peripheral-vision/
Personal God 	 shAnkara-darshanam/tattvam/en/dhanya/personal-god/
Personal God and Nondual Awareness 	 shAnkara-darshanam/tattvam/en/dhanya/personal-god-and-nondual-awareness/
Peter 	 shAnkara-darshanam/tattvam/en/peter/
Peter Bonnici 	 shAnkara-darshanam/tattvam/en/peter-bonnici/
Peter Dziuban 	 shAnkara-darshanam/tattvam/en/peter-dziuban/
Peter freund 	 shAnkara-darshanam/paramparA/articles/peter-freund/
Philip Jacobs 	 shAnkara-darshanam/tattvam/en/philip-jacobs/
Philip Renard 	 shAnkara-darshanam/tattvam/en/philip-renard/
Philip T. Mistlberger 	 shAnkara-darshanam/tattvam/en/philip-t-mistlberger/
Pointing to Ananda 	 shAnkara-darshanam/tattvam/en/atagrasin/pointing-to-ananda/
Potential Problems with Schools 	 shAnkara-darshanam/tattvam/en/dennis-waite/potential-problems-with-schools/
Practice of Advaita 	 shAnkara-darshanam/tattvam/en/n-k-srinivasan/practice-of-advaita/
pramANas for brahman 	 shAnkara-darshanam/tattvam/articles/pramANas_for_brahman/
pratibandhaka-s 	 shAnkara-darshanam/tattvam/en/dhanya/pratibandhaka-s/
Prelude to Ontology 	 shAnkara-darshanam/tattvam/en/chittaranjan-naik/prelude-to-ontology/
Premananda 	 shAnkara-darshanam/tattvam/en/premananda/
Presence - Awareness 	 shAnkara-darshanam/tattvam/en/john-greven/presence-awareness/
Pro-hindu patterns 	 nAnaka-mArgaH/paramparA/sikhism/Pro-hindu_patterns/
Problem of Evil 	 shAnkara-darshanam/tattvam/en/chittaranjan-naik/problem-of-evil/
Professor Gummuluru Murthy 	 shAnkara-darshanam/tattvam/en/gummuluru-murthy/
Professor Narayana Moorty 	 shAnkara-darshanam/tattvam/en/narayana-moorty/
Professor V. Krishnamurthy 	 shAnkara-darshanam/tattvam/en/v-krishnamurthy/
PUBLISHERS NOTE 	 shAnkara-darshanam/tattvam/sachchidAnandendraH/mUlAvidyA-nirAsaH/0/PUBLISHERS_NOTE/
Purnamadah Purnamidam Revisited 	 shAnkara-darshanam/tattvam/en/madathil-nair/purnamadah-purnamidam-revisited/
Qualifications 	 shAnkara-darshanam/tattvam/en/james-swartz/qualifications/
Quantum mithyAtvam? 	 shAnkara-darshanam/tattvam/pratoShaH/quantum-mithyAtvam/
Ralph Waldo Emerson 	 shAnkara-darshanam/tattvam/en/ralph-waldo-emerson/
Ram Chandran 	 shAnkara-darshanam/tattvam/en/ram-chandran/
Ramana Maharshi 	 shAnkara-darshanam/tattvam/en/ramana-maharshi/
Ramesam Vemuri 	 shAnkara-darshanam/tattvam/en/ramesam-vemuri/
Ramesh Balsekar 	 shAnkara-darshanam/tattvam/en/ramesh-balsekar/
Ramesh Krishnamurthy 	 shAnkara-darshanam/tattvam/en/ramesh-krishnamurthy/
Ramesh Krishnamurthy, Kuntimaddi Sadananda and Shyam Subramanian 	 shAnkara-darshanam/tattvam/en/ramesh-krishnamurthy-kuntimaddi-sadananda-and-shyam-subramanian/
Randall Friend 	 shAnkara-darshanam/tattvam/en/randall-friend/
Ranjeet Sankar 	 shAnkara-darshanam/tattvam/en/ranjeet-sankar/
Raphael 	 shAnkara-darshanam/tattvam/en/raphael/
Ravilochana on dates 	 shAnkara-darshanam/paramparA/maThaH/articles/ravilochana_on_dates/
Reality and Suffering 	 shAnkara-darshanam/tattvam/en/madathil-nair/reality-and-suffering/
Reality of the World 	 shAnkara-darshanam/tattvam/en/frank-maiello/reality-of-the-world/
Realization in the 'pot universe' 	 shAnkara-darshanam/tattvam/en/shyam-subramanian/realization-in-the-pot-universe/
Reason for vRRitti at the location of the object 	 shAnkara-darshanam/tattvam/en/s-n-sastri/reason-for-vrritti-at-the-location-of-the/
Reconciliation of duality and non-duality 	 shAnkara-darshanam/tattvam/en/dhanya/reconciliation-of-duality-and-non-duality/
Reconciliation of Fate and Freewill 	 shAnkara-darshanam/tattvam/en/ramesh-krishnamurthy-kuntimaddi-sadananda-and-shyam-subramanian/reconciliation-of-fate-and-freewill/
Reflections 	 shAnkara-darshanam/tattvam/en/stephen-wingate/reflections/
Reincarnation 	 shAnkara-darshanam/tattvam/en/kuntimaddi-sadananda/reincarnation/
Reincarnation and Advaita 	 shAnkara-darshanam/tattvam/en/madathil-nair/reincarnation-and-advaita/
Responsibility 	 shAnkara-darshanam/tattvam/en/justus-kramer-schippers/responsibility/
Richard Sylvester 	 shAnkara-darshanam/tattvam/en/richard-sylvester/
Right Now! In This Moment 	 shAnkara-darshanam/tattvam/en/aja-acharya/right-now-in-this-moment/
Robert Adams 	 shAnkara-darshanam/tattvam/en/robert-adams/
Robin Dale 	 shAnkara-darshanam/tattvam/en/robin-dale/
Rodney Stevens 	 shAnkara-darshanam/tattvam/en/rodney-stevens/
Roy Whenary 	 shAnkara-darshanam/tattvam/en/roy-whenary/
Rupert Spira 	 shAnkara-darshanam/tattvam/en/rupert-spira/
S N Sastri 	 shAnkara-darshanam/tattvam/en/s-n-sastri/
SaguNa brahman 	 shAnkara-darshanam/tattvam/ravilochanaH/saguNa-brahman/
SaguNa-brahma krama-mukti 	 shAnkara-darshanam/tattvam/nArAyaNAstra-vRndam/saguNa-brahma_krama-mukti/
samAdhi - Different Types acc. to Ramana Maharshi, summarized 	 shAnkara-darshanam/tattvam/en/peter/samadhi-different-types-acc-to-ramana-maharshi-summarized/
Satyan Chidambaran 	 shAnkara-darshanam/tattvam/en/satyan-chidambaran/
savikalpa samAdhi 	 shAnkara-darshanam/tattvam/en/jason-james-morgan/savikalpa-samadhi/
sAyaNa 	 shAnkara-darshanam/paramparA/articles/sAyaNaH/
Schisms 	 shAnkara-darshanam/tattvam/vishvAsaH/schisms/
Schools of Philosophy 	 shAnkara-darshanam/tattvam/en/p-sethuraman/schools-of-philosophy/
Science and Knowledge 	 shAnkara-darshanam/tattvam/en/chittaranjan-naik/science-and-knowledge/
Science and Reality 	 shAnkara-darshanam/tattvam/en/ananda-wood/science-and-reality/
Scott Kiloby 	 shAnkara-darshanam/tattvam/en/scott-kiloby/
Searching After Truth 	 shAnkara-darshanam/tattvam/en/aja-acharya/searching-after-truth/
Sects 	 nAnaka-mArgaH/paramparA/sects/
Self Realization and the Parables of Plato and Bhagavan 	 shAnkara-darshanam/tattvam/en/sundararajan-mohan/self-realization-and-the-parables-of-plato-and/
Self Revealed 	 shAnkara-darshanam/tattvam/en/nome/self-revealed/
Self-knowledge and the Mind 	 shAnkara-darshanam/tattvam/en/dhanya/self-knowledge-and-the-mind/
Shaṅkaravijaya History 	 shAnkara-darshanam/paramparA/maThaH/articles/vidyAshankaraH/shankara-vijaya-history/
Shawn Nevins 	 shAnkara-darshanam/tattvam/en/shawn-nevins/
Shiva-lIlAH 	 shAnkara-darshanam/tattvam/nArAyaNAstra-vRndam/hari-haraikyam/shiva-lIlAH/
ShivAnanda illustrations / dRShThTAnta 	 shAnkara-darshanam/tattvam/articles/shivAnanda-illustrations-dRSThTAnta/
Shopping in the Mall of the Mind 	 shAnkara-darshanam/tattvam/en/sundance-burke/shopping-in-the-mall-of-the-mind/
shravaNa, manana and nididhyAsana 	 shAnkara-darshanam/tattvam/en/shyam-subramanian/shravana-manana-and-nididhyasana/
Shri Satchidanandendra Saraswati Swamiji 	 shAnkara-darshanam/tattvam/sachchidAnandendraH/mUlAvidyA-nirAsaH/0/Shri_Satchidanandendra_Saraswati_Swamiji/
Shunyamurti 	 shAnkara-darshanam/tattvam/en/shunyamurti/
sikh-jATification 	 nAnaka-mArgaH/paramparA/sikhism/articles/sikh-jATification/
SmArta-roga 	 shAnkara-darshanam/paramparA/maThaH/articles/GA/smArta-roga/
Some observations on Shankara's adhyAsa bhAShya 	 shAnkara-darshanam/tattvam/en/michael-reidy/some-observations-on-shankara-s-adhyasa-bhashya/
Sorting out 'I', 'ego', BMI, jIva, Ishvara and Atman 	 shAnkara-darshanam/tattvam/en/kuntimaddi-sadananda/sorting-out-i-ego-bmi-jiva-ishvara-and/
Spiritual Experiences 	 shAnkara-darshanam/tattvam/en/philip-t-mistlberger/spiritual-experiences/
Spiritual Humanism Asks: What Is Enlightenment? 	 shAnkara-darshanam/tattvam/en/moller-de-la-rouviere/spiritual-humanism-asks-what-is-enlightenment/
Spiritual Humanism versus Neo-Advaita 	 shAnkara-darshanam/tattvam/en/moller-de-la-rouviere-tony-parsons-and-alan-stoltz/spiritual-humanism-versus-neo-advaita/
Spiritual Paths 	 shAnkara-darshanam/tattvam/en/richard-sylvester/spiritual-paths/
Spiritual Practice 	 shAnkara-darshanam/tattvam/en/mike-graham/spiritual-practice/
Spiritual Seeking and Truth 	 shAnkara-darshanam/tattvam/en/nouk-sanchez-tomas-vieira/spiritual-seeking-and-truth/
sraddha 	 shAnkara-darshanam/tattvam/en/dhanya/sraddha/
Sri Atmananda Krishna Menon 	 shAnkara-darshanam/tattvam/en/atmananda-krishna-menon/
Sri Nisargadatta Maharaj 	 shAnkara-darshanam/tattvam/en/nisargadatta-maharaj/
Stephen Wingate 	 shAnkara-darshanam/tattvam/en/stephen-wingate/
Stig Lundgren 	 shAnkara-darshanam/tattvam/en/stig-lundgren/
Stuart Schwartz 	 shAnkara-darshanam/tattvam/en/stuart-schwartz/
Success contra buddhus 	 shAnkara-darshanam/tattvam/vishvAsaH/misadvertisement/success_contra_buddhus/
Suffering 	 shAnkara-darshanam/tattvam/en/sailor-bob-adamson/suffering/
Sukhbir Singh 	 shAnkara-darshanam/tattvam/en/sukhbir-singh/
Summary 	 shAnkara-darshanam/tattvam/en/chittaranjan-naik/summary/
Sundance Burke 	 shAnkara-darshanam/tattvam/en/sundance-burke/
Sundararajan Mohan 	 shAnkara-darshanam/tattvam/en/sundararajan-mohan/
Surjectivity 	 shAnkara-darshanam/tattvam/en/james-m-corrigan/surjectivity/
Susan Kahn 	 shAnkara-darshanam/tattvam/en/susan-kahn/
Swami Dayananda Saraswati 	 shAnkara-darshanam/tattvam/en/swami-dayananda-saraswati/
Swami Satchidananda 	 shAnkara-darshanam/tattvam/en/swami-satchidananda/
Tags 	 tags/
Tan 	 shAnkara-darshanam/tattvam/en/tan/
tApa saMskAraH 	 shAnkara-darshanam/kriyA/tApa-saMskAraH/
Tapta mudrA nindA 	 shAnkara-darshanam/kriyA/maThada-hRShIkeshaH/tapta-mudrA-nindA/
Tattva Bodha in a nutshell 	 shAnkara-darshanam/tattvam/en/peter-bonnici/tattva-bodha-in-a-nutshell/
Teachers and Enlightenment 	 shAnkara-darshanam/tattvam/en/roy-whenary/teachers-and-enlightenment/
Teachers and the Truth 	 shAnkara-darshanam/tattvam/en/wayne-liquorman/teachers-and-the-truth/
Teaching: the Guide versus the Confessor 	 shAnkara-darshanam/tattvam/en/jerry-katz/teaching-the-guide-versus-the-confessor/
Temple attacks 	 nAnaka-mArgaH/paramparA/sikhism/Anti-hindu_patterns/articles/Temple_attacks/
Texts 	 nAnaka-mArgaH/Texts/
The answer is in the disappearance of the questioner 	 shAnkara-darshanam/tattvam/en/adyashanti/the-answer-is-in-the-disappearance-of-the/
The Art of Surrender 	 shAnkara-darshanam/tattvam/en/robert-adams/the-art-of-surrender/
The Assimilation of Experience 	 shAnkara-darshanam/tattvam/en/james-swartz/the-assimilation-of-experience/
The Castle on the Hill 	 shAnkara-darshanam/tattvam/en/jason-james-morgan/the-castle-on-the-hill/
The Cause of Suffering 	 shAnkara-darshanam/tattvam/en/gina-lake/the-cause-of-suffering/
The Changing Form of the Immanent 	 shAnkara-darshanam/tattvam/en/raphael/the-changing-form-of-the-immanent/
The Crest-jewel of Sri Ramana's Teaching 	 shAnkara-darshanam/tattvam/en/michael-james/the-crest-jewel-of-sri-ramana-s-teaching/
The Daydream Unmasked 	 shAnkara-darshanam/tattvam/en/jan-kersschot/the-daydream-unmasked/
The Divine Misconception 	 shAnkara-darshanam/tattvam/en/tony-parsons/the-divine-misconception/
The Dream Analogy 	 shAnkara-darshanam/tattvam/en/chittaranjan-naik/the-dream-analogy/
The End of Becoming 	 shAnkara-darshanam/tattvam/en/dhanya/the-end-of-becoming/
The Enlightenment 'event' 	 shAnkara-darshanam/tattvam/en/gregory-goode/the-enlightenment-event/
The Evolution of Consciousness 	 shAnkara-darshanam/tattvam/en/burt-harding/the-evolution-of-consciousness/
The Experience and The Meaning 	 shAnkara-darshanam/tattvam/en/d-e-harding/the-experience-and-the-meaning/
The Fundamentals of the Bhakti Tradition in Hinduism 	 shAnkara-darshanam/tattvam/en/v-krishnamurthy/the-fundamentals-of-the-bhakti-tradition-in-hinduism/
The Heart's Wisdom 	 shAnkara-darshanam/tattvam/en/nirmala/the-heart-s-wisdom/
The Horse's Mouth: An essay on the 'lineage' game 	 shAnkara-darshanam/tattvam/en/james-swartz/the-horse-s-mouth-an-essay-on-the/
The Hypnotic Dream of Separation 	 shAnkara-darshanam/tattvam/en/tony-parsons/the-hypnotic-dream-of-separation/
The Illusion of Time and Reality 	 shAnkara-darshanam/tattvam/en/florian-tathagata-schlosser/the-illusion-of-time-and-reality/
The karma yoga attitude 	 shAnkara-darshanam/tattvam/en/dhanya/the-karma-yoga-attitude/
The Knot of the Heart 	 shAnkara-darshanam/tattvam/en/dhanya/the-knot-of-the-heart/
The Knower of Brahman becomes Brahman 	 shAnkara-darshanam/tattvam/en/kuntimaddi-sadananda/the-knower-of-brahman-becomes-brahman/
The locus of avidyA 	 shAnkara-darshanam/tattvam/en/shyam-subramanian/the-locus-of-avidya/
The Man Who Wasn't There 	 shAnkara-darshanam/tattvam/en/nitin-trasi/the-man-who-wasn-t-there/
The meaning of the mahAvAkya 'tat tvam asi' 	 shAnkara-darshanam/tattvam/en/s-n-sastri/the-meaning-of-the-mahavakya-tat-tvam-asi/
The Merry-go-round 	 shAnkara-darshanam/tattvam/en/karl-renz/the-merry-go-round/
The mokSha ladder 	 shAnkara-darshanam/tattvam/en/peter-bonnici/the-moksha-ladder/
The Movie Metaphor for Realizing the Self 	 shAnkara-darshanam/tattvam/en/mouna/the-movie-metaphor-for-realizing-the-self/
The Myth of Desire 	 shAnkara-darshanam/tattvam/en/gina-lake/the-myth-of-desire/
The Ocean of Liberated Bliss 	 shAnkara-darshanam/tattvam/en/david-spero/the-ocean-of-liberated-bliss/
The Path of Knowledge 	 shAnkara-darshanam/tattvam/en/gummuluru-murthy/the-path-of-knowledge/
The Phenomenon 	 shAnkara-darshanam/tattvam/en/stuart-schwartz/the-phenomenon/
The Pointlessness of Practice 	 shAnkara-darshanam/tattvam/en/katie-davis/the-pointlessness-of-practice/
The Powers of mAyA 	 shAnkara-darshanam/tattvam/en/anand-hudli/the-powers-of-maya/
The preamble 	 shAnkara-darshanam/tattvam/en/chittaranjan-naik/the-preamble/
The Problem and the Solution 	 shAnkara-darshanam/tattvam/en/dhanya/the-problem-and-the-solution/
The Purusharthas: Four aims of human motivation 	 shAnkara-darshanam/tattvam/en/ananda-wood/the-purusharthas-four-aims-of-human-motivation/
The Razor's Edge 	 shAnkara-darshanam/tattvam/en/chittaranjan-naik/the-razor-s-edge/
The Real and the Unreal 	 shAnkara-darshanam/tattvam/en/chittaranjan-naik/the-real-and-the-unreal/
The Reality Divide 	 shAnkara-darshanam/tattvam/en/chittaranjan-naik/the-reality-divide/
The Relation-less Truth 	 shAnkara-darshanam/tattvam/en/raphael/the-relation-less-truth/
The Revelation of Oneness 	 shAnkara-darshanam/tattvam/en/jeff-foster/the-revelation-of-oneness/
The Role of Scriptures in Enlightenment 	 shAnkara-darshanam/tattvam/en/stig-lundgren/the-role-of-scriptures-in-enlightenment/
The Simplicity of What Is 	 shAnkara-darshanam/tattvam/en/joan-tollifson/the-simplicity-of-what-is/
The Song of Ribhu - translated 	 shAnkara-darshanam/tattvam/en/h-ramamoorthy-and-nome/the-song-of-ribhu-translated/
The Song of the Vedas (Shruti Gita) 	 shAnkara-darshanam/tattvam/en/v-krishnamurthy/the-song-of-the-vedas-shruti-gita/
The Tenth Man 	 shAnkara-darshanam/tattvam/en/dhanya/the-tenth-man/
The Three Faces of Advaita 	 shAnkara-darshanam/tattvam/en/aja-thomas/the-three-faces-of-advaita/
The Three States - A Fresh Perspective 	 shAnkara-darshanam/tattvam/en/madathil-nair/the-three-states-a-fresh-perspective/
The Tree in the Yard 	 shAnkara-darshanam/tattvam/en/michael-reidy/the-tree-in-the-yard/
The Way We Understand the World 	 shAnkara-darshanam/tattvam/en/haramohan-mishra/the-way-we-understand-the-world/
There never was anything other than That 	 shAnkara-darshanam/tattvam/en/jean-pierre-gomez/there-never-was-anything-other-than-that/
Time Never Began 	 shAnkara-darshanam/tattvam/en/peter-dziuban/time-never-began/
Timothy Schoorel 	 shAnkara-darshanam/tattvam/en/timothy-schoorel/
Tom Stine 	 shAnkara-darshanam/tattvam/en/tom-stine/
Tom Thompson 	 shAnkara-darshanam/tattvam/en/tom-thompson/
Tony Parsons 	 shAnkara-darshanam/tattvam/en/tony-parsons/
Traditional not two-ness is better than Neo not two-ness ??? 	 shAnkara-darshanam/tattvam/en/tony-parsons/traditional-not-two-ness-is-better-than-neo/
Traditional vs neo-Advaita 	 shAnkara-darshanam/tattvam/en/n-k-srinivasan/traditional-vs-neo-advaita/
True Self 	 shAnkara-darshanam/tattvam/en/eric-putkonen/true-self/
Trust 	 shAnkara-darshanam/tattvam/en/janaka-stagnaro/trust/
Truth, Appearance and Reality 	 shAnkara-darshanam/tattvam/en/ram-chandran/truth-appearance-and-reality/
turIya and turyatita 	 shAnkara-darshanam/tattvam/en/peter/turiya-and-turyatita/
Two Poems 	 shAnkara-darshanam/tattvam/en/john-astin/two-poems/
Two Poems 	 shAnkara-darshanam/tattvam/en/susan-kahn/two-poems/
Two types of adhyAsa 	 shAnkara-darshanam/tattvam/en/kuntimaddi-sadananda/two-types-of-adhyasa/
Types of Teacher 	 shAnkara-darshanam/tattvam/en/kuntimaddi-sadananda/types-of-teacher/
Types of Thoughts 	 shAnkara-darshanam/tattvam/en/francis-lucille/types-of-thoughts/
U.G. Krishnamurti: The Divine Anarchist 	 shAnkara-darshanam/tattvam/en/mariana-caplan/u-g-krishnamurti-the-divine-anarchist/
UNHEAD MELODIES 	 shAnkara-darshanam/tattvam/articles/satyanArAyaNa-shAstrI/garaNi-rAdhAkRShNaH/english-articles/UNHEAD_MELODIES/
Unmani Liza Hyde 	 shAnkara-darshanam/tattvam/en/unmani-liza-hyde/
V. Subrahmanian 	 shAnkara-darshanam/tattvam/en/v-subrahmanian/
Vach 	 shAnkara-darshanam/tattvam/en/paula-marvelly/vach/
Vanquishing the Mind for Self-Realization 	 shAnkara-darshanam/tattvam/en/kuntimaddi-sadananda/vanquishing-the-mind-for-self-realization/
veda on jIva-brahmaikya 	 shAnkara-darshanam/tattvam/articles/veda_on_jIva-brahmaikya/
vedAnta-paribhAShA anumAna — Sadananda 	 shAnkara-darshanam/tattvam/prakIrNam/dharmarAjAdhvarI_vedAnta-paribhAShA/sadAnandaH/02_anumAna/
vedAnta-paribhAShA Perception — Sadananda 	 shAnkara-darshanam/tattvam/prakIrNam/dharmarAjAdhvarI_vedAnta-paribhAShA/sadAnandaH/01_perception/
VedAnta-sangraha en 	 shAnkara-darshanam/tattvam/bellamkoNDa-rAma-rAyaH/vedAnta-sangraha-en/
Video records 	 shAnkara-darshanam/tattvam/vishvAsaH/errors_fraud/chakkilam-venkaTesh/video-records/
Vidyasankar Sundaresan 	 shAnkara-darshanam/tattvam/en/vidyasankar-sundaresan/
vinAyaka-mAtRkA-proscription 	 articles/vinAyaka-mAtRkA-proscription/
vishAl on bhAruchi 	 articles/vishAl_on_bhAruchi/
vishiShTAdvaita and panentheism 	 articles/vishiShTAdvaita_panentheism/
Waking up 	 shAnkara-darshanam/tattvam/en/scott-kiloby/waking-up/
Wanting to Know the Future 	 shAnkara-darshanam/tattvam/en/gina-lake/wanting-to-know-the-future/
Wayne Liquorman 	 shAnkara-darshanam/tattvam/en/wayne-liquorman/
What are you looking for? 	 shAnkara-darshanam/tattvam/en/tan/what-are-you-looking-for/
What Happens When An Awakened One Dies? 	 shAnkara-darshanam/tattvam/en/tom-stine/what-happens-when-an-awakened-one-dies/
What I Am 	 shAnkara-darshanam/tattvam/en/unmani-liza-hyde/what-i-am/
What Is 	 shAnkara-darshanam/tattvam/en/sailor-bob-adamson/what-is/
What is Neo-Advaita? 	 shAnkara-darshanam/tattvam/en/james-swartz/what-is-neo-advaita/
What is the nature of maya 	 shAnkara-darshanam/tattvam/en/v-krishnamurthy/what-is-the-nature-of-maya/
What Is This ME? 	 shAnkara-darshanam/tattvam/en/monica-alderton/what-is-this-me/
When Tom realizes, why doesn't Dick? 	 shAnkara-darshanam/tattvam/en/kuntimaddi-sadananda/when-tom-realizes-why-doesn-t-dick/
Who am I? 	 shAnkara-darshanam/tattvam/en/madathil-nair/who-am-i/
Who is seeing the world? 	 shAnkara-darshanam/tattvam/en/madathil-nair/who-is-seeing-the-world/
Who Sets the Intention to be Free of Seeking? 	 shAnkara-darshanam/tattvam/en/stephen-wingate/who-sets-the-intention-to-be-free-of/
Why 'Traditional Advaita' is relevant to liberation 	 shAnkara-darshanam/tattvam/en/chittaranjan-naik/why-traditional-advaita-is-relevant-to-liberation/
Why can't I read your thoughts? 	 shAnkara-darshanam/tattvam/en/benjamin-greg-and-dennis/why-can-t-i-read-your-thoughts/
Why is there anything at all? 	 shAnkara-darshanam/tattvam/en/leo-hartong/why-is-there-anything-at-all/
Why Ishvara is essential for mokSha 	 shAnkara-darshanam/tattvam/en/peter-bonnici/why-ishvara-is-essential-for-moksha/
Why should we believe in scriptures? 	 shAnkara-darshanam/tattvam/en/kuntimaddi-sadananda/why-should-we-believe-in-scriptures/
Words and Meaning 	 shAnkara-darshanam/tattvam/en/robin-dale/words-and-meaning/
You are prior to anything that can be witnessed 	 shAnkara-darshanam/tattvam/en/sukhbir-singh/you-are-prior-to-anything-that-can-be/
You are That 	 shAnkara-darshanam/tattvam/en/leonard-jacobson/you-are-that/
Your experience 	 shAnkara-darshanam/tattvam/en/gregory-goode/your-experience/
अक्ष्युपनिषत् 	 upaniShat/120-sangrahaH/akShyupaniShat/
अथर्व-शिर-उपनिषद्-विलासः 	 shAnkara-darshanam/tattvam/rAma-subba-shAstrI/atharva-shira-upaniShad-vilAsaH/
अथर्वशिखोपनिषत् 	 upaniShat/120-sangrahaH/atharva-shikhA-shiraH/
अद्वयतारक 	 upaniShat/120-sangrahaH/advayatAraka/
अद्वैतभावनोपनिषत् 	 upaniShat/120-sangrahaH/advaitabhAvanopaniShat/
अध्यात्मोपनिषत् 	 upaniShat/120-sangrahaH/adhyAtmopaniShat/
अनुक्रमणिका 	 articles/saMskRta-vANmaya-bRhad-itihAsa_10_vedAnta/anukramaNikA/
अन्नपूर्णोपनिषत् 	 upaniShat/120-sangrahaH/annapUrNopaniShat/
अपरोक्षानुभूतिः 	 shAnkara-darshanam/tattvam/prakIrNam/aparoxAnubhUtiH/
अमृइतनादोपनिषत् 	 upaniShat/120-sangrahaH/amRitanAdopaniShat/
अमृइतबिन्दु 	 upaniShat/120-sangrahaH/amRitabindu/
अरविन्दोपनिषत् 	 upaniShat/120-sangrahaH/aravindopaniShat/
अवधूतोपनिषत् 	 upaniShat/120-sangrahaH/avadhUtopaniShat/
अव्यक्तोपनिषत् 	 upaniShat/120-sangrahaH/avyaktopaniShat/
अस्-प्रस्तुतिः 	 shAnkara-darshanam/tattvam/shankaraH/brahma-sUtrANi/vAchaspati-mishra-bhAmatI/as-prastutiH/
आचारः 	 shAnkara-darshanam/tattvam/vishvAsaH/errors_fraud/AchAraH/
आत्मबोधोपनिषत् 	 upaniShat/120-sangrahaH/AtmabodhopaniShat/
आत्मोपनिषत् 	 upaniShat/120-sangrahaH/AtmopaniShat/
आरुणिकोपनिषत् 	 upaniShat/120-sangrahaH/AruNikopaniShat/
आर्यकुमारस्मृतिः 	 Arya-samAjaH/Ishvaradatta-vidyAlankAraH/AryakumArasmRtiH/
आळ्वार-टिप्पन्यः 	 articles/AlvAra-TippanyaH/
आश्रमोपनिषत् 	 upaniShat/120-sangrahaH/AshramopaniShat/
उपायाः 	 shAnkara-darshanam/tattvam/vishvAsaH/upAyAH/
उपोद्घातः 	 shAnkara-darshanam/tattvam/sachchidAnandendraH/mUlAvidyA-nirAsaH/0/upodghAtaH/
उमाशंकर 	 shAnkara-darshanam/tattvam/mAdhava-sarva-darshana-sangrahaH/hi/US/
ऐतरेयोपनिषत् 	 upaniShat/120-sangrahaH/aitareyopaniShat/
कठोपनिषत् 	 upaniShat/120-sangrahaH/kaThopaniShat/
कप्यासः 	 shAnkara-darshanam/tattvam/vishvAsaH/errors_fraud/kapyAsaH/
कस् सगुणम् ब्रह्म 	 shAnkara-darshanam/tattvam/vishvAsaH/misadvertisement/kas_saguNam_brahma/
केनोपनिषत् 	 upaniShat/120-sangrahaH/kenopaniShat/
कौषीतकिब्राह्मणोपनिषत् 	 upaniShat/120-sangrahaH/kauShItakibrAhmaNopaniShat/
गरणि-राधाकृष्णः 	 shAnkara-darshanam/tattvam/articles/satyanArAyaNa-shAstrI/garaNi-rAdhAkRShNaH/
ग्रन्थविभागानुक्रमः 	 shAnkara-darshanam/tattvam/sachchidAnandendraH/mUlAvidyA-nirAsaH/0/granthavibhAgAnukramaH/
ग्रन्थावलिः 	 shAnkara-darshanam/tattvam/sachchidAnandendraH/mUlAvidyA-nirAsaH/0/granthAvaliH/
छान्दोग्योपनिषत् 	 upaniShat/120-sangrahaH/ChAndogyopaniShat/
जीवन्मुक्तिविवेकः (विद्यारण्यप्रणीतः मध्वाचार्यश्च) 	 shAnkara-darshanam/tattvam/mAdhava-vidyAraNyaH/jIvan-mukti-vivekaH/
टीका 	 shAnkara-darshanam/tattvam/appayyaH/madhva-tantra-mukha-mardanam/TIkA/
तत्त्वबोधः 	 shAnkara-darshanam/tattvam/shankaraH/prakaraNa-granthaH/tattvabodhaH/
धर्मराजाध्वरी - वेदान्त-परिभाषा 	 shAnkara-darshanam/tattvam/prakIrNam/dharmarAjAdhvarI_vedAnta-paribhAShA/mUlam/
धर्माध्वरी - वेदान्त-परिभाषा 	 shAnkara-darshanam/tattvam/prakIrNam/dharmarAjAdhvarI_vedAnta-paribhAShA/
पराविरोधः 	 shAnkara-darshanam/tattvam/vishvAsaH/parAvirodhaH/
परिशिष्टम् 	 shAnkara-darshanam/tattvam/sachchidAnandendraH/mUlAvidyA-nirAsaH/0/parishiShTam/
प्रकीर्ण-विषयाः 	 shAnkara-darshanam/tattvam/vishvAsaH/prakIrNa-viShayAH/
प्रच्छन्न-बौद्धता 	 shAnkara-darshanam/tattvam/vishvAsaH/misadvertisement/prachChanna-bauddhatA/
प्रबोधचन्द्रोदयम् 	 shAnkara-darshanam/kAvaym/rUpakam/kRShNamishraH/prabodhachandrodayam/
प्रमाणानि 	 shAnkara-darshanam/tattvam/vishvAsaH/pramANAni/
प्रमेयाः 	 shAnkara-darshanam/tattvam/vishvAsaH/prameyAH/
बह्वृइचोपनिषत् 	 upaniShat/120-sangrahaH/bahvRchopaniShat/
बृइहदारण्यकोपनिषत् (अन्वयसहिता) 	 upaniShat/120-sangrahaH/bRihadAraNyakopaniShat_anvayasahitA/
बृइहदारण्यकोपनिषत् (निस्स्वरः) 	 upaniShat/120-sangrahaH/bRihadAraNyakopaniShat_nissvaraH/
ब्रह्मबिन्दूपनिषत् 	 upaniShat/120-sangrahaH/brahmabindUpaniShat/
ब्रह्मविद्योपनिषत् 	 upaniShat/120-sangrahaH/brahmavidyopaniShat/
ब्रह्मोपनिषत् 	 upaniShat/120-sangrahaH/brahmopaniShat/
भारती-तीर्थः - दृइग्दृइश्यविवेकः, वाक्यसुधा 	 shAnkara-darshanam/tattvam/prakIrNam/bhAratI-tIrthaH_dRigdRishyavivekaH/
भारती-तीर्थ-वय्यासिक-न्याय-माला 	 shAnkara-darshanam/tattvam/bhAratI-tIrtha-vayyAsika-nyAya-mAlA/
मण्डन-मिश्रः - ब्रह्म-सिद्धिः 	 shAnkara-darshanam/tattvam/prakIrNam/maNDana-mishraH_brahma-siddhiH/
मध्वतन्त्रमुखमर्दनम् 	 shAnkara-darshanam/tattvam/appayyaH/madhva-tantra-mukha-mardanam/
माण्डूक्योपनिषत् 	 upaniShat/120-sangrahaH/mANDUkyopaniShat/
माण्डूक्योपनिषत् कारिकासहिता 	 upaniShat/120-sangrahaH/mANDUkyopaniShat_kArikAsahitA/
मिथ्या-वादः 	 shAnkara-darshanam/tattvam/vishvAsaH/mithyA-vAdaH/
मुक्तिः 	 shAnkara-darshanam/tattvam/vishvAsaH/muktiH/
मूलम् 	 aShTAvakra-gItA/mUlam/
मूलम् 	 shAnkara-darshanam/tattvam/shankaraH/brahma-sUtrANi/pancha-pAdikA/mUlam/
मूलम् 	 shAnkara-darshanam/tattvam/shankaraH/brahma-sUtrANi/rAmAnanda-bhAShya-ratna-prabhA/mUlam/
योगवासिष्ठ पर्त् १ तात्पर्यप्रकाश 	 mukta-bodha-mUlam/valmiki/yogavAsiShTha_part_1_with_chommentary_tAtparyaprakAsha__M00335/
योगवासिष्ठ पर्त् २ तात्पर्यप्रकाश 	 mukta-bodha-mUlam/valmiki/yogavAsiShTha_part_2_with_chommentary_tAtparyaprakAsha__M00336/
योगवासिष्ठ पर्त् ३ तात्पर्यप्रकाश 	 mukta-bodha-mUlam/valmiki/yogavAsiShTha_part_3_with_chommentary_tAtparyaprakAsha__M00337/
योगवासिष्ठ पर्त् ४ तात्पर्यप्रकाश 	 mukta-bodha-mUlam/valmiki/yogavAsiShTha_part_4_with_chommentary_tAtparyaprakAsha__M00338/
योगवासिष्ठ पर्त् ५ तात्पर्यप्रकाश 	 mukta-bodha-mUlam/valmiki/yogavAsiShTha_part_5_with_chommentary_tAtparyaprakAsha__M00339/
योगवासिष्ठ पर्त् ६ तात्पर्यप्रकाश 	 mukta-bodha-mUlam/unknown_Anandabodhendra/yogavAsiShTha_part_6_with_chommentary_tAtparyaprakAsha__M00345/
लघुयोगवासिष्ठ वासिष्ठचन्द्रिका 	 mukta-bodha-mUlam/abhinanda_Atmasukha/laghuyogavAsiShTha_with_vAsiShThachandrikA__M00351/
वाचकेषु विज्ञप्तिः 	 shAnkara-darshanam/tattvam/sachchidAnandendraH/mUlAvidyA-nirAsaH/0/vAchakeShu_vijnaptiH/
वादे भावः 	 shAnkara-darshanam/tattvam/vishvAsaH/vAde_bhAvaH/
विवेक-चूडामणिः 	 shAnkara-darshanam/tattvam/shankaraH/prakaraNa-granthaH/viveka-chUDAmaNiH/
विषयानक्रमणिका 	 shAnkara-darshanam/tattvam/sachchidAnandendraH/mUlAvidyA-nirAsaH/0/viShayAnakramaNikA/
विष्णु-द्वेष-कर-महा-शैव-मत-मर्दनम् 	 shAnkara-darshanam/tattvam/rAma-subba-shAstrI/mahA-shaiva-mata-mardanam/
वेदान्त-बाल-बोधिनी 	 shAnkara-darshanam/tattvam/sachchidAnandendraH/vedAnta-bAla-bodhinI/
वेदान्त-सङ्ग्रहः 	 shAnkara-darshanam/tattvam/bellamkoNDa-rAma-rAyaH/vedAnta-sangrahaH/
शङ्कर-कृतयः 	 shAnkara-darshanam/tattvam/shankaraH/meta/shankara-kRtayaH/
शङ्करविजयः 	 shAnkara-darshanam/kAvaym/padyam/shankara-digvijayaH/AnandagiriH/shankaravijayaH/
शत-श्लोकी 	 shAnkara-darshanam/tattvam/shankaraH/prakaraNa-granthaH/shata-shlokI/
शाङ्कराद्वैतम् अन्तरा मताग्रह-हिंसा? 	 shAnkara-darshanam/tattvam/vishvAsaH/misadvertisement/shAnkarAdvaitam_antarA_matAgraha-hiMsA/
शीखगुरुचरितामृतम् 	 nAnaka-mArgaH/paramparA/shrIpAdashAstrI_hasUrakara/shIkhagurucharitAmRtam/
शुक-रहस्योपनिषत् 	 upaniShat/120-sangrahaH/shuka-rahasyopaniShat/
शुद्धि 	 Arya-samAjaH/mahatA_rAmachandra_jI_shAstrI/shuddhi/
शृङ्गेरि-कुडलि-विवादः 	 shAnkara-darshanam/paramparA/maThaH/articles/shRngeri-kuDali-vivAdaH/
श्रीभागवद्भक्तिरसायनम् 	 shAnkara-darshanam/tattvam/madhu-sUdana-sarasvatI/bhAgavadbhaktirasAyanam/
श्रीरमणगीता 	 shAnkara-darshanam/tattvam/ramaNaH/gaNapatimuniH/shrIramaNagItA/
श्रुति-सार-समुद्धरणम् 	 shAnkara-darshanam/tattvam/prakIrNam/toTakaH/shruti-sAra-samuddharaNam/
श्वेताश्वतरोपनिषत् 	 upaniShat/120-sangrahaH/shvetAshvataropaniShat/
सङ्केताक्षराणां विवरणम् 	 shAnkara-darshanam/tattvam/sachchidAnandendraH/mUlAvidyA-nirAsaH/0/sanketAxarANAM_vivaraNam/
सदानन्द-योगी वेदान्त-सारः 	 shAnkara-darshanam/tattvam/prakIrNam/sadAnanda-yogI_vedAnta-sAraH/
सनातनधर्मदीपिका 	 hamsa-yogI/sanAtanadharmadIpikA/
सर्व-प्रस्तुतिः 	 shAnkara-darshanam/tattvam/madhu-sUdana-sarasvatI/prasthAna-bhedaH/sarva-prastutiH/
सर्व-प्रस्तुतिः 	 shAnkara-darshanam/tattvam/shankaraH/brahma-sUtrANi/Ananda-jnANa-nyAya-nirNayaH/sarva-prastutiH/
सर्व-वेदान्त-सिद्धान्त-सार-सङ्ग्रहः 	 shAnkara-darshanam/tattvam/shankaraH/prakaraNa-granthaH/sarva-vedAnta-siddhAnta-sAra-sangrahaH/
सारः 	 shAnkara-darshanam/kAvaym/padyam/shankara-digvijayaH/mAdhavIyaH/sAraH/
सिद्धान्त-बिन्दुः 	 shAnkara-darshanam/tattvam/madhu-sUdana-sarasvatI/siddhAnta-binduH/
सिद्धान्तलेशसंग्रहटीका 	 mukta-bodha-mUlam/unknown/siddhAntaleshasaMgrahaTIkA__M00578/
सिद्धान्तलेशसङ्ग्रहः 	 shAnkara-darshanam/tattvam/appayyaH/siddhAnta-lesha-sangrahaH/
सुगमा (अध्यासभाष्यव्याख्या) 	 shAnkara-darshanam/tattvam/shankaraH/brahma-sUtrANi/sachchidAnandendraH/sugamA_adhyAsa-bhAShya-vyAkhyA/
हंससन्देशः 	 shAnkara-darshanam/kAvaym/padyam/haMsasandeshaH/
हस्तामलकीय-भाष्यम् 	 shAnkara-darshanam/tattvam/shankaraH/prakaraNa-granthaH/hastAmalakIya-bhAShyam/
हिन्दी 	 shAnkara-darshanam/tattvam/madhu-sUdana-sarasvatI/prasthAna-bhedaH/hindI/
ಉಪದೇಶ ಸಾರ 	 shAnkara-darshanam/tattvam/articles/satyanArAyaNa-shAstrI/garaNi-rAdhAkRShNaH/ramaNa/upadEsha_sAra/
ಪೀಠಿಕೆ 	 shAnkara-darshanam/tattvam/shankaraH/brahma-sUtrANi/sachchidAnandendraH/v1/0/pIThike/
ಪ್ರಕಾಶಕರ ಮೊದಲಮಾತು 	 shAnkara-darshanam/tattvam/shankaraH/brahma-sUtrANi/sachchidAnandendraH/v1/0/prakAshakara_modalamAtu/
ಭಾಷ್ಯಕಾರರ ಅವತರಣಿಕೆ 	 shAnkara-darshanam/tattvam/shankaraH/brahma-sUtrANi/sachchidAnandendraH/v1/0/bhAShyakArara_avataraNike/
ಸಂಕೇತಗಳ ವಿವರ 	 shAnkara-darshanam/tattvam/shankaraH/brahma-sUtrANi/sachchidAnandendraH/v1/0/saMkEtagaLa_vivara/
ಸತ್ ದರ್ಶನ 	 shAnkara-darshanam/tattvam/articles/satyanArAyaNa-shAstrI/garaNi-rAdhAkRShNaH/ramaNa/sat_darshana/
🥽🔦 	 search/
